Intel(R) oneAPI DPC++/C++ Compiler 2026.1.1 (2026.1.1.20260724)
Target: x86_64-unknown-linux-gnu
Thread model: posix
InstalledDir: /opt/intel/oneapi/compiler/2026.1/bin/compiler
Configuration file: /opt/intel/oneapi/compiler/2026.1/bin/compiler/../icpx.cfg
-- Warning: ccache not found - consider installing it for faster compilation or disable this warning with GGML_CCACHE=OFF
-- CMAKE_SYSTEM_PROCESSOR: x86_64
-- GGML_SYSTEM_ARCH: x86
-- Including CPU backend
-- x86 detected
-- Adding CPU backend variant ggml-cpu: -march=native 
-- ggml version: 0.24.0
-- ggml commit:  3cf03257f
-- Configuring done (0.1s)
-- Generating done (0.0s)
-- Build files have been written to: /data/strata-lab/JR-Strata-SYCL-v0139-FastFix/build-fastfix
ninja: warning: premature end of file; recovering
[1/17] Building CXX object CMakeFiles/strata_engine.dir/src/core/gguf_expert_source.cpp.o
In file included from /data/strata-lab/JR-Strata-SYCL-v0139-FastFix/sycl/src/core/gguf_expert_source.cpp:2:
In file included from /data/strata-lab/JR-Strata-SYCL-v0139-FastFix/sycl/include/strata/core/gguf_expert_source.hpp:15:
/data/strata-lab/JR-Strata-SYCL-v0139-FastFix/sycl/../include/strata/core/expert_source.hpp:672:13: warning: 'reads' overrides a member function but is not marked 'override' [-Winconsistent-missing-override]
  672 |     int64_t reads() const { return reads_; }
      |             ^
/data/strata-lab/JR-Strata-SYCL-v0139-FastFix/sycl/../include/strata/core/expert_source.hpp:130:21: note: overridden virtual function is here
  130 |     virtual int64_t reads() const { return 0; }
      |                     ^
In file included from /data/strata-lab/JR-Strata-SYCL-v0139-FastFix/sycl/src/core/gguf_expert_source.cpp:8:
In file included from /data/strata-lab/JR-Strata-SYCL-v0139-FastFix/sycl/include/dpct/dpct.hpp:53:
In file included from /data/strata-lab/JR-Strata-SYCL-v0139-FastFix/sycl/include/dpct/image.hpp:14:
In file included from /data/strata-lab/JR-Strata-SYCL-v0139-FastFix/sycl/include/dpct/memory.hpp:112:
/data/strata-lab/JR-Strata-SYCL-v0139-FastFix/sycl/include/dpct/detail/memory_detail.hpp:343:30: warning: unused parameter 'direction' [-Wunused-parameter]
  343 |             memcpy_direction direction,
      |                              ^
/data/strata-lab/JR-Strata-SYCL-v0139-FastFix/sycl/include/dpct/detail/memory_detail.hpp:901:29: warning: unused parameter 'cgh' [-Wunused-parameter]
  901 |   get_access(sycl::handler &cgh) {
      |                             ^
In file included from /data/strata-lab/JR-Strata-SYCL-v0139-FastFix/sycl/src/core/gguf_expert_source.cpp:8:
In file included from /data/strata-lab/JR-Strata-SYCL-v0139-FastFix/sycl/include/dpct/dpct.hpp:53:
In file included from /data/strata-lab/JR-Strata-SYCL-v0139-FastFix/sycl/include/dpct/image.hpp:14:
/data/strata-lab/JR-Strata-SYCL-v0139-FastFix/sycl/include/dpct/memory.hpp:816:23: warning: comparison of integers of different signs: 'int' and 'unsigned int' [-Wsign-compare]
  816 |     for (int i = 0; i < numAttributes; i++) {
      |                     ~ ^ ~~~~~~~~~~~~~
In file included from /data/strata-lab/JR-Strata-SYCL-v0139-FastFix/sycl/src/core/gguf_expert_source.cpp:8:
In file included from /data/strata-lab/JR-Strata-SYCL-v0139-FastFix/sycl/include/dpct/dpct.hpp:53:
In file included from /data/strata-lab/JR-Strata-SYCL-v0139-FastFix/sycl/include/dpct/image.hpp:15:
/data/strata-lab/JR-Strata-SYCL-v0139-FastFix/sycl/include/dpct/util.hpp:466:38: warning: unused parameter 'member_mask' [-Wunused-parameter]
  466 | T select_from_sub_group(unsigned int member_mask,
      |                                      ^
/data/strata-lab/JR-Strata-SYCL-v0139-FastFix/sycl/include/dpct/util.hpp:507:37: warning: unused parameter 'member_mask' [-Wunused-parameter]
  507 | T shift_sub_group_left(unsigned int member_mask,
      |                                     ^
/data/strata-lab/JR-Strata-SYCL-v0139-FastFix/sycl/include/dpct/util.hpp:551:38: warning: unused parameter 'member_mask' [-Wunused-parameter]
  551 | T shift_sub_group_right(unsigned int member_mask,
      |                                      ^
/data/strata-lab/JR-Strata-SYCL-v0139-FastFix/sycl/include/dpct/util.hpp:671:41: warning: unused parameter 'member_mask' [-Wunused-parameter]
  671 | T permute_sub_group_by_xor(unsigned int member_mask,
      |                                         ^
/data/strata-lab/JR-Strata-SYCL-v0139-FastFix/sycl/include/dpct/util.hpp:680:47: warning: comparison of integers of different signs: 'unsigned int' and 'int' [-Wsign-compare]
  680 |   unsigned logical_remote_id = (target_offset < logical_sub_group_size) ? start_index + target_offset : id;
      |                                 ~~~~~~~~~~~~~ ^ ~~~~~~~~~~~~~~~~~~~~~~
/data/strata-lab/JR-Strata-SYCL-v0139-FastFix/sycl/include/dpct/util.hpp:959:15: warning: comparison of integers of different signs: 'int' and 'size_t' (aka 'unsigned long') [-Wsign-compare]
  959 |   if (wg_size > max_wg_size) {
      |       ~~~~~~~ ^ ~~~~~~~~~~~
/data/strata-lab/JR-Strata-SYCL-v0139-FastFix/sycl/include/dpct/util.hpp:1021:35: warning: comparison of integers of different signs: 'int' and 'size_t' (aka 'unsigned long') [-Wsign-compare]
 1021 |       max_ws_size_for_device_code >= max_wg_size)
      |       ~~~~~~~~~~~~~~~~~~~~~~~~~~~ ^  ~~~~~~~~~~~
/data/strata-lab/JR-Strata-SYCL-v0139-FastFix/sycl/include/dpct/util.hpp:1291:17: warning: '&' within '|' [-Wbitwise-op-parentheses]
 1291 |     result = (a & b | c) ^ a;
      |               ~~^~~ ~
/data/strata-lab/JR-Strata-SYCL-v0139-FastFix/sycl/include/dpct/util.hpp:1291:17: note: place parentheses around the '&' expression to silence this warning
 1291 |     result = (a & b | c) ^ a;
      |                 ^
      |               (    )
/data/strata-lab/JR-Strata-SYCL-v0139-FastFix/sycl/include/dpct/util.hpp:1315:16: warning: '&' within '|' [-Wbitwise-op-parentheses]
 1315 |     result = a & (b | c) | (b & c);
      |              ~~^~~~~~~~~ ~
/data/strata-lab/JR-Strata-SYCL-v0139-FastFix/sycl/include/dpct/util.hpp:1315:16: note: place parentheses around the '&' expression to silence this warning
 1315 |     result = a & (b | c) | (b & c);
      |                ^
      |              (          )
/data/strata-lab/JR-Strata-SYCL-v0139-FastFix/sycl/include/dpct/util.hpp:1318:16: warning: '&' within '|' [-Wbitwise-op-parentheses]
 1318 |     result = a & b | c;
      |              ~~^~~ ~
/data/strata-lab/JR-Strata-SYCL-v0139-FastFix/sycl/include/dpct/util.hpp:1318:16: note: place parentheses around the '&' expression to silence this warning
 1318 |     result = a & b | c;
      |                ^
      |              (    )
In file included from /data/strata-lab/JR-Strata-SYCL-v0139-FastFix/sycl/src/core/gguf_expert_source.cpp:8:
In file included from /data/strata-lab/JR-Strata-SYCL-v0139-FastFix/sycl/include/dpct/dpct.hpp:54:
/data/strata-lab/JR-Strata-SYCL-v0139-FastFix/sycl/include/dpct/kernel.hpp:50:57: warning: unused parameter 'function' [-Wunused-parameter]
   50 |                                             const void *function) {
      |                                                         ^
/data/strata-lab/JR-Strata-SYCL-v0139-FastFix/sycl/include/dpct/kernel.hpp:57:38: warning: unused parameter 'function' [-Wunused-parameter]
   57 | get_kernel_function_info(const void *function) {
      |                                      ^
In file included from /data/strata-lab/JR-Strata-SYCL-v0139-FastFix/sycl/src/core/gguf_expert_source.cpp:8:
In file included from /data/strata-lab/JR-Strata-SYCL-v0139-FastFix/sycl/include/dpct/dpct.hpp:59:
/data/strata-lab/JR-Strata-SYCL-v0139-FastFix/sycl/include/dpct/bindless_images.hpp:629:35: warning: unused parameter 'q' [-Wunused-parameter]
  629 |   void unmap_resource(sycl::queue q) {
      |                                   ^
/data/strata-lab/JR-Strata-SYCL-v0139-FastFix/sycl/include/dpct/bindless_images.hpp:656:9: warning: field '_res_external_mem' will be initialized after field '_res_reg_flags' [-Wreorder-ctor]
  656 |       : _res_external_mem(external_mem), _res_reg_flags(reg_flags) {}
      |         ^~~~~~~~~~~~~~~~~~~~~~~~~~~~~~~  ~~~~~~~~~~~~~~~~~~~~~~~~~
      |         _res_reg_flags(reg_flags)        _res_external_mem(external_mem)
/data/strata-lab/JR-Strata-SYCL-v0139-FastFix/sycl/include/dpct/bindless_images.hpp:1163:24: warning: comparison of integers of different signs: 'size_t' (aka 'unsigned long') and 'int' [-Wsign-compare]
 1163 |   for (size_t i = 0; i < count; ++i) {
      |                      ~ ^ ~~~~~
/data/strata-lab/JR-Strata-SYCL-v0139-FastFix/sycl/include/dpct/bindless_images.hpp:1350:21: warning: comparison of integers of different signs: 'int' and 'unsigned int' [-Wsign-compare]
 1350 |   for (int i = 0; i < numExtSems; i++) {
      |                   ~ ^ ~~~~~~~~~~
/data/strata-lab/JR-Strata-SYCL-v0139-FastFix/sycl/include/dpct/bindless_images.hpp:1393:21: warning: comparison of integers of different signs: 'int' and 'unsigned int' [-Wsign-compare]
 1393 |   for (int i = 0; i < numExtSems; i++) {
      |                   ~ ^ ~~~~~~~~~~
/data/strata-lab/JR-Strata-SYCL-v0139-FastFix/sycl/include/dpct/bindless_images.hpp:1686:60: warning: unused parameter 'channel' [-Wunused-parameter]
 1686 |   void attach(image_mem_wrapper *mem, const image_channel &channel,
      |                                                            ^
In file included from /data/strata-lab/JR-Strata-SYCL-v0139-FastFix/sycl/src/core/gguf_expert_source.cpp:8:
In file included from /data/strata-lab/JR-Strata-SYCL-v0139-FastFix/sycl/include/dpct/dpct.hpp:52:
/data/strata-lab/JR-Strata-SYCL-v0139-FastFix/sycl/include/dpct/device.hpp:95:13: warning: unused function 'destroy_event' [-Wunused-function]
   95 | static void destroy_event(event_ptr event) {
      |             ^~~~~~~~~~~~~
In file included from /data/strata-lab/JR-Strata-SYCL-v0139-FastFix/sycl/src/core/gguf_expert_source.cpp:8:
In file included from /data/strata-lab/JR-Strata-SYCL-v0139-FastFix/sycl/include/dpct/dpct.hpp:53:
In file included from /data/strata-lab/JR-Strata-SYCL-v0139-FastFix/sycl/include/dpct/image.hpp:14:
/data/strata-lab/JR-Strata-SYCL-v0139-FastFix/sycl/include/dpct/memory.hpp:165:17: warning: 'static' function 'get_buffer' declared in header file should be declared 'static inline' [-Wunneeded-internal-declaration]
  165 | static buffer_t get_buffer(const void *ptr) {
      |                 ^~~~~~~~~~
/data/strata-lab/JR-Strata-SYCL-v0139-FastFix/sycl/include/dpct/memory.hpp:141:36: warning: 'static' function 'get_buffer_and_offset' declared in header file should be declared 'static inline' [-Wunneeded-internal-declaration]
  141 | static std::pair<buffer_t, size_t> get_buffer_and_offset(const void *ptr) {
      |                                    ^~~~~~~~~~~~~~~~~~~~~
/data/strata-lab/JR-Strata-SYCL-v0139-FastFix/sycl/include/dpct/memory.hpp:304:13: warning: unused function 'dpct_memcpy' [-Wunused-function]
  304 | static void dpct_memcpy(void *to_ptr, const void *from_ptr, size_t size,
      |             ^~~~~~~~~~~
/data/strata-lab/JR-Strata-SYCL-v0139-FastFix/sycl/include/dpct/memory.hpp:322:13: warning: unused function 'dpct_memcpy' [-Wunused-function]
  322 | static void dpct_memcpy(void *to_ptr, int to_dev_id, const void *from_ptr,
      |             ^~~~~~~~~~~
/data/strata-lab/JR-Strata-SYCL-v0139-FastFix/sycl/include/dpct/memory.hpp:340:13: warning: unused function 'async_dpct_memcpy' [-Wunused-function]
  340 | static void async_dpct_memcpy(void *to_ptr, const void *from_ptr, size_t size,
      |             ^~~~~~~~~~~~~~~~~
/data/strata-lab/JR-Strata-SYCL-v0139-FastFix/sycl/include/dpct/memory.hpp:358:13: warning: unused function 'async_dpct_memcpy' [-Wunused-function]
  358 | static void async_dpct_memcpy(void *to_ptr, int to_dev_id, const void *from_ptr,
      |             ^~~~~~~~~~~~~~~~~
/data/strata-lab/JR-Strata-SYCL-v0139-FastFix/sycl/include/dpct/memory.hpp:494:13: warning: unused function 'dpct_memset' [-Wunused-function]
  494 | static void dpct_memset(void *dev_ptr, int value, size_t size,
      |             ^~~~~~~~~~~
/data/strata-lab/JR-Strata-SYCL-v0139-FastFix/sycl/include/dpct/memory.hpp:507:13: warning: unused function 'dpct_memset_d16' [-Wunused-function]
  507 | static void dpct_memset_d16(void *dev_ptr, unsigned short value, size_t size,
      |             ^~~~~~~~~~~~~~~
/data/strata-lab/JR-Strata-SYCL-v0139-FastFix/sycl/include/dpct/memory.hpp:519:13: warning: unused function 'dpct_memset_d32' [-Wunused-function]
  519 | static void dpct_memset_d32(void *dev_ptr, unsigned int value, size_t size,
      |             ^~~~~~~~~~~~~~~
/data/strata-lab/JR-Strata-SYCL-v0139-FastFix/sycl/include/dpct/memory.hpp:532:13: warning: unused function 'async_dpct_memset' [-Wunused-function]
  532 | static void async_dpct_memset(void *dev_ptr, int value, size_t size,
      |             ^~~~~~~~~~~~~~~~~
/data/strata-lab/JR-Strata-SYCL-v0139-FastFix/sycl/include/dpct/memory.hpp:544:13: warning: unused function 'async_dpct_memset_d16' [-Wunused-function]
  544 | static void async_dpct_memset_d16(void *dev_ptr, unsigned short value, size_t size,
      |             ^~~~~~~~~~~~~~~~~~~~~
/data/strata-lab/JR-Strata-SYCL-v0139-FastFix/sycl/include/dpct/memory.hpp:556:13: warning: unused function 'async_dpct_memset_d32' [-Wunused-function]
  556 | static void async_dpct_memset_d32(void *dev_ptr, unsigned int value, size_t size,
      |             ^~~~~~~~~~~~~~~~~~~~~
In file included from /data/strata-lab/JR-Strata-SYCL-v0139-FastFix/sycl/src/core/gguf_expert_source.cpp:8:
In file included from /data/strata-lab/JR-Strata-SYCL-v0139-FastFix/sycl/include/dpct/dpct.hpp:60:
/data/strata-lab/JR-Strata-SYCL-v0139-FastFix/sycl/include/dpct/graph.hpp:136:1: warning: unused function 'add_empty_node' [-Wunused-function]
  136 | add_empty_node(dpct::experimental::node_ptr *newNode,
      | ^~~~~~~~~~~~~~
/data/strata-lab/JR-Strata-SYCL-v0139-FastFix/sycl/include/dpct/graph.hpp:162:13: warning: unused function 'add_dependencies' [-Wunused-function]
  162 | static void add_dependencies(dpct::experimental::command_graph_ptr graph,
      |             ^~~~~~~~~~~~~~~~
/data/strata-lab/JR-Strata-SYCL-v0139-FastFix/sycl/include/dpct/graph.hpp:176:13: warning: unused function 'get_nodes' [-Wunused-function]
  176 | static void get_nodes(dpct::experimental::command_graph_ptr graph,
      |             ^~~~~~~~~
/data/strata-lab/JR-Strata-SYCL-v0139-FastFix/sycl/include/dpct/graph.hpp:187:13: warning: unused function 'get_root_nodes' [-Wunused-function]
  187 | static void get_root_nodes(dpct::experimental::command_graph_ptr graph,
      |             ^~~~~~~~~~~~~~
39 warnings generated.
In file included from /data/strata-lab/JR-Strata-SYCL-v0139-FastFix/sycl/src/core/gguf_expert_source.cpp:2:
In file included from /data/strata-lab/JR-Strata-SYCL-v0139-FastFix/sycl/include/strata/core/gguf_expert_source.hpp:15:
/data/strata-lab/JR-Strata-SYCL-v0139-FastFix/sycl/../include/strata/core/expert_source.hpp:672:13: warning: 'reads' overrides a member function but is not marked 'override' [-Winconsistent-missing-override]
  672 |     int64_t reads() const { return reads_; }
      |             ^
/data/strata-lab/JR-Strata-SYCL-v0139-FastFix/sycl/../include/strata/core/expert_source.hpp:130:21: note: overridden virtual function is here
  130 |     virtual int64_t reads() const { return 0; }
      |                     ^
In file included from /data/strata-lab/JR-Strata-SYCL-v0139-FastFix/sycl/src/core/gguf_expert_source.cpp:8:
In file included from /data/strata-lab/JR-Strata-SYCL-v0139-FastFix/sycl/include/dpct/dpct.hpp:53:
In file included from /data/strata-lab/JR-Strata-SYCL-v0139-FastFix/sycl/include/dpct/image.hpp:14:
In file included from /data/strata-lab/JR-Strata-SYCL-v0139-FastFix/sycl/include/dpct/memory.hpp:112:
/data/strata-lab/JR-Strata-SYCL-v0139-FastFix/sycl/include/dpct/detail/memory_detail.hpp:343:30: warning: unused parameter 'direction' [-Wunused-parameter]
  343 |             memcpy_direction direction,
      |                              ^
/data/strata-lab/JR-Strata-SYCL-v0139-FastFix/sycl/include/dpct/detail/memory_detail.hpp:901:29: warning: unused parameter 'cgh' [-Wunused-parameter]
  901 |   get_access(sycl::handler &cgh) {
      |                             ^
In file included from /data/strata-lab/JR-Strata-SYCL-v0139-FastFix/sycl/src/core/gguf_expert_source.cpp:8:
In file included from /data/strata-lab/JR-Strata-SYCL-v0139-FastFix/sycl/include/dpct/dpct.hpp:53:
In file included from /data/strata-lab/JR-Strata-SYCL-v0139-FastFix/sycl/include/dpct/image.hpp:14:
/data/strata-lab/JR-Strata-SYCL-v0139-FastFix/sycl/include/dpct/memory.hpp:816:23: warning: comparison of integers of different signs: 'int' and 'unsigned int' [-Wsign-compare]
  816 |     for (int i = 0; i < numAttributes; i++) {
      |                     ~ ^ ~~~~~~~~~~~~~
In file included from /data/strata-lab/JR-Strata-SYCL-v0139-FastFix/sycl/src/core/gguf_expert_source.cpp:8:
In file included from /data/strata-lab/JR-Strata-SYCL-v0139-FastFix/sycl/include/dpct/dpct.hpp:53:
In file included from /data/strata-lab/JR-Strata-SYCL-v0139-FastFix/sycl/include/dpct/image.hpp:15:
/data/strata-lab/JR-Strata-SYCL-v0139-FastFix/sycl/include/dpct/util.hpp:959:15: warning: comparison of integers of different signs: 'int' and 'size_t' (aka 'unsigned long') [-Wsign-compare]
  959 |   if (wg_size > max_wg_size) {
      |       ~~~~~~~ ^ ~~~~~~~~~~~
/data/strata-lab/JR-Strata-SYCL-v0139-FastFix/sycl/include/dpct/util.hpp:1021:35: warning: comparison of integers of different signs: 'int' and 'size_t' (aka 'unsigned long') [-Wsign-compare]
 1021 |       max_ws_size_for_device_code >= max_wg_size)
      |       ~~~~~~~~~~~~~~~~~~~~~~~~~~~ ^  ~~~~~~~~~~~
/data/strata-lab/JR-Strata-SYCL-v0139-FastFix/sycl/include/dpct/util.hpp:1291:17: warning: '&' within '|' [-Wbitwise-op-parentheses]
 1291 |     result = (a & b | c) ^ a;
      |               ~~^~~ ~
/data/strata-lab/JR-Strata-SYCL-v0139-FastFix/sycl/include/dpct/util.hpp:1291:17: note: place parentheses around the '&' expression to silence this warning
 1291 |     result = (a & b | c) ^ a;
      |                 ^
      |               (    )
/data/strata-lab/JR-Strata-SYCL-v0139-FastFix/sycl/include/dpct/util.hpp:1315:16: warning: '&' within '|' [-Wbitwise-op-parentheses]
 1315 |     result = a & (b | c) | (b & c);
      |              ~~^~~~~~~~~ ~
/data/strata-lab/JR-Strata-SYCL-v0139-FastFix/sycl/include/dpct/util.hpp:1315:16: note: place parentheses around the '&' expression to silence this warning
 1315 |     result = a & (b | c) | (b & c);
      |                ^
      |              (          )
/data/strata-lab/JR-Strata-SYCL-v0139-FastFix/sycl/include/dpct/util.hpp:1318:16: warning: '&' within '|' [-Wbitwise-op-parentheses]
 1318 |     result = a & b | c;
      |              ~~^~~ ~
/data/strata-lab/JR-Strata-SYCL-v0139-FastFix/sycl/include/dpct/util.hpp:1318:16: note: place parentheses around the '&' expression to silence this warning
 1318 |     result = a & b | c;
      |                ^
      |              (    )
In file included from /data/strata-lab/JR-Strata-SYCL-v0139-FastFix/sycl/src/core/gguf_expert_source.cpp:8:
In file included from /data/strata-lab/JR-Strata-SYCL-v0139-FastFix/sycl/include/dpct/dpct.hpp:54:
/data/strata-lab/JR-Strata-SYCL-v0139-FastFix/sycl/include/dpct/kernel.hpp:50:57: warning: unused parameter 'function' [-Wunused-parameter]
   50 |                                             const void *function) {
      |                                                         ^
/data/strata-lab/JR-Strata-SYCL-v0139-FastFix/sycl/include/dpct/kernel.hpp:57:38: warning: unused parameter 'function' [-Wunused-parameter]
   57 | get_kernel_function_info(const void *function) {
      |                                      ^
In file included from /data/strata-lab/JR-Strata-SYCL-v0139-FastFix/sycl/src/core/gguf_expert_source.cpp:8:
In file included from /data/strata-lab/JR-Strata-SYCL-v0139-FastFix/sycl/include/dpct/dpct.hpp:59:
/data/strata-lab/JR-Strata-SYCL-v0139-FastFix/sycl/include/dpct/bindless_images.hpp:629:35: warning: unused parameter 'q' [-Wunused-parameter]
  629 |   void unmap_resource(sycl::queue q) {
      |                                   ^
/data/strata-lab/JR-Strata-SYCL-v0139-FastFix/sycl/include/dpct/bindless_images.hpp:656:9: warning: field '_res_external_mem' will be initialized after field '_res_reg_flags' [-Wreorder-ctor]
  656 |       : _res_external_mem(external_mem), _res_reg_flags(reg_flags) {}
      |         ^~~~~~~~~~~~~~~~~~~~~~~~~~~~~~~  ~~~~~~~~~~~~~~~~~~~~~~~~~
      |         _res_reg_flags(reg_flags)        _res_external_mem(external_mem)
/data/strata-lab/JR-Strata-SYCL-v0139-FastFix/sycl/include/dpct/bindless_images.hpp:1163:24: warning: comparison of integers of different signs: 'size_t' (aka 'unsigned long') and 'int' [-Wsign-compare]
 1163 |   for (size_t i = 0; i < count; ++i) {
      |                      ~ ^ ~~~~~
/data/strata-lab/JR-Strata-SYCL-v0139-FastFix/sycl/include/dpct/bindless_images.hpp:1350:21: warning: comparison of integers of different signs: 'int' and 'unsigned int' [-Wsign-compare]
 1350 |   for (int i = 0; i < numExtSems; i++) {
      |                   ~ ^ ~~~~~~~~~~
/data/strata-lab/JR-Strata-SYCL-v0139-FastFix/sycl/include/dpct/bindless_images.hpp:1393:21: warning: comparison of integers of different signs: 'int' and 'unsigned int' [-Wsign-compare]
 1393 |   for (int i = 0; i < numExtSems; i++) {
      |                   ~ ^ ~~~~~~~~~~
/data/strata-lab/JR-Strata-SYCL-v0139-FastFix/sycl/include/dpct/bindless_images.hpp:1686:60: warning: unused parameter 'channel' [-Wunused-parameter]
 1686 |   void attach(image_mem_wrapper *mem, const image_channel &channel,
      |                                                            ^
In file included from /data/strata-lab/JR-Strata-SYCL-v0139-FastFix/sycl/src/core/gguf_expert_source.cpp:8:
In file included from /data/strata-lab/JR-Strata-SYCL-v0139-FastFix/sycl/include/dpct/dpct.hpp:52:
/data/strata-lab/JR-Strata-SYCL-v0139-FastFix/sycl/include/dpct/device.hpp:95:13: warning: unused function 'destroy_event' [-Wunused-function]
   95 | static void destroy_event(event_ptr event) {
      |             ^~~~~~~~~~~~~
In file included from /data/strata-lab/JR-Strata-SYCL-v0139-FastFix/sycl/src/core/gguf_expert_source.cpp:8:
In file included from /data/strata-lab/JR-Strata-SYCL-v0139-FastFix/sycl/include/dpct/dpct.hpp:53:
In file included from /data/strata-lab/JR-Strata-SYCL-v0139-FastFix/sycl/include/dpct/image.hpp:14:
/data/strata-lab/JR-Strata-SYCL-v0139-FastFix/sycl/include/dpct/memory.hpp:165:17: warning: 'static' function 'get_buffer' declared in header file should be declared 'static inline' [-Wunneeded-internal-declaration]
  165 | static buffer_t get_buffer(const void *ptr) {
      |                 ^~~~~~~~~~
/data/strata-lab/JR-Strata-SYCL-v0139-FastFix/sycl/include/dpct/memory.hpp:141:36: warning: 'static' function 'get_buffer_and_offset' declared in header file should be declared 'static inline' [-Wunneeded-internal-declaration]
  141 | static std::pair<buffer_t, size_t> get_buffer_and_offset(const void *ptr) {
      |                                    ^~~~~~~~~~~~~~~~~~~~~
/data/strata-lab/JR-Strata-SYCL-v0139-FastFix/sycl/include/dpct/memory.hpp:304:13: warning: unused function 'dpct_memcpy' [-Wunused-function]
  304 | static void dpct_memcpy(void *to_ptr, const void *from_ptr, size_t size,
      |             ^~~~~~~~~~~
/data/strata-lab/JR-Strata-SYCL-v0139-FastFix/sycl/include/dpct/memory.hpp:322:13: warning: unused function 'dpct_memcpy' [-Wunused-function]
  322 | static void dpct_memcpy(void *to_ptr, int to_dev_id, const void *from_ptr,
      |             ^~~~~~~~~~~
/data/strata-lab/JR-Strata-SYCL-v0139-FastFix/sycl/include/dpct/memory.hpp:340:13: warning: unused function 'async_dpct_memcpy' [-Wunused-function]
  340 | static void async_dpct_memcpy(void *to_ptr, const void *from_ptr, size_t size,
      |             ^~~~~~~~~~~~~~~~~
/data/strata-lab/JR-Strata-SYCL-v0139-FastFix/sycl/include/dpct/memory.hpp:358:13: warning: unused function 'async_dpct_memcpy' [-Wunused-function]
  358 | static void async_dpct_memcpy(void *to_ptr, int to_dev_id, const void *from_ptr,
      |             ^~~~~~~~~~~~~~~~~
/data/strata-lab/JR-Strata-SYCL-v0139-FastFix/sycl/include/dpct/memory.hpp:494:13: warning: unused function 'dpct_memset' [-Wunused-function]
  494 | static void dpct_memset(void *dev_ptr, int value, size_t size,
      |             ^~~~~~~~~~~
/data/strata-lab/JR-Strata-SYCL-v0139-FastFix/sycl/include/dpct/memory.hpp:507:13: warning: unused function 'dpct_memset_d16' [-Wunused-function]
  507 | static void dpct_memset_d16(void *dev_ptr, unsigned short value, size_t size,
      |             ^~~~~~~~~~~~~~~
/data/strata-lab/JR-Strata-SYCL-v0139-FastFix/sycl/include/dpct/memory.hpp:519:13: warning: unused function 'dpct_memset_d32' [-Wunused-function]
  519 | static void dpct_memset_d32(void *dev_ptr, unsigned int value, size_t size,
      |             ^~~~~~~~~~~~~~~
/data/strata-lab/JR-Strata-SYCL-v0139-FastFix/sycl/include/dpct/memory.hpp:532:13: warning: unused function 'async_dpct_memset' [-Wunused-function]
  532 | static void async_dpct_memset(void *dev_ptr, int value, size_t size,
      |             ^~~~~~~~~~~~~~~~~
/data/strata-lab/JR-Strata-SYCL-v0139-FastFix/sycl/include/dpct/memory.hpp:544:13: warning: unused function 'async_dpct_memset_d16' [-Wunused-function]
  544 | static void async_dpct_memset_d16(void *dev_ptr, unsigned short value, size_t size,
      |             ^~~~~~~~~~~~~~~~~~~~~
/data/strata-lab/JR-Strata-SYCL-v0139-FastFix/sycl/include/dpct/memory.hpp:556:13: warning: unused function 'async_dpct_memset_d32' [-Wunused-function]
  556 | static void async_dpct_memset_d32(void *dev_ptr, unsigned int value, size_t size,
      |             ^~~~~~~~~~~~~~~~~~~~~
In file included from /data/strata-lab/JR-Strata-SYCL-v0139-FastFix/sycl/src/core/gguf_expert_source.cpp:8:
In file included from /data/strata-lab/JR-Strata-SYCL-v0139-FastFix/sycl/include/dpct/dpct.hpp:60:
/data/strata-lab/JR-Strata-SYCL-v0139-FastFix/sycl/include/dpct/graph.hpp:136:1: warning: unused function 'add_empty_node' [-Wunused-function]
  136 | add_empty_node(dpct::experimental::node_ptr *newNode,
      | ^~~~~~~~~~~~~~
/data/strata-lab/JR-Strata-SYCL-v0139-FastFix/sycl/include/dpct/graph.hpp:162:13: warning: unused function 'add_dependencies' [-Wunused-function]
  162 | static void add_dependencies(dpct::experimental::command_graph_ptr graph,
      |             ^~~~~~~~~~~~~~~~
/data/strata-lab/JR-Strata-SYCL-v0139-FastFix/sycl/include/dpct/graph.hpp:176:13: warning: unused function 'get_nodes' [-Wunused-function]
  176 | static void get_nodes(dpct::experimental::command_graph_ptr graph,
      |             ^~~~~~~~~
/data/strata-lab/JR-Strata-SYCL-v0139-FastFix/sycl/include/dpct/graph.hpp:187:13: warning: unused function 'get_root_nodes' [-Wunused-function]
  187 | static void get_root_nodes(dpct::experimental::command_graph_ptr graph,
      |             ^~~~~~~~~~~~~~
34 warnings generated.
[2/17] Linking CXX static library libstrata_engine.a
[3/17] Building CXX object CMakeFiles/strata_prefill.dir/src/prefill/prefill.cpp.o
In file included from /data/strata-lab/JR-Strata-SYCL-v0139-FastFix/sycl/src/prefill/prefill.cpp:4:
In file included from /data/strata-lab/JR-Strata-SYCL-v0139-FastFix/sycl/include/dpct/dpct.hpp:53:
In file included from /data/strata-lab/JR-Strata-SYCL-v0139-FastFix/sycl/include/dpct/image.hpp:14:
In file included from /data/strata-lab/JR-Strata-SYCL-v0139-FastFix/sycl/include/dpct/memory.hpp:112:
/data/strata-lab/JR-Strata-SYCL-v0139-FastFix/sycl/include/dpct/detail/memory_detail.hpp:343:30: warning: unused parameter 'direction' [-Wunused-parameter]
  343 |             memcpy_direction direction,
      |                              ^
/data/strata-lab/JR-Strata-SYCL-v0139-FastFix/sycl/include/dpct/detail/memory_detail.hpp:901:29: warning: unused parameter 'cgh' [-Wunused-parameter]
  901 |   get_access(sycl::handler &cgh) {
      |                             ^
In file included from /data/strata-lab/JR-Strata-SYCL-v0139-FastFix/sycl/src/prefill/prefill.cpp:4:
In file included from /data/strata-lab/JR-Strata-SYCL-v0139-FastFix/sycl/include/dpct/dpct.hpp:53:
In file included from /data/strata-lab/JR-Strata-SYCL-v0139-FastFix/sycl/include/dpct/image.hpp:14:
/data/strata-lab/JR-Strata-SYCL-v0139-FastFix/sycl/include/dpct/memory.hpp:816:23: warning: comparison of integers of different signs: 'int' and 'unsigned int' [-Wsign-compare]
  816 |     for (int i = 0; i < numAttributes; i++) {
      |                     ~ ^ ~~~~~~~~~~~~~
In file included from /data/strata-lab/JR-Strata-SYCL-v0139-FastFix/sycl/src/prefill/prefill.cpp:4:
In file included from /data/strata-lab/JR-Strata-SYCL-v0139-FastFix/sycl/include/dpct/dpct.hpp:53:
In file included from /data/strata-lab/JR-Strata-SYCL-v0139-FastFix/sycl/include/dpct/image.hpp:15:
/data/strata-lab/JR-Strata-SYCL-v0139-FastFix/sycl/include/dpct/util.hpp:466:38: warning: unused parameter 'member_mask' [-Wunused-parameter]
  466 | T select_from_sub_group(unsigned int member_mask,
      |                                      ^
/data/strata-lab/JR-Strata-SYCL-v0139-FastFix/sycl/include/dpct/util.hpp:507:37: warning: unused parameter 'member_mask' [-Wunused-parameter]
  507 | T shift_sub_group_left(unsigned int member_mask,
      |                                     ^
/data/strata-lab/JR-Strata-SYCL-v0139-FastFix/sycl/include/dpct/util.hpp:551:38: warning: unused parameter 'member_mask' [-Wunused-parameter]
  551 | T shift_sub_group_right(unsigned int member_mask,
      |                                      ^
/data/strata-lab/JR-Strata-SYCL-v0139-FastFix/sycl/include/dpct/util.hpp:671:41: warning: unused parameter 'member_mask' [-Wunused-parameter]
  671 | T permute_sub_group_by_xor(unsigned int member_mask,
      |                                         ^
/data/strata-lab/JR-Strata-SYCL-v0139-FastFix/sycl/include/dpct/util.hpp:680:47: warning: comparison of integers of different signs: 'unsigned int' and 'int' [-Wsign-compare]
  680 |   unsigned logical_remote_id = (target_offset < logical_sub_group_size) ? start_index + target_offset : id;
      |                                 ~~~~~~~~~~~~~ ^ ~~~~~~~~~~~~~~~~~~~~~~
/data/strata-lab/JR-Strata-SYCL-v0139-FastFix/sycl/include/dpct/util.hpp:959:15: warning: comparison of integers of different signs: 'int' and 'size_t' (aka 'unsigned long') [-Wsign-compare]
  959 |   if (wg_size > max_wg_size) {
      |       ~~~~~~~ ^ ~~~~~~~~~~~
/data/strata-lab/JR-Strata-SYCL-v0139-FastFix/sycl/include/dpct/util.hpp:1021:35: warning: comparison of integers of different signs: 'int' and 'size_t' (aka 'unsigned long') [-Wsign-compare]
 1021 |       max_ws_size_for_device_code >= max_wg_size)
      |       ~~~~~~~~~~~~~~~~~~~~~~~~~~~ ^  ~~~~~~~~~~~
/data/strata-lab/JR-Strata-SYCL-v0139-FastFix/sycl/include/dpct/util.hpp:1291:17: warning: '&' within '|' [-Wbitwise-op-parentheses]
 1291 |     result = (a & b | c) ^ a;
      |               ~~^~~ ~
/data/strata-lab/JR-Strata-SYCL-v0139-FastFix/sycl/include/dpct/util.hpp:1291:17: note: place parentheses around the '&' expression to silence this warning
 1291 |     result = (a & b | c) ^ a;
      |                 ^
      |               (    )
/data/strata-lab/JR-Strata-SYCL-v0139-FastFix/sycl/include/dpct/util.hpp:1315:16: warning: '&' within '|' [-Wbitwise-op-parentheses]
 1315 |     result = a & (b | c) | (b & c);
      |              ~~^~~~~~~~~ ~
/data/strata-lab/JR-Strata-SYCL-v0139-FastFix/sycl/include/dpct/util.hpp:1315:16: note: place parentheses around the '&' expression to silence this warning
 1315 |     result = a & (b | c) | (b & c);
      |                ^
      |              (          )
/data/strata-lab/JR-Strata-SYCL-v0139-FastFix/sycl/include/dpct/util.hpp:1318:16: warning: '&' within '|' [-Wbitwise-op-parentheses]
 1318 |     result = a & b | c;
      |              ~~^~~ ~
/data/strata-lab/JR-Strata-SYCL-v0139-FastFix/sycl/include/dpct/util.hpp:1318:16: note: place parentheses around the '&' expression to silence this warning
 1318 |     result = a & b | c;
      |                ^
      |              (    )
In file included from /data/strata-lab/JR-Strata-SYCL-v0139-FastFix/sycl/src/prefill/prefill.cpp:4:
In file included from /data/strata-lab/JR-Strata-SYCL-v0139-FastFix/sycl/include/dpct/dpct.hpp:54:
/data/strata-lab/JR-Strata-SYCL-v0139-FastFix/sycl/include/dpct/kernel.hpp:50:57: warning: unused parameter 'function' [-Wunused-parameter]
   50 |                                             const void *function) {
      |                                                         ^
/data/strata-lab/JR-Strata-SYCL-v0139-FastFix/sycl/include/dpct/kernel.hpp:57:38: warning: unused parameter 'function' [-Wunused-parameter]
   57 | get_kernel_function_info(const void *function) {
      |                                      ^
In file included from /data/strata-lab/JR-Strata-SYCL-v0139-FastFix/sycl/src/prefill/prefill.cpp:4:
In file included from /data/strata-lab/JR-Strata-SYCL-v0139-FastFix/sycl/include/dpct/dpct.hpp:59:
/data/strata-lab/JR-Strata-SYCL-v0139-FastFix/sycl/include/dpct/bindless_images.hpp:629:35: warning: unused parameter 'q' [-Wunused-parameter]
  629 |   void unmap_resource(sycl::queue q) {
      |                                   ^
/data/strata-lab/JR-Strata-SYCL-v0139-FastFix/sycl/include/dpct/bindless_images.hpp:656:9: warning: field '_res_external_mem' will be initialized after field '_res_reg_flags' [-Wreorder-ctor]
  656 |       : _res_external_mem(external_mem), _res_reg_flags(reg_flags) {}
      |         ^~~~~~~~~~~~~~~~~~~~~~~~~~~~~~~  ~~~~~~~~~~~~~~~~~~~~~~~~~
      |         _res_reg_flags(reg_flags)        _res_external_mem(external_mem)
/data/strata-lab/JR-Strata-SYCL-v0139-FastFix/sycl/include/dpct/bindless_images.hpp:1163:24: warning: comparison of integers of different signs: 'size_t' (aka 'unsigned long') and 'int' [-Wsign-compare]
 1163 |   for (size_t i = 0; i < count; ++i) {
      |                      ~ ^ ~~~~~
/data/strata-lab/JR-Strata-SYCL-v0139-FastFix/sycl/include/dpct/bindless_images.hpp:1350:21: warning: comparison of integers of different signs: 'int' and 'unsigned int' [-Wsign-compare]
 1350 |   for (int i = 0; i < numExtSems; i++) {
      |                   ~ ^ ~~~~~~~~~~
/data/strata-lab/JR-Strata-SYCL-v0139-FastFix/sycl/include/dpct/bindless_images.hpp:1393:21: warning: comparison of integers of different signs: 'int' and 'unsigned int' [-Wsign-compare]
 1393 |   for (int i = 0; i < numExtSems; i++) {
      |                   ~ ^ ~~~~~~~~~~
/data/strata-lab/JR-Strata-SYCL-v0139-FastFix/sycl/include/dpct/bindless_images.hpp:1686:60: warning: unused parameter 'channel' [-Wunused-parameter]
 1686 |   void attach(image_mem_wrapper *mem, const image_channel &channel,
      |                                                            ^
In file included from /data/strata-lab/JR-Strata-SYCL-v0139-FastFix/sycl/src/prefill/prefill.cpp:6:
In file included from /data/strata-lab/JR-Strata-SYCL-v0139-FastFix/sycl/../include/strata/prefill/prefill.hpp:14:
/data/strata-lab/JR-Strata-SYCL-v0139-FastFix/sycl/../include/strata/core/expert_source.hpp:672:13: warning: 'reads' overrides a member function but is not marked 'override' [-Winconsistent-missing-override]
  672 |     int64_t reads() const { return reads_; }
      |             ^
/data/strata-lab/JR-Strata-SYCL-v0139-FastFix/sycl/../include/strata/core/expert_source.hpp:130:21: note: overridden virtual function is here
  130 |     virtual int64_t reads() const { return 0; }
      |                     ^
/data/strata-lab/JR-Strata-SYCL-v0139-FastFix/sycl/src/prefill/prefill.cpp:1664:41: warning: lambda capture 'n' is not used [-Wunused-lambda-capture]
 1664 |     auto ple_gather = [&m, &ss, tokens, n, prev0, &chunk_len](int64_t c0, int buf, std::string& e) -> bool {
      |                                       ~~^
/data/strata-lab/JR-Strata-SYCL-v0139-FastFix/sycl/src/prefill/prefill.cpp:1628:12: warning: unused variable 'grp_wait_ms' [-Wunused-variable]
 1628 |     double grp_wait_ms = 0, grp_cpu_ms = 0;   // the per-layer grouping: the drain wait, the host's loops
      |            ^~~~~~~~~~~
/data/strata-lab/JR-Strata-SYCL-v0139-FastFix/sycl/src/prefill/prefill.cpp:1628:29: warning: unused variable 'grp_cpu_ms' [-Wunused-variable]
 1628 |     double grp_wait_ms = 0, grp_cpu_ms = 0;   // the per-layer grouping: the drain wait, the host's loops
      |                             ^~~~~~~~~~
In file included from /data/strata-lab/JR-Strata-SYCL-v0139-FastFix/sycl/src/prefill/prefill.cpp:4:
In file included from /data/strata-lab/JR-Strata-SYCL-v0139-FastFix/sycl/include/dpct/dpct.hpp:53:
In file included from /data/strata-lab/JR-Strata-SYCL-v0139-FastFix/sycl/include/dpct/image.hpp:14:
/data/strata-lab/JR-Strata-SYCL-v0139-FastFix/sycl/include/dpct/memory.hpp:165:17: warning: 'static' function 'get_buffer' declared in header file should be declared 'static inline' [-Wunneeded-internal-declaration]
  165 | static buffer_t get_buffer(const void *ptr) {
      |                 ^~~~~~~~~~
/data/strata-lab/JR-Strata-SYCL-v0139-FastFix/sycl/include/dpct/memory.hpp:141:36: warning: 'static' function 'get_buffer_and_offset' declared in header file should be declared 'static inline' [-Wunneeded-internal-declaration]
  141 | static std::pair<buffer_t, size_t> get_buffer_and_offset(const void *ptr) {
      |                                    ^~~~~~~~~~~~~~~~~~~~~
/data/strata-lab/JR-Strata-SYCL-v0139-FastFix/sycl/include/dpct/memory.hpp:304:13: warning: unused function 'dpct_memcpy' [-Wunused-function]
  304 | static void dpct_memcpy(void *to_ptr, const void *from_ptr, size_t size,
      |             ^~~~~~~~~~~
/data/strata-lab/JR-Strata-SYCL-v0139-FastFix/sycl/include/dpct/memory.hpp:322:13: warning: unused function 'dpct_memcpy' [-Wunused-function]
  322 | static void dpct_memcpy(void *to_ptr, int to_dev_id, const void *from_ptr,
      |             ^~~~~~~~~~~
/data/strata-lab/JR-Strata-SYCL-v0139-FastFix/sycl/include/dpct/memory.hpp:340:13: warning: unused function 'async_dpct_memcpy' [-Wunused-function]
  340 | static void async_dpct_memcpy(void *to_ptr, const void *from_ptr, size_t size,
      |             ^~~~~~~~~~~~~~~~~
/data/strata-lab/JR-Strata-SYCL-v0139-FastFix/sycl/include/dpct/memory.hpp:494:13: warning: unused function 'dpct_memset' [-Wunused-function]
  494 | static void dpct_memset(void *dev_ptr, int value, size_t size,
      |             ^~~~~~~~~~~
/data/strata-lab/JR-Strata-SYCL-v0139-FastFix/sycl/include/dpct/memory.hpp:507:13: warning: unused function 'dpct_memset_d16' [-Wunused-function]
  507 | static void dpct_memset_d16(void *dev_ptr, unsigned short value, size_t size,
      |             ^~~~~~~~~~~~~~~
/data/strata-lab/JR-Strata-SYCL-v0139-FastFix/sycl/include/dpct/memory.hpp:519:13: warning: unused function 'dpct_memset_d32' [-Wunused-function]
  519 | static void dpct_memset_d32(void *dev_ptr, unsigned int value, size_t size,
      |             ^~~~~~~~~~~~~~~
/data/strata-lab/JR-Strata-SYCL-v0139-FastFix/sycl/include/dpct/memory.hpp:532:13: warning: unused function 'async_dpct_memset' [-Wunused-function]
  532 | static void async_dpct_memset(void *dev_ptr, int value, size_t size,
      |             ^~~~~~~~~~~~~~~~~
/data/strata-lab/JR-Strata-SYCL-v0139-FastFix/sycl/include/dpct/memory.hpp:544:13: warning: unused function 'async_dpct_memset_d16' [-Wunused-function]
  544 | static void async_dpct_memset_d16(void *dev_ptr, unsigned short value, size_t size,
      |             ^~~~~~~~~~~~~~~~~~~~~
/data/strata-lab/JR-Strata-SYCL-v0139-FastFix/sycl/include/dpct/memory.hpp:556:13: warning: unused function 'async_dpct_memset_d32' [-Wunused-function]
  556 | static void async_dpct_memset_d32(void *dev_ptr, unsigned int value, size_t size,
      |             ^~~~~~~~~~~~~~~~~~~~~
In file included from /data/strata-lab/JR-Strata-SYCL-v0139-FastFix/sycl/src/prefill/prefill.cpp:4:
In file included from /data/strata-lab/JR-Strata-SYCL-v0139-FastFix/sycl/include/dpct/dpct.hpp:60:
/data/strata-lab/JR-Strata-SYCL-v0139-FastFix/sycl/include/dpct/graph.hpp:136:1: warning: unused function 'add_empty_node' [-Wunused-function]
  136 | add_empty_node(dpct::experimental::node_ptr *newNode,
      | ^~~~~~~~~~~~~~
/data/strata-lab/JR-Strata-SYCL-v0139-FastFix/sycl/include/dpct/graph.hpp:162:13: warning: unused function 'add_dependencies' [-Wunused-function]
  162 | static void add_dependencies(dpct::experimental::command_graph_ptr graph,
      |             ^~~~~~~~~~~~~~~~
/data/strata-lab/JR-Strata-SYCL-v0139-FastFix/sycl/include/dpct/graph.hpp:176:13: warning: unused function 'get_nodes' [-Wunused-function]
  176 | static void get_nodes(dpct::experimental::command_graph_ptr graph,
      |             ^~~~~~~~~
/data/strata-lab/JR-Strata-SYCL-v0139-FastFix/sycl/include/dpct/graph.hpp:187:13: warning: unused function 'get_root_nodes' [-Wunused-function]
  187 | static void get_root_nodes(dpct::experimental::command_graph_ptr graph,
      |             ^~~~~~~~~~~~~~
In file included from /data/strata-lab/JR-Strata-SYCL-v0139-FastFix/sycl/src/prefill/prefill.cpp:33:
/data/strata-lab/JR-Strata-SYCL-v0139-FastFix/sycl/../include/strata/prefill/moe_mmq.hpp:60:11: warning: private field 'ctx_' is not used [-Wunused-private-field]
   60 |     void* ctx_ = nullptr;
      |           ^
41 warnings generated.
In file included from /data/strata-lab/JR-Strata-SYCL-v0139-FastFix/sycl/src/prefill/prefill.cpp:4:
In file included from /data/strata-lab/JR-Strata-SYCL-v0139-FastFix/sycl/include/dpct/dpct.hpp:53:
In file included from /data/strata-lab/JR-Strata-SYCL-v0139-FastFix/sycl/include/dpct/image.hpp:14:
In file included from /data/strata-lab/JR-Strata-SYCL-v0139-FastFix/sycl/include/dpct/memory.hpp:112:
/data/strata-lab/JR-Strata-SYCL-v0139-FastFix/sycl/include/dpct/detail/memory_detail.hpp:343:30: warning: unused parameter 'direction' [-Wunused-parameter]
  343 |             memcpy_direction direction,
      |                              ^
/data/strata-lab/JR-Strata-SYCL-v0139-FastFix/sycl/include/dpct/detail/memory_detail.hpp:901:29: warning: unused parameter 'cgh' [-Wunused-parameter]
  901 |   get_access(sycl::handler &cgh) {
      |                             ^
In file included from /data/strata-lab/JR-Strata-SYCL-v0139-FastFix/sycl/src/prefill/prefill.cpp:4:
In file included from /data/strata-lab/JR-Strata-SYCL-v0139-FastFix/sycl/include/dpct/dpct.hpp:53:
In file included from /data/strata-lab/JR-Strata-SYCL-v0139-FastFix/sycl/include/dpct/image.hpp:14:
/data/strata-lab/JR-Strata-SYCL-v0139-FastFix/sycl/include/dpct/memory.hpp:816:23: warning: comparison of integers of different signs: 'int' and 'unsigned int' [-Wsign-compare]
  816 |     for (int i = 0; i < numAttributes; i++) {
      |                     ~ ^ ~~~~~~~~~~~~~
In file included from /data/strata-lab/JR-Strata-SYCL-v0139-FastFix/sycl/src/prefill/prefill.cpp:4:
In file included from /data/strata-lab/JR-Strata-SYCL-v0139-FastFix/sycl/include/dpct/dpct.hpp:53:
In file included from /data/strata-lab/JR-Strata-SYCL-v0139-FastFix/sycl/include/dpct/image.hpp:15:
/data/strata-lab/JR-Strata-SYCL-v0139-FastFix/sycl/include/dpct/util.hpp:959:15: warning: comparison of integers of different signs: 'int' and 'size_t' (aka 'unsigned long') [-Wsign-compare]
  959 |   if (wg_size > max_wg_size) {
      |       ~~~~~~~ ^ ~~~~~~~~~~~
/data/strata-lab/JR-Strata-SYCL-v0139-FastFix/sycl/include/dpct/util.hpp:1021:35: warning: comparison of integers of different signs: 'int' and 'size_t' (aka 'unsigned long') [-Wsign-compare]
 1021 |       max_ws_size_for_device_code >= max_wg_size)
      |       ~~~~~~~~~~~~~~~~~~~~~~~~~~~ ^  ~~~~~~~~~~~
/data/strata-lab/JR-Strata-SYCL-v0139-FastFix/sycl/include/dpct/util.hpp:1291:17: warning: '&' within '|' [-Wbitwise-op-parentheses]
 1291 |     result = (a & b | c) ^ a;
      |               ~~^~~ ~
/data/strata-lab/JR-Strata-SYCL-v0139-FastFix/sycl/include/dpct/util.hpp:1291:17: note: place parentheses around the '&' expression to silence this warning
 1291 |     result = (a & b | c) ^ a;
      |                 ^
      |               (    )
/data/strata-lab/JR-Strata-SYCL-v0139-FastFix/sycl/include/dpct/util.hpp:1315:16: warning: '&' within '|' [-Wbitwise-op-parentheses]
 1315 |     result = a & (b | c) | (b & c);
      |              ~~^~~~~~~~~ ~
/data/strata-lab/JR-Strata-SYCL-v0139-FastFix/sycl/include/dpct/util.hpp:1315:16: note: place parentheses around the '&' expression to silence this warning
 1315 |     result = a & (b | c) | (b & c);
      |                ^
      |              (          )
/data/strata-lab/JR-Strata-SYCL-v0139-FastFix/sycl/include/dpct/util.hpp:1318:16: warning: '&' within '|' [-Wbitwise-op-parentheses]
 1318 |     result = a & b | c;
      |              ~~^~~ ~
/data/strata-lab/JR-Strata-SYCL-v0139-FastFix/sycl/include/dpct/util.hpp:1318:16: note: place parentheses around the '&' expression to silence this warning
 1318 |     result = a & b | c;
      |                ^
      |              (    )
In file included from /data/strata-lab/JR-Strata-SYCL-v0139-FastFix/sycl/src/prefill/prefill.cpp:4:
In file included from /data/strata-lab/JR-Strata-SYCL-v0139-FastFix/sycl/include/dpct/dpct.hpp:54:
/data/strata-lab/JR-Strata-SYCL-v0139-FastFix/sycl/include/dpct/kernel.hpp:50:57: warning: unused parameter 'function' [-Wunused-parameter]
   50 |                                             const void *function) {
      |                                                         ^
/data/strata-lab/JR-Strata-SYCL-v0139-FastFix/sycl/include/dpct/kernel.hpp:57:38: warning: unused parameter 'function' [-Wunused-parameter]
   57 | get_kernel_function_info(const void *function) {
      |                                      ^
In file included from /data/strata-lab/JR-Strata-SYCL-v0139-FastFix/sycl/src/prefill/prefill.cpp:4:
In file included from /data/strata-lab/JR-Strata-SYCL-v0139-FastFix/sycl/include/dpct/dpct.hpp:59:
/data/strata-lab/JR-Strata-SYCL-v0139-FastFix/sycl/include/dpct/bindless_images.hpp:629:35: warning: unused parameter 'q' [-Wunused-parameter]
  629 |   void unmap_resource(sycl::queue q) {
      |                                   ^
/data/strata-lab/JR-Strata-SYCL-v0139-FastFix/sycl/include/dpct/bindless_images.hpp:656:9: warning: field '_res_external_mem' will be initialized after field '_res_reg_flags' [-Wreorder-ctor]
  656 |       : _res_external_mem(external_mem), _res_reg_flags(reg_flags) {}
      |         ^~~~~~~~~~~~~~~~~~~~~~~~~~~~~~~  ~~~~~~~~~~~~~~~~~~~~~~~~~
      |         _res_reg_flags(reg_flags)        _res_external_mem(external_mem)
/data/strata-lab/JR-Strata-SYCL-v0139-FastFix/sycl/include/dpct/bindless_images.hpp:1163:24: warning: comparison of integers of different signs: 'size_t' (aka 'unsigned long') and 'int' [-Wsign-compare]
 1163 |   for (size_t i = 0; i < count; ++i) {
      |                      ~ ^ ~~~~~
/data/strata-lab/JR-Strata-SYCL-v0139-FastFix/sycl/include/dpct/bindless_images.hpp:1350:21: warning: comparison of integers of different signs: 'int' and 'unsigned int' [-Wsign-compare]
 1350 |   for (int i = 0; i < numExtSems; i++) {
      |                   ~ ^ ~~~~~~~~~~
/data/strata-lab/JR-Strata-SYCL-v0139-FastFix/sycl/include/dpct/bindless_images.hpp:1393:21: warning: comparison of integers of different signs: 'int' and 'unsigned int' [-Wsign-compare]
 1393 |   for (int i = 0; i < numExtSems; i++) {
      |                   ~ ^ ~~~~~~~~~~
/data/strata-lab/JR-Strata-SYCL-v0139-FastFix/sycl/include/dpct/bindless_images.hpp:1686:60: warning: unused parameter 'channel' [-Wunused-parameter]
 1686 |   void attach(image_mem_wrapper *mem, const image_channel &channel,
      |                                                            ^
In file included from /data/strata-lab/JR-Strata-SYCL-v0139-FastFix/sycl/src/prefill/prefill.cpp:6:
In file included from /data/strata-lab/JR-Strata-SYCL-v0139-FastFix/sycl/../include/strata/prefill/prefill.hpp:14:
/data/strata-lab/JR-Strata-SYCL-v0139-FastFix/sycl/../include/strata/core/expert_source.hpp:672:13: warning: 'reads' overrides a member function but is not marked 'override' [-Winconsistent-missing-override]
  672 |     int64_t reads() const { return reads_; }
      |             ^
/data/strata-lab/JR-Strata-SYCL-v0139-FastFix/sycl/../include/strata/core/expert_source.hpp:130:21: note: overridden virtual function is here
  130 |     virtual int64_t reads() const { return 0; }
      |                     ^
/data/strata-lab/JR-Strata-SYCL-v0139-FastFix/sycl/src/prefill/prefill.cpp:1664:41: warning: lambda capture 'n' is not used [-Wunused-lambda-capture]
 1664 |     auto ple_gather = [&m, &ss, tokens, n, prev0, &chunk_len](int64_t c0, int buf, std::string& e) -> bool {
      |                                       ~~^
/data/strata-lab/JR-Strata-SYCL-v0139-FastFix/sycl/src/prefill/prefill.cpp:1628:12: warning: unused variable 'grp_wait_ms' [-Wunused-variable]
 1628 |     double grp_wait_ms = 0, grp_cpu_ms = 0;   // the per-layer grouping: the drain wait, the host's loops
      |            ^~~~~~~~~~~
/data/strata-lab/JR-Strata-SYCL-v0139-FastFix/sycl/src/prefill/prefill.cpp:1628:29: warning: unused variable 'grp_cpu_ms' [-Wunused-variable]
 1628 |     double grp_wait_ms = 0, grp_cpu_ms = 0;   // the per-layer grouping: the drain wait, the host's loops
      |                             ^~~~~~~~~~
In file included from /data/strata-lab/JR-Strata-SYCL-v0139-FastFix/sycl/src/prefill/prefill.cpp:4:
In file included from /data/strata-lab/JR-Strata-SYCL-v0139-FastFix/sycl/include/dpct/dpct.hpp:53:
In file included from /data/strata-lab/JR-Strata-SYCL-v0139-FastFix/sycl/include/dpct/image.hpp:14:
/data/strata-lab/JR-Strata-SYCL-v0139-FastFix/sycl/include/dpct/memory.hpp:165:17: warning: 'static' function 'get_buffer' declared in header file should be declared 'static inline' [-Wunneeded-internal-declaration]
  165 | static buffer_t get_buffer(const void *ptr) {
      |                 ^~~~~~~~~~
/data/strata-lab/JR-Strata-SYCL-v0139-FastFix/sycl/include/dpct/memory.hpp:141:36: warning: 'static' function 'get_buffer_and_offset' declared in header file should be declared 'static inline' [-Wunneeded-internal-declaration]
  141 | static std::pair<buffer_t, size_t> get_buffer_and_offset(const void *ptr) {
      |                                    ^~~~~~~~~~~~~~~~~~~~~
/data/strata-lab/JR-Strata-SYCL-v0139-FastFix/sycl/include/dpct/memory.hpp:304:13: warning: unused function 'dpct_memcpy' [-Wunused-function]
  304 | static void dpct_memcpy(void *to_ptr, const void *from_ptr, size_t size,
      |             ^~~~~~~~~~~
/data/strata-lab/JR-Strata-SYCL-v0139-FastFix/sycl/include/dpct/memory.hpp:322:13: warning: unused function 'dpct_memcpy' [-Wunused-function]
  322 | static void dpct_memcpy(void *to_ptr, int to_dev_id, const void *from_ptr,
      |             ^~~~~~~~~~~
/data/strata-lab/JR-Strata-SYCL-v0139-FastFix/sycl/include/dpct/memory.hpp:340:13: warning: unused function 'async_dpct_memcpy' [-Wunused-function]
  340 | static void async_dpct_memcpy(void *to_ptr, const void *from_ptr, size_t size,
      |             ^~~~~~~~~~~~~~~~~
/data/strata-lab/JR-Strata-SYCL-v0139-FastFix/sycl/include/dpct/memory.hpp:494:13: warning: unused function 'dpct_memset' [-Wunused-function]
  494 | static void dpct_memset(void *dev_ptr, int value, size_t size,
      |             ^~~~~~~~~~~
/data/strata-lab/JR-Strata-SYCL-v0139-FastFix/sycl/include/dpct/memory.hpp:507:13: warning: unused function 'dpct_memset_d16' [-Wunused-function]
  507 | static void dpct_memset_d16(void *dev_ptr, unsigned short value, size_t size,
      |             ^~~~~~~~~~~~~~~
/data/strata-lab/JR-Strata-SYCL-v0139-FastFix/sycl/include/dpct/memory.hpp:519:13: warning: unused function 'dpct_memset_d32' [-Wunused-function]
  519 | static void dpct_memset_d32(void *dev_ptr, unsigned int value, size_t size,
      |             ^~~~~~~~~~~~~~~
/data/strata-lab/JR-Strata-SYCL-v0139-FastFix/sycl/include/dpct/memory.hpp:532:13: warning: unused function 'async_dpct_memset' [-Wunused-function]
  532 | static void async_dpct_memset(void *dev_ptr, int value, size_t size,
      |             ^~~~~~~~~~~~~~~~~
/data/strata-lab/JR-Strata-SYCL-v0139-FastFix/sycl/include/dpct/memory.hpp:544:13: warning: unused function 'async_dpct_memset_d16' [-Wunused-function]
  544 | static void async_dpct_memset_d16(void *dev_ptr, unsigned short value, size_t size,
      |             ^~~~~~~~~~~~~~~~~~~~~
/data/strata-lab/JR-Strata-SYCL-v0139-FastFix/sycl/include/dpct/memory.hpp:556:13: warning: unused function 'async_dpct_memset_d32' [-Wunused-function]
  556 | static void async_dpct_memset_d32(void *dev_ptr, unsigned int value, size_t size,
      |             ^~~~~~~~~~~~~~~~~~~~~
In file included from /data/strata-lab/JR-Strata-SYCL-v0139-FastFix/sycl/src/prefill/prefill.cpp:4:
In file included from /data/strata-lab/JR-Strata-SYCL-v0139-FastFix/sycl/include/dpct/dpct.hpp:60:
/data/strata-lab/JR-Strata-SYCL-v0139-FastFix/sycl/include/dpct/graph.hpp:136:1: warning: unused function 'add_empty_node' [-Wunused-function]
  136 | add_empty_node(dpct::experimental::node_ptr *newNode,
      | ^~~~~~~~~~~~~~
/data/strata-lab/JR-Strata-SYCL-v0139-FastFix/sycl/include/dpct/graph.hpp:162:13: warning: unused function 'add_dependencies' [-Wunused-function]
  162 | static void add_dependencies(dpct::experimental::command_graph_ptr graph,
      |             ^~~~~~~~~~~~~~~~
/data/strata-lab/JR-Strata-SYCL-v0139-FastFix/sycl/include/dpct/graph.hpp:176:13: warning: unused function 'get_nodes' [-Wunused-function]
  176 | static void get_nodes(dpct::experimental::command_graph_ptr graph,
      |             ^~~~~~~~~
/data/strata-lab/JR-Strata-SYCL-v0139-FastFix/sycl/include/dpct/graph.hpp:187:13: warning: unused function 'get_root_nodes' [-Wunused-function]
  187 | static void get_root_nodes(dpct::experimental::command_graph_ptr graph,
      |             ^~~~~~~~~~~~~~
In file included from /data/strata-lab/JR-Strata-SYCL-v0139-FastFix/sycl/src/prefill/prefill.cpp:33:
/data/strata-lab/JR-Strata-SYCL-v0139-FastFix/sycl/../include/strata/prefill/moe_mmq.hpp:60:11: warning: private field 'ctx_' is not used [-Wunused-private-field]
   60 |     void* ctx_ = nullptr;
      |           ^
36 warnings generated.
[4/17] Linking CXX static library libstrata_prefill.a
[5/17] Building CXX object CMakeFiles/fastfix_adaptive_mirror.dir/data/strata-lab/JR-Strata-SYCL-v0139-FastFix/tools/fastfix/adaptive_mirror_gpu.cpp.o
In file included from /data/strata-lab/JR-Strata-SYCL-v0139-FastFix/tools/fastfix/adaptive_mirror_gpu.cpp:2:
In file included from /data/strata-lab/JR-Strata-SYCL-v0139-FastFix/sycl/include/strata/core/gguf_expert_source.hpp:15:
/data/strata-lab/JR-Strata-SYCL-v0139-FastFix/sycl/../include/strata/core/expert_source.hpp:672:13: warning: 'reads' overrides a member function but is not marked 'override' [-Winconsistent-missing-override]
  672 |     int64_t reads() const { return reads_; }
      |             ^
/data/strata-lab/JR-Strata-SYCL-v0139-FastFix/sycl/../include/strata/core/expert_source.hpp:130:21: note: overridden virtual function is here
  130 |     virtual int64_t reads() const { return 0; }
      |                     ^
In file included from /data/strata-lab/JR-Strata-SYCL-v0139-FastFix/tools/fastfix/adaptive_mirror_gpu.cpp:9:
In file included from /data/strata-lab/JR-Strata-SYCL-v0139-FastFix/sycl/include/strata/sycl_failed_work.hpp:3:
In file included from /data/strata-lab/JR-Strata-SYCL-v0139-FastFix/sycl/include/dpct/dpct.hpp:53:
In file included from /data/strata-lab/JR-Strata-SYCL-v0139-FastFix/sycl/include/dpct/image.hpp:14:
In file included from /data/strata-lab/JR-Strata-SYCL-v0139-FastFix/sycl/include/dpct/memory.hpp:112:
/data/strata-lab/JR-Strata-SYCL-v0139-FastFix/sycl/include/dpct/detail/memory_detail.hpp:343:30: warning: unused parameter 'direction' [-Wunused-parameter]
  343 |             memcpy_direction direction,
      |                              ^
/data/strata-lab/JR-Strata-SYCL-v0139-FastFix/sycl/include/dpct/detail/memory_detail.hpp:901:29: warning: unused parameter 'cgh' [-Wunused-parameter]
  901 |   get_access(sycl::handler &cgh) {
      |                             ^
In file included from /data/strata-lab/JR-Strata-SYCL-v0139-FastFix/tools/fastfix/adaptive_mirror_gpu.cpp:9:
In file included from /data/strata-lab/JR-Strata-SYCL-v0139-FastFix/sycl/include/strata/sycl_failed_work.hpp:3:
In file included from /data/strata-lab/JR-Strata-SYCL-v0139-FastFix/sycl/include/dpct/dpct.hpp:53:
In file included from /data/strata-lab/JR-Strata-SYCL-v0139-FastFix/sycl/include/dpct/image.hpp:14:
/data/strata-lab/JR-Strata-SYCL-v0139-FastFix/sycl/include/dpct/memory.hpp:816:23: warning: comparison of integers of different signs: 'int' and 'unsigned int' [-Wsign-compare]
  816 |     for (int i = 0; i < numAttributes; i++) {
      |                     ~ ^ ~~~~~~~~~~~~~
In file included from /data/strata-lab/JR-Strata-SYCL-v0139-FastFix/tools/fastfix/adaptive_mirror_gpu.cpp:9:
In file included from /data/strata-lab/JR-Strata-SYCL-v0139-FastFix/sycl/include/strata/sycl_failed_work.hpp:3:
In file included from /data/strata-lab/JR-Strata-SYCL-v0139-FastFix/sycl/include/dpct/dpct.hpp:53:
In file included from /data/strata-lab/JR-Strata-SYCL-v0139-FastFix/sycl/include/dpct/image.hpp:15:
/data/strata-lab/JR-Strata-SYCL-v0139-FastFix/sycl/include/dpct/util.hpp:466:38: warning: unused parameter 'member_mask' [-Wunused-parameter]
  466 | T select_from_sub_group(unsigned int member_mask,
      |                                      ^
/data/strata-lab/JR-Strata-SYCL-v0139-FastFix/sycl/include/dpct/util.hpp:507:37: warning: unused parameter 'member_mask' [-Wunused-parameter]
  507 | T shift_sub_group_left(unsigned int member_mask,
      |                                     ^
/data/strata-lab/JR-Strata-SYCL-v0139-FastFix/sycl/include/dpct/util.hpp:551:38: warning: unused parameter 'member_mask' [-Wunused-parameter]
  551 | T shift_sub_group_right(unsigned int member_mask,
      |                                      ^
/data/strata-lab/JR-Strata-SYCL-v0139-FastFix/sycl/include/dpct/util.hpp:671:41: warning: unused parameter 'member_mask' [-Wunused-parameter]
  671 | T permute_sub_group_by_xor(unsigned int member_mask,
      |                                         ^
/data/strata-lab/JR-Strata-SYCL-v0139-FastFix/sycl/include/dpct/util.hpp:680:47: warning: comparison of integers of different signs: 'unsigned int' and 'int' [-Wsign-compare]
  680 |   unsigned logical_remote_id = (target_offset < logical_sub_group_size) ? start_index + target_offset : id;
      |                                 ~~~~~~~~~~~~~ ^ ~~~~~~~~~~~~~~~~~~~~~~
/data/strata-lab/JR-Strata-SYCL-v0139-FastFix/sycl/include/dpct/util.hpp:959:15: warning: comparison of integers of different signs: 'int' and 'size_t' (aka 'unsigned long') [-Wsign-compare]
  959 |   if (wg_size > max_wg_size) {
      |       ~~~~~~~ ^ ~~~~~~~~~~~
/data/strata-lab/JR-Strata-SYCL-v0139-FastFix/sycl/include/dpct/util.hpp:1021:35: warning: comparison of integers of different signs: 'int' and 'size_t' (aka 'unsigned long') [-Wsign-compare]
 1021 |       max_ws_size_for_device_code >= max_wg_size)
      |       ~~~~~~~~~~~~~~~~~~~~~~~~~~~ ^  ~~~~~~~~~~~
/data/strata-lab/JR-Strata-SYCL-v0139-FastFix/sycl/include/dpct/util.hpp:1291:17: warning: '&' within '|' [-Wbitwise-op-parentheses]
 1291 |     result = (a & b | c) ^ a;
      |               ~~^~~ ~
/data/strata-lab/JR-Strata-SYCL-v0139-FastFix/sycl/include/dpct/util.hpp:1291:17: note: place parentheses around the '&' expression to silence this warning
 1291 |     result = (a & b | c) ^ a;
      |                 ^
      |               (    )
/data/strata-lab/JR-Strata-SYCL-v0139-FastFix/sycl/include/dpct/util.hpp:1315:16: warning: '&' within '|' [-Wbitwise-op-parentheses]
 1315 |     result = a & (b | c) | (b & c);
      |              ~~^~~~~~~~~ ~
/data/strata-lab/JR-Strata-SYCL-v0139-FastFix/sycl/include/dpct/util.hpp:1315:16: note: place parentheses around the '&' expression to silence this warning
 1315 |     result = a & (b | c) | (b & c);
      |                ^
      |              (          )
/data/strata-lab/JR-Strata-SYCL-v0139-FastFix/sycl/include/dpct/util.hpp:1318:16: warning: '&' within '|' [-Wbitwise-op-parentheses]
 1318 |     result = a & b | c;
      |              ~~^~~ ~
/data/strata-lab/JR-Strata-SYCL-v0139-FastFix/sycl/include/dpct/util.hpp:1318:16: note: place parentheses around the '&' expression to silence this warning
 1318 |     result = a & b | c;
      |                ^
      |              (    )
In file included from /data/strata-lab/JR-Strata-SYCL-v0139-FastFix/tools/fastfix/adaptive_mirror_gpu.cpp:9:
In file included from /data/strata-lab/JR-Strata-SYCL-v0139-FastFix/sycl/include/strata/sycl_failed_work.hpp:3:
In file included from /data/strata-lab/JR-Strata-SYCL-v0139-FastFix/sycl/include/dpct/dpct.hpp:54:
/data/strata-lab/JR-Strata-SYCL-v0139-FastFix/sycl/include/dpct/kernel.hpp:50:57: warning: unused parameter 'function' [-Wunused-parameter]
   50 |                                             const void *function) {
      |                                                         ^
/data/strata-lab/JR-Strata-SYCL-v0139-FastFix/sycl/include/dpct/kernel.hpp:57:38: warning: unused parameter 'function' [-Wunused-parameter]
   57 | get_kernel_function_info(const void *function) {
      |                                      ^
In file included from /data/strata-lab/JR-Strata-SYCL-v0139-FastFix/tools/fastfix/adaptive_mirror_gpu.cpp:9:
In file included from /data/strata-lab/JR-Strata-SYCL-v0139-FastFix/sycl/include/strata/sycl_failed_work.hpp:3:
In file included from /data/strata-lab/JR-Strata-SYCL-v0139-FastFix/sycl/include/dpct/dpct.hpp:59:
/data/strata-lab/JR-Strata-SYCL-v0139-FastFix/sycl/include/dpct/bindless_images.hpp:629:35: warning: unused parameter 'q' [-Wunused-parameter]
  629 |   void unmap_resource(sycl::queue q) {
      |                                   ^
/data/strata-lab/JR-Strata-SYCL-v0139-FastFix/sycl/include/dpct/bindless_images.hpp:656:9: warning: field '_res_external_mem' will be initialized after field '_res_reg_flags' [-Wreorder-ctor]
  656 |       : _res_external_mem(external_mem), _res_reg_flags(reg_flags) {}
      |         ^~~~~~~~~~~~~~~~~~~~~~~~~~~~~~~  ~~~~~~~~~~~~~~~~~~~~~~~~~
      |         _res_reg_flags(reg_flags)        _res_external_mem(external_mem)
/data/strata-lab/JR-Strata-SYCL-v0139-FastFix/sycl/include/dpct/bindless_images.hpp:1163:24: warning: comparison of integers of different signs: 'size_t' (aka 'unsigned long') and 'int' [-Wsign-compare]
 1163 |   for (size_t i = 0; i < count; ++i) {
      |                      ~ ^ ~~~~~
/data/strata-lab/JR-Strata-SYCL-v0139-FastFix/sycl/include/dpct/bindless_images.hpp:1350:21: warning: comparison of integers of different signs: 'int' and 'unsigned int' [-Wsign-compare]
 1350 |   for (int i = 0; i < numExtSems; i++) {
      |                   ~ ^ ~~~~~~~~~~
/data/strata-lab/JR-Strata-SYCL-v0139-FastFix/sycl/include/dpct/bindless_images.hpp:1393:21: warning: comparison of integers of different signs: 'int' and 'unsigned int' [-Wsign-compare]
 1393 |   for (int i = 0; i < numExtSems; i++) {
      |                   ~ ^ ~~~~~~~~~~
/data/strata-lab/JR-Strata-SYCL-v0139-FastFix/sycl/include/dpct/bindless_images.hpp:1686:60: warning: unused parameter 'channel' [-Wunused-parameter]
 1686 |   void attach(image_mem_wrapper *mem, const image_channel &channel,
      |                                                            ^
In file included from /data/strata-lab/JR-Strata-SYCL-v0139-FastFix/tools/fastfix/adaptive_mirror_gpu.cpp:9:
In file included from /data/strata-lab/JR-Strata-SYCL-v0139-FastFix/sycl/include/strata/sycl_failed_work.hpp:3:
In file included from /data/strata-lab/JR-Strata-SYCL-v0139-FastFix/sycl/include/dpct/dpct.hpp:52:
/data/strata-lab/JR-Strata-SYCL-v0139-FastFix/sycl/include/dpct/device.hpp:95:13: warning: unused function 'destroy_event' [-Wunused-function]
   95 | static void destroy_event(event_ptr event) {
      |             ^~~~~~~~~~~~~
In file included from /data/strata-lab/JR-Strata-SYCL-v0139-FastFix/tools/fastfix/adaptive_mirror_gpu.cpp:9:
In file included from /data/strata-lab/JR-Strata-SYCL-v0139-FastFix/sycl/include/strata/sycl_failed_work.hpp:3:
In file included from /data/strata-lab/JR-Strata-SYCL-v0139-FastFix/sycl/include/dpct/dpct.hpp:53:
In file included from /data/strata-lab/JR-Strata-SYCL-v0139-FastFix/sycl/include/dpct/image.hpp:14:
/data/strata-lab/JR-Strata-SYCL-v0139-FastFix/sycl/include/dpct/memory.hpp:165:17: warning: 'static' function 'get_buffer' declared in header file should be declared 'static inline' [-Wunneeded-internal-declaration]
  165 | static buffer_t get_buffer(const void *ptr) {
      |                 ^~~~~~~~~~
/data/strata-lab/JR-Strata-SYCL-v0139-FastFix/sycl/include/dpct/memory.hpp:141:36: warning: 'static' function 'get_buffer_and_offset' declared in header file should be declared 'static inline' [-Wunneeded-internal-declaration]
  141 | static std::pair<buffer_t, size_t> get_buffer_and_offset(const void *ptr) {
      |                                    ^~~~~~~~~~~~~~~~~~~~~
/data/strata-lab/JR-Strata-SYCL-v0139-FastFix/sycl/include/dpct/memory.hpp:304:13: warning: unused function 'dpct_memcpy' [-Wunused-function]
  304 | static void dpct_memcpy(void *to_ptr, const void *from_ptr, size_t size,
      |             ^~~~~~~~~~~
/data/strata-lab/JR-Strata-SYCL-v0139-FastFix/sycl/include/dpct/memory.hpp:322:13: warning: unused function 'dpct_memcpy' [-Wunused-function]
  322 | static void dpct_memcpy(void *to_ptr, int to_dev_id, const void *from_ptr,
      |             ^~~~~~~~~~~
/data/strata-lab/JR-Strata-SYCL-v0139-FastFix/sycl/include/dpct/memory.hpp:340:13: warning: unused function 'async_dpct_memcpy' [-Wunused-function]
  340 | static void async_dpct_memcpy(void *to_ptr, const void *from_ptr, size_t size,
      |             ^~~~~~~~~~~~~~~~~
/data/strata-lab/JR-Strata-SYCL-v0139-FastFix/sycl/include/dpct/memory.hpp:358:13: warning: unused function 'async_dpct_memcpy' [-Wunused-function]
  358 | static void async_dpct_memcpy(void *to_ptr, int to_dev_id, const void *from_ptr,
      |             ^~~~~~~~~~~~~~~~~
/data/strata-lab/JR-Strata-SYCL-v0139-FastFix/sycl/include/dpct/memory.hpp:494:13: warning: unused function 'dpct_memset' [-Wunused-function]
  494 | static void dpct_memset(void *dev_ptr, int value, size_t size,
      |             ^~~~~~~~~~~
/data/strata-lab/JR-Strata-SYCL-v0139-FastFix/sycl/include/dpct/memory.hpp:507:13: warning: unused function 'dpct_memset_d16' [-Wunused-function]
  507 | static void dpct_memset_d16(void *dev_ptr, unsigned short value, size_t size,
      |             ^~~~~~~~~~~~~~~
/data/strata-lab/JR-Strata-SYCL-v0139-FastFix/sycl/include/dpct/memory.hpp:519:13: warning: unused function 'dpct_memset_d32' [-Wunused-function]
  519 | static void dpct_memset_d32(void *dev_ptr, unsigned int value, size_t size,
      |             ^~~~~~~~~~~~~~~
/data/strata-lab/JR-Strata-SYCL-v0139-FastFix/sycl/include/dpct/memory.hpp:532:13: warning: unused function 'async_dpct_memset' [-Wunused-function]
  532 | static void async_dpct_memset(void *dev_ptr, int value, size_t size,
      |             ^~~~~~~~~~~~~~~~~
/data/strata-lab/JR-Strata-SYCL-v0139-FastFix/sycl/include/dpct/memory.hpp:544:13: warning: unused function 'async_dpct_memset_d16' [-Wunused-function]
  544 | static void async_dpct_memset_d16(void *dev_ptr, unsigned short value, size_t size,
      |             ^~~~~~~~~~~~~~~~~~~~~
/data/strata-lab/JR-Strata-SYCL-v0139-FastFix/sycl/include/dpct/memory.hpp:556:13: warning: unused function 'async_dpct_memset_d32' [-Wunused-function]
  556 | static void async_dpct_memset_d32(void *dev_ptr, unsigned int value, size_t size,
      |             ^~~~~~~~~~~~~~~~~~~~~
In file included from /data/strata-lab/JR-Strata-SYCL-v0139-FastFix/tools/fastfix/adaptive_mirror_gpu.cpp:9:
In file included from /data/strata-lab/JR-Strata-SYCL-v0139-FastFix/sycl/include/strata/sycl_failed_work.hpp:3:
In file included from /data/strata-lab/JR-Strata-SYCL-v0139-FastFix/sycl/include/dpct/dpct.hpp:60:
/data/strata-lab/JR-Strata-SYCL-v0139-FastFix/sycl/include/dpct/graph.hpp:136:1: warning: unused function 'add_empty_node' [-Wunused-function]
  136 | add_empty_node(dpct::experimental::node_ptr *newNode,
      | ^~~~~~~~~~~~~~
/data/strata-lab/JR-Strata-SYCL-v0139-FastFix/sycl/include/dpct/graph.hpp:162:13: warning: unused function 'add_dependencies' [-Wunused-function]
  162 | static void add_dependencies(dpct::experimental::command_graph_ptr graph,
      |             ^~~~~~~~~~~~~~~~
/data/strata-lab/JR-Strata-SYCL-v0139-FastFix/sycl/include/dpct/graph.hpp:176:13: warning: unused function 'get_nodes' [-Wunused-function]
  176 | static void get_nodes(dpct::experimental::command_graph_ptr graph,
      |             ^~~~~~~~~
/data/strata-lab/JR-Strata-SYCL-v0139-FastFix/sycl/include/dpct/graph.hpp:187:13: warning: unused function 'get_root_nodes' [-Wunused-function]
  187 | static void get_root_nodes(dpct::experimental::command_graph_ptr graph,
      |             ^~~~~~~~~~~~~~
39 warnings generated.
In file included from /data/strata-lab/JR-Strata-SYCL-v0139-FastFix/tools/fastfix/adaptive_mirror_gpu.cpp:2:
In file included from /data/strata-lab/JR-Strata-SYCL-v0139-FastFix/sycl/include/strata/core/gguf_expert_source.hpp:15:
/data/strata-lab/JR-Strata-SYCL-v0139-FastFix/sycl/../include/strata/core/expert_source.hpp:672:13: warning: 'reads' overrides a member function but is not marked 'override' [-Winconsistent-missing-override]
  672 |     int64_t reads() const { return reads_; }
      |             ^
/data/strata-lab/JR-Strata-SYCL-v0139-FastFix/sycl/../include/strata/core/expert_source.hpp:130:21: note: overridden virtual function is here
  130 |     virtual int64_t reads() const { return 0; }
      |                     ^
In file included from /data/strata-lab/JR-Strata-SYCL-v0139-FastFix/tools/fastfix/adaptive_mirror_gpu.cpp:9:
In file included from /data/strata-lab/JR-Strata-SYCL-v0139-FastFix/sycl/include/strata/sycl_failed_work.hpp:3:
In file included from /data/strata-lab/JR-Strata-SYCL-v0139-FastFix/sycl/include/dpct/dpct.hpp:53:
In file included from /data/strata-lab/JR-Strata-SYCL-v0139-FastFix/sycl/include/dpct/image.hpp:14:
In file included from /data/strata-lab/JR-Strata-SYCL-v0139-FastFix/sycl/include/dpct/memory.hpp:112:
/data/strata-lab/JR-Strata-SYCL-v0139-FastFix/sycl/include/dpct/detail/memory_detail.hpp:343:30: warning: unused parameter 'direction' [-Wunused-parameter]
  343 |             memcpy_direction direction,
      |                              ^
/data/strata-lab/JR-Strata-SYCL-v0139-FastFix/sycl/include/dpct/detail/memory_detail.hpp:901:29: warning: unused parameter 'cgh' [-Wunused-parameter]
  901 |   get_access(sycl::handler &cgh) {
      |                             ^
In file included from /data/strata-lab/JR-Strata-SYCL-v0139-FastFix/tools/fastfix/adaptive_mirror_gpu.cpp:9:
In file included from /data/strata-lab/JR-Strata-SYCL-v0139-FastFix/sycl/include/strata/sycl_failed_work.hpp:3:
In file included from /data/strata-lab/JR-Strata-SYCL-v0139-FastFix/sycl/include/dpct/dpct.hpp:53:
In file included from /data/strata-lab/JR-Strata-SYCL-v0139-FastFix/sycl/include/dpct/image.hpp:14:
/data/strata-lab/JR-Strata-SYCL-v0139-FastFix/sycl/include/dpct/memory.hpp:816:23: warning: comparison of integers of different signs: 'int' and 'unsigned int' [-Wsign-compare]
  816 |     for (int i = 0; i < numAttributes; i++) {
      |                     ~ ^ ~~~~~~~~~~~~~
In file included from /data/strata-lab/JR-Strata-SYCL-v0139-FastFix/tools/fastfix/adaptive_mirror_gpu.cpp:9:
In file included from /data/strata-lab/JR-Strata-SYCL-v0139-FastFix/sycl/include/strata/sycl_failed_work.hpp:3:
In file included from /data/strata-lab/JR-Strata-SYCL-v0139-FastFix/sycl/include/dpct/dpct.hpp:53:
In file included from /data/strata-lab/JR-Strata-SYCL-v0139-FastFix/sycl/include/dpct/image.hpp:15:
/data/strata-lab/JR-Strata-SYCL-v0139-FastFix/sycl/include/dpct/util.hpp:959:15: warning: comparison of integers of different signs: 'int' and 'size_t' (aka 'unsigned long') [-Wsign-compare]
  959 |   if (wg_size > max_wg_size) {
      |       ~~~~~~~ ^ ~~~~~~~~~~~
/data/strata-lab/JR-Strata-SYCL-v0139-FastFix/sycl/include/dpct/util.hpp:1021:35: warning: comparison of integers of different signs: 'int' and 'size_t' (aka 'unsigned long') [-Wsign-compare]
 1021 |       max_ws_size_for_device_code >= max_wg_size)
      |       ~~~~~~~~~~~~~~~~~~~~~~~~~~~ ^  ~~~~~~~~~~~
/data/strata-lab/JR-Strata-SYCL-v0139-FastFix/sycl/include/dpct/util.hpp:1291:17: warning: '&' within '|' [-Wbitwise-op-parentheses]
 1291 |     result = (a & b | c) ^ a;
      |               ~~^~~ ~
/data/strata-lab/JR-Strata-SYCL-v0139-FastFix/sycl/include/dpct/util.hpp:1291:17: note: place parentheses around the '&' expression to silence this warning
 1291 |     result = (a & b | c) ^ a;
      |                 ^
      |               (    )
/data/strata-lab/JR-Strata-SYCL-v0139-FastFix/sycl/include/dpct/util.hpp:1315:16: warning: '&' within '|' [-Wbitwise-op-parentheses]
 1315 |     result = a & (b | c) | (b & c);
      |              ~~^~~~~~~~~ ~
/data/strata-lab/JR-Strata-SYCL-v0139-FastFix/sycl/include/dpct/util.hpp:1315:16: note: place parentheses around the '&' expression to silence this warning
 1315 |     result = a & (b | c) | (b & c);
      |                ^
      |              (          )
/data/strata-lab/JR-Strata-SYCL-v0139-FastFix/sycl/include/dpct/util.hpp:1318:16: warning: '&' within '|' [-Wbitwise-op-parentheses]
 1318 |     result = a & b | c;
      |              ~~^~~ ~
/data/strata-lab/JR-Strata-SYCL-v0139-FastFix/sycl/include/dpct/util.hpp:1318:16: note: place parentheses around the '&' expression to silence this warning
 1318 |     result = a & b | c;
      |                ^
      |              (    )
In file included from /data/strata-lab/JR-Strata-SYCL-v0139-FastFix/tools/fastfix/adaptive_mirror_gpu.cpp:9:
In file included from /data/strata-lab/JR-Strata-SYCL-v0139-FastFix/sycl/include/strata/sycl_failed_work.hpp:3:
In file included from /data/strata-lab/JR-Strata-SYCL-v0139-FastFix/sycl/include/dpct/dpct.hpp:54:
/data/strata-lab/JR-Strata-SYCL-v0139-FastFix/sycl/include/dpct/kernel.hpp:50:57: warning: unused parameter 'function' [-Wunused-parameter]
   50 |                                             const void *function) {
      |                                                         ^
/data/strata-lab/JR-Strata-SYCL-v0139-FastFix/sycl/include/dpct/kernel.hpp:57:38: warning: unused parameter 'function' [-Wunused-parameter]
   57 | get_kernel_function_info(const void *function) {
      |                                      ^
In file included from /data/strata-lab/JR-Strata-SYCL-v0139-FastFix/tools/fastfix/adaptive_mirror_gpu.cpp:9:
In file included from /data/strata-lab/JR-Strata-SYCL-v0139-FastFix/sycl/include/strata/sycl_failed_work.hpp:3:
In file included from /data/strata-lab/JR-Strata-SYCL-v0139-FastFix/sycl/include/dpct/dpct.hpp:59:
/data/strata-lab/JR-Strata-SYCL-v0139-FastFix/sycl/include/dpct/bindless_images.hpp:629:35: warning: unused parameter 'q' [-Wunused-parameter]
  629 |   void unmap_resource(sycl::queue q) {
      |                                   ^
/data/strata-lab/JR-Strata-SYCL-v0139-FastFix/sycl/include/dpct/bindless_images.hpp:656:9: warning: field '_res_external_mem' will be initialized after field '_res_reg_flags' [-Wreorder-ctor]
  656 |       : _res_external_mem(external_mem), _res_reg_flags(reg_flags) {}
      |         ^~~~~~~~~~~~~~~~~~~~~~~~~~~~~~~  ~~~~~~~~~~~~~~~~~~~~~~~~~
      |         _res_reg_flags(reg_flags)        _res_external_mem(external_mem)
/data/strata-lab/JR-Strata-SYCL-v0139-FastFix/sycl/include/dpct/bindless_images.hpp:1163:24: warning: comparison of integers of different signs: 'size_t' (aka 'unsigned long') and 'int' [-Wsign-compare]
 1163 |   for (size_t i = 0; i < count; ++i) {
      |                      ~ ^ ~~~~~
/data/strata-lab/JR-Strata-SYCL-v0139-FastFix/sycl/include/dpct/bindless_images.hpp:1350:21: warning: comparison of integers of different signs: 'int' and 'unsigned int' [-Wsign-compare]
 1350 |   for (int i = 0; i < numExtSems; i++) {
      |                   ~ ^ ~~~~~~~~~~
/data/strata-lab/JR-Strata-SYCL-v0139-FastFix/sycl/include/dpct/bindless_images.hpp:1393:21: warning: comparison of integers of different signs: 'int' and 'unsigned int' [-Wsign-compare]
 1393 |   for (int i = 0; i < numExtSems; i++) {
      |                   ~ ^ ~~~~~~~~~~
/data/strata-lab/JR-Strata-SYCL-v0139-FastFix/sycl/include/dpct/bindless_images.hpp:1686:60: warning: unused parameter 'channel' [-Wunused-parameter]
 1686 |   void attach(image_mem_wrapper *mem, const image_channel &channel,
      |                                                            ^
In file included from /data/strata-lab/JR-Strata-SYCL-v0139-FastFix/tools/fastfix/adaptive_mirror_gpu.cpp:9:
In file included from /data/strata-lab/JR-Strata-SYCL-v0139-FastFix/sycl/include/strata/sycl_failed_work.hpp:3:
In file included from /data/strata-lab/JR-Strata-SYCL-v0139-FastFix/sycl/include/dpct/dpct.hpp:52:
/data/strata-lab/JR-Strata-SYCL-v0139-FastFix/sycl/include/dpct/device.hpp:95:13: warning: unused function 'destroy_event' [-Wunused-function]
   95 | static void destroy_event(event_ptr event) {
      |             ^~~~~~~~~~~~~
In file included from /data/strata-lab/JR-Strata-SYCL-v0139-FastFix/tools/fastfix/adaptive_mirror_gpu.cpp:9:
In file included from /data/strata-lab/JR-Strata-SYCL-v0139-FastFix/sycl/include/strata/sycl_failed_work.hpp:3:
In file included from /data/strata-lab/JR-Strata-SYCL-v0139-FastFix/sycl/include/dpct/dpct.hpp:53:
In file included from /data/strata-lab/JR-Strata-SYCL-v0139-FastFix/sycl/include/dpct/image.hpp:14:
/data/strata-lab/JR-Strata-SYCL-v0139-FastFix/sycl/include/dpct/memory.hpp:165:17: warning: 'static' function 'get_buffer' declared in header file should be declared 'static inline' [-Wunneeded-internal-declaration]
  165 | static buffer_t get_buffer(const void *ptr) {
      |                 ^~~~~~~~~~
/data/strata-lab/JR-Strata-SYCL-v0139-FastFix/sycl/include/dpct/memory.hpp:141:36: warning: 'static' function 'get_buffer_and_offset' declared in header file should be declared 'static inline' [-Wunneeded-internal-declaration]
  141 | static std::pair<buffer_t, size_t> get_buffer_and_offset(const void *ptr) {
      |                                    ^~~~~~~~~~~~~~~~~~~~~
/data/strata-lab/JR-Strata-SYCL-v0139-FastFix/sycl/include/dpct/memory.hpp:304:13: warning: unused function 'dpct_memcpy' [-Wunused-function]
  304 | static void dpct_memcpy(void *to_ptr, const void *from_ptr, size_t size,
      |             ^~~~~~~~~~~
/data/strata-lab/JR-Strata-SYCL-v0139-FastFix/sycl/include/dpct/memory.hpp:322:13: warning: unused function 'dpct_memcpy' [-Wunused-function]
  322 | static void dpct_memcpy(void *to_ptr, int to_dev_id, const void *from_ptr,
      |             ^~~~~~~~~~~
/data/strata-lab/JR-Strata-SYCL-v0139-FastFix/sycl/include/dpct/memory.hpp:340:13: warning: unused function 'async_dpct_memcpy' [-Wunused-function]
  340 | static void async_dpct_memcpy(void *to_ptr, const void *from_ptr, size_t size,
      |             ^~~~~~~~~~~~~~~~~
/data/strata-lab/JR-Strata-SYCL-v0139-FastFix/sycl/include/dpct/memory.hpp:358:13: warning: unused function 'async_dpct_memcpy' [-Wunused-function]
  358 | static void async_dpct_memcpy(void *to_ptr, int to_dev_id, const void *from_ptr,
      |             ^~~~~~~~~~~~~~~~~
/data/strata-lab/JR-Strata-SYCL-v0139-FastFix/sycl/include/dpct/memory.hpp:494:13: warning: unused function 'dpct_memset' [-Wunused-function]
  494 | static void dpct_memset(void *dev_ptr, int value, size_t size,
      |             ^~~~~~~~~~~
/data/strata-lab/JR-Strata-SYCL-v0139-FastFix/sycl/include/dpct/memory.hpp:507:13: warning: unused function 'dpct_memset_d16' [-Wunused-function]
  507 | static void dpct_memset_d16(void *dev_ptr, unsigned short value, size_t size,
      |             ^~~~~~~~~~~~~~~
/data/strata-lab/JR-Strata-SYCL-v0139-FastFix/sycl/include/dpct/memory.hpp:519:13: warning: unused function 'dpct_memset_d32' [-Wunused-function]
  519 | static void dpct_memset_d32(void *dev_ptr, unsigned int value, size_t size,
      |             ^~~~~~~~~~~~~~~
/data/strata-lab/JR-Strata-SYCL-v0139-FastFix/sycl/include/dpct/memory.hpp:532:13: warning: unused function 'async_dpct_memset' [-Wunused-function]
  532 | static void async_dpct_memset(void *dev_ptr, int value, size_t size,
      |             ^~~~~~~~~~~~~~~~~
/data/strata-lab/JR-Strata-SYCL-v0139-FastFix/sycl/include/dpct/memory.hpp:544:13: warning: unused function 'async_dpct_memset_d16' [-Wunused-function]
  544 | static void async_dpct_memset_d16(void *dev_ptr, unsigned short value, size_t size,
      |             ^~~~~~~~~~~~~~~~~~~~~
/data/strata-lab/JR-Strata-SYCL-v0139-FastFix/sycl/include/dpct/memory.hpp:556:13: warning: unused function 'async_dpct_memset_d32' [-Wunused-function]
  556 | static void async_dpct_memset_d32(void *dev_ptr, unsigned int value, size_t size,
      |             ^~~~~~~~~~~~~~~~~~~~~
In file included from /data/strata-lab/JR-Strata-SYCL-v0139-FastFix/tools/fastfix/adaptive_mirror_gpu.cpp:9:
In file included from /data/strata-lab/JR-Strata-SYCL-v0139-FastFix/sycl/include/strata/sycl_failed_work.hpp:3:
In file included from /data/strata-lab/JR-Strata-SYCL-v0139-FastFix/sycl/include/dpct/dpct.hpp:60:
/data/strata-lab/JR-Strata-SYCL-v0139-FastFix/sycl/include/dpct/graph.hpp:136:1: warning: unused function 'add_empty_node' [-Wunused-function]
  136 | add_empty_node(dpct::experimental::node_ptr *newNode,
      | ^~~~~~~~~~~~~~
/data/strata-lab/JR-Strata-SYCL-v0139-FastFix/sycl/include/dpct/graph.hpp:162:13: warning: unused function 'add_dependencies' [-Wunused-function]
  162 | static void add_dependencies(dpct::experimental::command_graph_ptr graph,
      |             ^~~~~~~~~~~~~~~~
/data/strata-lab/JR-Strata-SYCL-v0139-FastFix/sycl/include/dpct/graph.hpp:176:13: warning: unused function 'get_nodes' [-Wunused-function]
  176 | static void get_nodes(dpct::experimental::command_graph_ptr graph,
      |             ^~~~~~~~~
/data/strata-lab/JR-Strata-SYCL-v0139-FastFix/sycl/include/dpct/graph.hpp:187:13: warning: unused function 'get_root_nodes' [-Wunused-function]
  187 | static void get_root_nodes(dpct::experimental::command_graph_ptr graph,
      |             ^~~~~~~~~~~~~~
34 warnings generated.
[6/17] Linking CXX executable quantize_act_parity
Compilation from IR - skipping loading of FCL
Build succeeded.
Compilation from IR - skipping loading of FCL
Build succeeded.
Compilation from IR - skipping loading of FCL
Build succeeded.
Compilation from IR - skipping loading of FCL
Build succeeded.
Compilation from IR - skipping loading of FCL
Build succeeded.
Compilation from IR - skipping loading of FCL
Build succeeded.
Compilation from IR - skipping loading of FCL
Build succeeded.
Compilation from IR - skipping loading of FCL
Build succeeded.
Compilation from IR - skipping loading of FCL
Build succeeded.
Compilation from IR - skipping loading of FCL
Build succeeded.
Compilation from IR - skipping loading of FCL
Build succeeded.
Compilation from IR - skipping loading of FCL
Build succeeded.
Compilation from IR - skipping loading of FCL
Build succeeded.
Compilation from IR - skipping loading of FCL
Build succeeded.
Compilation from IR - skipping loading of FCL
Build succeeded.
Compilation from IR - skipping loading of FCL
Build succeeded.
Compilation from IR - skipping loading of FCL
Build succeeded.
Compilation from IR - skipping loading of FCL
Build succeeded.
Compilation from IR - skipping loading of FCL
Build succeeded.
[7/17] Building CXX object CMakeFiles/strata.dir/src/program/generate.cpp.o
In file included from /data/strata-lab/JR-Strata-SYCL-v0139-FastFix/sycl/src/program/generate.cpp:26:
In file included from /data/strata-lab/JR-Strata-SYCL-v0139-FastFix/sycl/include/dpct/dpct.hpp:53:
In file included from /data/strata-lab/JR-Strata-SYCL-v0139-FastFix/sycl/include/dpct/image.hpp:14:
In file included from /data/strata-lab/JR-Strata-SYCL-v0139-FastFix/sycl/include/dpct/memory.hpp:112:
/data/strata-lab/JR-Strata-SYCL-v0139-FastFix/sycl/include/dpct/detail/memory_detail.hpp:343:30: warning: unused parameter 'direction' [-Wunused-parameter]
  343 |             memcpy_direction direction,
      |                              ^
/data/strata-lab/JR-Strata-SYCL-v0139-FastFix/sycl/include/dpct/detail/memory_detail.hpp:901:29: warning: unused parameter 'cgh' [-Wunused-parameter]
  901 |   get_access(sycl::handler &cgh) {
      |                             ^
In file included from /data/strata-lab/JR-Strata-SYCL-v0139-FastFix/sycl/src/program/generate.cpp:26:
In file included from /data/strata-lab/JR-Strata-SYCL-v0139-FastFix/sycl/include/dpct/dpct.hpp:53:
In file included from /data/strata-lab/JR-Strata-SYCL-v0139-FastFix/sycl/include/dpct/image.hpp:14:
/data/strata-lab/JR-Strata-SYCL-v0139-FastFix/sycl/include/dpct/memory.hpp:816:23: warning: comparison of integers of different signs: 'int' and 'unsigned int' [-Wsign-compare]
  816 |     for (int i = 0; i < numAttributes; i++) {
      |                     ~ ^ ~~~~~~~~~~~~~
In file included from /data/strata-lab/JR-Strata-SYCL-v0139-FastFix/sycl/src/program/generate.cpp:26:
In file included from /data/strata-lab/JR-Strata-SYCL-v0139-FastFix/sycl/include/dpct/dpct.hpp:53:
In file included from /data/strata-lab/JR-Strata-SYCL-v0139-FastFix/sycl/include/dpct/image.hpp:15:
/data/strata-lab/JR-Strata-SYCL-v0139-FastFix/sycl/include/dpct/util.hpp:466:38: warning: unused parameter 'member_mask' [-Wunused-parameter]
  466 | T select_from_sub_group(unsigned int member_mask,
      |                                      ^
/data/strata-lab/JR-Strata-SYCL-v0139-FastFix/sycl/include/dpct/util.hpp:507:37: warning: unused parameter 'member_mask' [-Wunused-parameter]
  507 | T shift_sub_group_left(unsigned int member_mask,
      |                                     ^
/data/strata-lab/JR-Strata-SYCL-v0139-FastFix/sycl/include/dpct/util.hpp:551:38: warning: unused parameter 'member_mask' [-Wunused-parameter]
  551 | T shift_sub_group_right(unsigned int member_mask,
      |                                      ^
/data/strata-lab/JR-Strata-SYCL-v0139-FastFix/sycl/include/dpct/util.hpp:671:41: warning: unused parameter 'member_mask' [-Wunused-parameter]
  671 | T permute_sub_group_by_xor(unsigned int member_mask,
      |                                         ^
/data/strata-lab/JR-Strata-SYCL-v0139-FastFix/sycl/include/dpct/util.hpp:680:47: warning: comparison of integers of different signs: 'unsigned int' and 'int' [-Wsign-compare]
  680 |   unsigned logical_remote_id = (target_offset < logical_sub_group_size) ? start_index + target_offset : id;
      |                                 ~~~~~~~~~~~~~ ^ ~~~~~~~~~~~~~~~~~~~~~~
/data/strata-lab/JR-Strata-SYCL-v0139-FastFix/sycl/include/dpct/util.hpp:959:15: warning: comparison of integers of different signs: 'int' and 'size_t' (aka 'unsigned long') [-Wsign-compare]
  959 |   if (wg_size > max_wg_size) {
      |       ~~~~~~~ ^ ~~~~~~~~~~~
/data/strata-lab/JR-Strata-SYCL-v0139-FastFix/sycl/include/dpct/util.hpp:1021:35: warning: comparison of integers of different signs: 'int' and 'size_t' (aka 'unsigned long') [-Wsign-compare]
 1021 |       max_ws_size_for_device_code >= max_wg_size)
      |       ~~~~~~~~~~~~~~~~~~~~~~~~~~~ ^  ~~~~~~~~~~~
/data/strata-lab/JR-Strata-SYCL-v0139-FastFix/sycl/include/dpct/util.hpp:1291:17: warning: '&' within '|' [-Wbitwise-op-parentheses]
 1291 |     result = (a & b | c) ^ a;
      |               ~~^~~ ~
/data/strata-lab/JR-Strata-SYCL-v0139-FastFix/sycl/include/dpct/util.hpp:1291:17: note: place parentheses around the '&' expression to silence this warning
 1291 |     result = (a & b | c) ^ a;
      |                 ^
      |               (    )
/data/strata-lab/JR-Strata-SYCL-v0139-FastFix/sycl/include/dpct/util.hpp:1315:16: warning: '&' within '|' [-Wbitwise-op-parentheses]
 1315 |     result = a & (b | c) | (b & c);
      |              ~~^~~~~~~~~ ~
/data/strata-lab/JR-Strata-SYCL-v0139-FastFix/sycl/include/dpct/util.hpp:1315:16: note: place parentheses around the '&' expression to silence this warning
 1315 |     result = a & (b | c) | (b & c);
      |                ^
      |              (          )
/data/strata-lab/JR-Strata-SYCL-v0139-FastFix/sycl/include/dpct/util.hpp:1318:16: warning: '&' within '|' [-Wbitwise-op-parentheses]
 1318 |     result = a & b | c;
      |              ~~^~~ ~
/data/strata-lab/JR-Strata-SYCL-v0139-FastFix/sycl/include/dpct/util.hpp:1318:16: note: place parentheses around the '&' expression to silence this warning
 1318 |     result = a & b | c;
      |                ^
      |              (    )
In file included from /data/strata-lab/JR-Strata-SYCL-v0139-FastFix/sycl/src/program/generate.cpp:26:
In file included from /data/strata-lab/JR-Strata-SYCL-v0139-FastFix/sycl/include/dpct/dpct.hpp:54:
/data/strata-lab/JR-Strata-SYCL-v0139-FastFix/sycl/include/dpct/kernel.hpp:50:57: warning: unused parameter 'function' [-Wunused-parameter]
   50 |                                             const void *function) {
      |                                                         ^
/data/strata-lab/JR-Strata-SYCL-v0139-FastFix/sycl/include/dpct/kernel.hpp:57:38: warning: unused parameter 'function' [-Wunused-parameter]
   57 | get_kernel_function_info(const void *function) {
      |                                      ^
In file included from /data/strata-lab/JR-Strata-SYCL-v0139-FastFix/sycl/src/program/generate.cpp:26:
In file included from /data/strata-lab/JR-Strata-SYCL-v0139-FastFix/sycl/include/dpct/dpct.hpp:59:
/data/strata-lab/JR-Strata-SYCL-v0139-FastFix/sycl/include/dpct/bindless_images.hpp:629:35: warning: unused parameter 'q' [-Wunused-parameter]
  629 |   void unmap_resource(sycl::queue q) {
      |                                   ^
/data/strata-lab/JR-Strata-SYCL-v0139-FastFix/sycl/include/dpct/bindless_images.hpp:656:9: warning: field '_res_external_mem' will be initialized after field '_res_reg_flags' [-Wreorder-ctor]
  656 |       : _res_external_mem(external_mem), _res_reg_flags(reg_flags) {}
      |         ^~~~~~~~~~~~~~~~~~~~~~~~~~~~~~~  ~~~~~~~~~~~~~~~~~~~~~~~~~
      |         _res_reg_flags(reg_flags)        _res_external_mem(external_mem)
/data/strata-lab/JR-Strata-SYCL-v0139-FastFix/sycl/include/dpct/bindless_images.hpp:1163:24: warning: comparison of integers of different signs: 'size_t' (aka 'unsigned long') and 'int' [-Wsign-compare]
 1163 |   for (size_t i = 0; i < count; ++i) {
      |                      ~ ^ ~~~~~
/data/strata-lab/JR-Strata-SYCL-v0139-FastFix/sycl/include/dpct/bindless_images.hpp:1350:21: warning: comparison of integers of different signs: 'int' and 'unsigned int' [-Wsign-compare]
 1350 |   for (int i = 0; i < numExtSems; i++) {
      |                   ~ ^ ~~~~~~~~~~
/data/strata-lab/JR-Strata-SYCL-v0139-FastFix/sycl/include/dpct/bindless_images.hpp:1393:21: warning: comparison of integers of different signs: 'int' and 'unsigned int' [-Wsign-compare]
 1393 |   for (int i = 0; i < numExtSems; i++) {
      |                   ~ ^ ~~~~~~~~~~
/data/strata-lab/JR-Strata-SYCL-v0139-FastFix/sycl/include/dpct/bindless_images.hpp:1686:60: warning: unused parameter 'channel' [-Wunused-parameter]
 1686 |   void attach(image_mem_wrapper *mem, const image_channel &channel,
      |                                                            ^
In file included from /data/strata-lab/JR-Strata-SYCL-v0139-FastFix/sycl/src/program/generate.cpp:34:
/data/strata-lab/JR-Strata-SYCL-v0139-FastFix/sycl/../include/strata/core/expert_source.hpp:672:13: warning: 'reads' overrides a member function but is not marked 'override' [-Winconsistent-missing-override]
  672 |     int64_t reads() const { return reads_; }
      |             ^
/data/strata-lab/JR-Strata-SYCL-v0139-FastFix/sycl/../include/strata/core/expert_source.hpp:130:21: note: overridden virtual function is here
  130 |     virtual int64_t reads() const { return 0; }
      |                     ^
/data/strata-lab/JR-Strata-SYCL-v0139-FastFix/sycl/src/program/generate.cpp:216:16: warning: unused variable 'p' [-Wunused-variable]
  216 |     for (void *p : v)(void) 0;
      |                ^
/data/strata-lab/JR-Strata-SYCL-v0139-FastFix/sycl/src/program/generate.cpp:3235:21: warning: expression result unused [-Wunused-value]
 3235 |         if (!named) 0;
      |                     ^
In file included from /data/strata-lab/JR-Strata-SYCL-v0139-FastFix/sycl/src/program/generate.cpp:26:
In file included from /data/strata-lab/JR-Strata-SYCL-v0139-FastFix/sycl/include/dpct/dpct.hpp:53:
In file included from /data/strata-lab/JR-Strata-SYCL-v0139-FastFix/sycl/include/dpct/image.hpp:14:
/data/strata-lab/JR-Strata-SYCL-v0139-FastFix/sycl/include/dpct/memory.hpp:165:17: warning: 'static' function 'get_buffer' declared in header file should be declared 'static inline' [-Wunneeded-internal-declaration]
  165 | static buffer_t get_buffer(const void *ptr) {
      |                 ^~~~~~~~~~
/data/strata-lab/JR-Strata-SYCL-v0139-FastFix/sycl/include/dpct/memory.hpp:141:36: warning: 'static' function 'get_buffer_and_offset' declared in header file should be declared 'static inline' [-Wunneeded-internal-declaration]
  141 | static std::pair<buffer_t, size_t> get_buffer_and_offset(const void *ptr) {
      |                                    ^~~~~~~~~~~~~~~~~~~~~
/data/strata-lab/JR-Strata-SYCL-v0139-FastFix/sycl/include/dpct/memory.hpp:304:13: warning: unused function 'dpct_memcpy' [-Wunused-function]
  304 | static void dpct_memcpy(void *to_ptr, const void *from_ptr, size_t size,
      |             ^~~~~~~~~~~
/data/strata-lab/JR-Strata-SYCL-v0139-FastFix/sycl/include/dpct/memory.hpp:322:13: warning: unused function 'dpct_memcpy' [-Wunused-function]
  322 | static void dpct_memcpy(void *to_ptr, int to_dev_id, const void *from_ptr,
      |             ^~~~~~~~~~~
/data/strata-lab/JR-Strata-SYCL-v0139-FastFix/sycl/include/dpct/memory.hpp:340:13: warning: unused function 'async_dpct_memcpy' [-Wunused-function]
  340 | static void async_dpct_memcpy(void *to_ptr, const void *from_ptr, size_t size,
      |             ^~~~~~~~~~~~~~~~~
/data/strata-lab/JR-Strata-SYCL-v0139-FastFix/sycl/include/dpct/memory.hpp:358:13: warning: unused function 'async_dpct_memcpy' [-Wunused-function]
  358 | static void async_dpct_memcpy(void *to_ptr, int to_dev_id, const void *from_ptr,
      |             ^~~~~~~~~~~~~~~~~
/data/strata-lab/JR-Strata-SYCL-v0139-FastFix/sycl/include/dpct/memory.hpp:494:13: warning: unused function 'dpct_memset' [-Wunused-function]
  494 | static void dpct_memset(void *dev_ptr, int value, size_t size,
      |             ^~~~~~~~~~~
/data/strata-lab/JR-Strata-SYCL-v0139-FastFix/sycl/include/dpct/memory.hpp:507:13: warning: unused function 'dpct_memset_d16' [-Wunused-function]
  507 | static void dpct_memset_d16(void *dev_ptr, unsigned short value, size_t size,
      |             ^~~~~~~~~~~~~~~
/data/strata-lab/JR-Strata-SYCL-v0139-FastFix/sycl/include/dpct/memory.hpp:519:13: warning: unused function 'dpct_memset_d32' [-Wunused-function]
  519 | static void dpct_memset_d32(void *dev_ptr, unsigned int value, size_t size,
      |             ^~~~~~~~~~~~~~~
/data/strata-lab/JR-Strata-SYCL-v0139-FastFix/sycl/include/dpct/memory.hpp:532:13: warning: unused function 'async_dpct_memset' [-Wunused-function]
  532 | static void async_dpct_memset(void *dev_ptr, int value, size_t size,
      |             ^~~~~~~~~~~~~~~~~
/data/strata-lab/JR-Strata-SYCL-v0139-FastFix/sycl/include/dpct/memory.hpp:544:13: warning: unused function 'async_dpct_memset_d16' [-Wunused-function]
  544 | static void async_dpct_memset_d16(void *dev_ptr, unsigned short value, size_t size,
      |             ^~~~~~~~~~~~~~~~~~~~~
/data/strata-lab/JR-Strata-SYCL-v0139-FastFix/sycl/include/dpct/memory.hpp:556:13: warning: unused function 'async_dpct_memset_d32' [-Wunused-function]
  556 | static void async_dpct_memset_d32(void *dev_ptr, unsigned int value, size_t size,
      |             ^~~~~~~~~~~~~~~~~~~~~
In file included from /data/strata-lab/JR-Strata-SYCL-v0139-FastFix/sycl/src/program/generate.cpp:26:
In file included from /data/strata-lab/JR-Strata-SYCL-v0139-FastFix/sycl/include/dpct/dpct.hpp:60:
/data/strata-lab/JR-Strata-SYCL-v0139-FastFix/sycl/include/dpct/graph.hpp:136:1: warning: unused function 'add_empty_node' [-Wunused-function]
  136 | add_empty_node(dpct::experimental::node_ptr *newNode,
      | ^~~~~~~~~~~~~~
/data/strata-lab/JR-Strata-SYCL-v0139-FastFix/sycl/include/dpct/graph.hpp:162:13: warning: unused function 'add_dependencies' [-Wunused-function]
  162 | static void add_dependencies(dpct::experimental::command_graph_ptr graph,
      |             ^~~~~~~~~~~~~~~~
/data/strata-lab/JR-Strata-SYCL-v0139-FastFix/sycl/include/dpct/graph.hpp:176:13: warning: unused function 'get_nodes' [-Wunused-function]
  176 | static void get_nodes(dpct::experimental::command_graph_ptr graph,
      |             ^~~~~~~~~
/data/strata-lab/JR-Strata-SYCL-v0139-FastFix/sycl/include/dpct/graph.hpp:187:13: warning: unused function 'get_root_nodes' [-Wunused-function]
  187 | static void get_root_nodes(dpct::experimental::command_graph_ptr graph,
      |             ^~~~~~~~~~~~~~
/data/strata-lab/JR-Strata-SYCL-v0139-FastFix/sycl/src/program/generate.cpp:1067:5: warning: unused function 'argmax' [-Wunused-function]
 1067 | int argmax(const std::vector<float>& v) {
      |     ^~~~~~
41 warnings generated.
In file included from /data/strata-lab/JR-Strata-SYCL-v0139-FastFix/sycl/src/program/generate.cpp:26:
In file included from /data/strata-lab/JR-Strata-SYCL-v0139-FastFix/sycl/include/dpct/dpct.hpp:53:
In file included from /data/strata-lab/JR-Strata-SYCL-v0139-FastFix/sycl/include/dpct/image.hpp:14:
In file included from /data/strata-lab/JR-Strata-SYCL-v0139-FastFix/sycl/include/dpct/memory.hpp:112:
/data/strata-lab/JR-Strata-SYCL-v0139-FastFix/sycl/include/dpct/detail/memory_detail.hpp:343:30: warning: unused parameter 'direction' [-Wunused-parameter]
  343 |             memcpy_direction direction,
      |                              ^
/data/strata-lab/JR-Strata-SYCL-v0139-FastFix/sycl/include/dpct/detail/memory_detail.hpp:901:29: warning: unused parameter 'cgh' [-Wunused-parameter]
  901 |   get_access(sycl::handler &cgh) {
      |                             ^
In file included from /data/strata-lab/JR-Strata-SYCL-v0139-FastFix/sycl/src/program/generate.cpp:26:
In file included from /data/strata-lab/JR-Strata-SYCL-v0139-FastFix/sycl/include/dpct/dpct.hpp:53:
In file included from /data/strata-lab/JR-Strata-SYCL-v0139-FastFix/sycl/include/dpct/image.hpp:14:
/data/strata-lab/JR-Strata-SYCL-v0139-FastFix/sycl/include/dpct/memory.hpp:816:23: warning: comparison of integers of different signs: 'int' and 'unsigned int' [-Wsign-compare]
  816 |     for (int i = 0; i < numAttributes; i++) {
      |                     ~ ^ ~~~~~~~~~~~~~
In file included from /data/strata-lab/JR-Strata-SYCL-v0139-FastFix/sycl/src/program/generate.cpp:26:
In file included from /data/strata-lab/JR-Strata-SYCL-v0139-FastFix/sycl/include/dpct/dpct.hpp:53:
In file included from /data/strata-lab/JR-Strata-SYCL-v0139-FastFix/sycl/include/dpct/image.hpp:15:
/data/strata-lab/JR-Strata-SYCL-v0139-FastFix/sycl/include/dpct/util.hpp:959:15: warning: comparison of integers of different signs: 'int' and 'size_t' (aka 'unsigned long') [-Wsign-compare]
  959 |   if (wg_size > max_wg_size) {
      |       ~~~~~~~ ^ ~~~~~~~~~~~
/data/strata-lab/JR-Strata-SYCL-v0139-FastFix/sycl/include/dpct/util.hpp:1021:35: warning: comparison of integers of different signs: 'int' and 'size_t' (aka 'unsigned long') [-Wsign-compare]
 1021 |       max_ws_size_for_device_code >= max_wg_size)
      |       ~~~~~~~~~~~~~~~~~~~~~~~~~~~ ^  ~~~~~~~~~~~
/data/strata-lab/JR-Strata-SYCL-v0139-FastFix/sycl/include/dpct/util.hpp:1291:17: warning: '&' within '|' [-Wbitwise-op-parentheses]
 1291 |     result = (a & b | c) ^ a;
      |               ~~^~~ ~
/data/strata-lab/JR-Strata-SYCL-v0139-FastFix/sycl/include/dpct/util.hpp:1291:17: note: place parentheses around the '&' expression to silence this warning
 1291 |     result = (a & b | c) ^ a;
      |                 ^
      |               (    )
/data/strata-lab/JR-Strata-SYCL-v0139-FastFix/sycl/include/dpct/util.hpp:1315:16: warning: '&' within '|' [-Wbitwise-op-parentheses]
 1315 |     result = a & (b | c) | (b & c);
      |              ~~^~~~~~~~~ ~
/data/strata-lab/JR-Strata-SYCL-v0139-FastFix/sycl/include/dpct/util.hpp:1315:16: note: place parentheses around the '&' expression to silence this warning
 1315 |     result = a & (b | c) | (b & c);
      |                ^
      |              (          )
/data/strata-lab/JR-Strata-SYCL-v0139-FastFix/sycl/include/dpct/util.hpp:1318:16: warning: '&' within '|' [-Wbitwise-op-parentheses]
 1318 |     result = a & b | c;
      |              ~~^~~ ~
/data/strata-lab/JR-Strata-SYCL-v0139-FastFix/sycl/include/dpct/util.hpp:1318:16: note: place parentheses around the '&' expression to silence this warning
 1318 |     result = a & b | c;
      |                ^
      |              (    )
In file included from /data/strata-lab/JR-Strata-SYCL-v0139-FastFix/sycl/src/program/generate.cpp:26:
In file included from /data/strata-lab/JR-Strata-SYCL-v0139-FastFix/sycl/include/dpct/dpct.hpp:54:
/data/strata-lab/JR-Strata-SYCL-v0139-FastFix/sycl/include/dpct/kernel.hpp:50:57: warning: unused parameter 'function' [-Wunused-parameter]
   50 |                                             const void *function) {
      |                                                         ^
/data/strata-lab/JR-Strata-SYCL-v0139-FastFix/sycl/include/dpct/kernel.hpp:57:38: warning: unused parameter 'function' [-Wunused-parameter]
   57 | get_kernel_function_info(const void *function) {
      |                                      ^
In file included from /data/strata-lab/JR-Strata-SYCL-v0139-FastFix/sycl/src/program/generate.cpp:26:
In file included from /data/strata-lab/JR-Strata-SYCL-v0139-FastFix/sycl/include/dpct/dpct.hpp:59:
/data/strata-lab/JR-Strata-SYCL-v0139-FastFix/sycl/include/dpct/bindless_images.hpp:629:35: warning: unused parameter 'q' [-Wunused-parameter]
  629 |   void unmap_resource(sycl::queue q) {
      |                                   ^
/data/strata-lab/JR-Strata-SYCL-v0139-FastFix/sycl/include/dpct/bindless_images.hpp:656:9: warning: field '_res_external_mem' will be initialized after field '_res_reg_flags' [-Wreorder-ctor]
  656 |       : _res_external_mem(external_mem), _res_reg_flags(reg_flags) {}
      |         ^~~~~~~~~~~~~~~~~~~~~~~~~~~~~~~  ~~~~~~~~~~~~~~~~~~~~~~~~~
      |         _res_reg_flags(reg_flags)        _res_external_mem(external_mem)
/data/strata-lab/JR-Strata-SYCL-v0139-FastFix/sycl/include/dpct/bindless_images.hpp:1163:24: warning: comparison of integers of different signs: 'size_t' (aka 'unsigned long') and 'int' [-Wsign-compare]
 1163 |   for (size_t i = 0; i < count; ++i) {
      |                      ~ ^ ~~~~~
/data/strata-lab/JR-Strata-SYCL-v0139-FastFix/sycl/include/dpct/bindless_images.hpp:1350:21: warning: comparison of integers of different signs: 'int' and 'unsigned int' [-Wsign-compare]
 1350 |   for (int i = 0; i < numExtSems; i++) {
      |                   ~ ^ ~~~~~~~~~~
/data/strata-lab/JR-Strata-SYCL-v0139-FastFix/sycl/include/dpct/bindless_images.hpp:1393:21: warning: comparison of integers of different signs: 'int' and 'unsigned int' [-Wsign-compare]
 1393 |   for (int i = 0; i < numExtSems; i++) {
      |                   ~ ^ ~~~~~~~~~~
/data/strata-lab/JR-Strata-SYCL-v0139-FastFix/sycl/include/dpct/bindless_images.hpp:1686:60: warning: unused parameter 'channel' [-Wunused-parameter]
 1686 |   void attach(image_mem_wrapper *mem, const image_channel &channel,
      |                                                            ^
In file included from /data/strata-lab/JR-Strata-SYCL-v0139-FastFix/sycl/src/program/generate.cpp:34:
/data/strata-lab/JR-Strata-SYCL-v0139-FastFix/sycl/../include/strata/core/expert_source.hpp:672:13: warning: 'reads' overrides a member function but is not marked 'override' [-Winconsistent-missing-override]
  672 |     int64_t reads() const { return reads_; }
      |             ^
/data/strata-lab/JR-Strata-SYCL-v0139-FastFix/sycl/../include/strata/core/expert_source.hpp:130:21: note: overridden virtual function is here
  130 |     virtual int64_t reads() const { return 0; }
      |                     ^
/data/strata-lab/JR-Strata-SYCL-v0139-FastFix/sycl/src/program/generate.cpp:216:16: warning: unused variable 'p' [-Wunused-variable]
  216 |     for (void *p : v)(void) 0;
      |                ^
/data/strata-lab/JR-Strata-SYCL-v0139-FastFix/sycl/src/program/generate.cpp:3235:21: warning: expression result unused [-Wunused-value]
 3235 |         if (!named) 0;
      |                     ^
In file included from /data/strata-lab/JR-Strata-SYCL-v0139-FastFix/sycl/src/program/generate.cpp:26:
In file included from /data/strata-lab/JR-Strata-SYCL-v0139-FastFix/sycl/include/dpct/dpct.hpp:53:
In file included from /data/strata-lab/JR-Strata-SYCL-v0139-FastFix/sycl/include/dpct/image.hpp:14:
/data/strata-lab/JR-Strata-SYCL-v0139-FastFix/sycl/include/dpct/memory.hpp:165:17: warning: 'static' function 'get_buffer' declared in header file should be declared 'static inline' [-Wunneeded-internal-declaration]
  165 | static buffer_t get_buffer(const void *ptr) {
      |                 ^~~~~~~~~~
/data/strata-lab/JR-Strata-SYCL-v0139-FastFix/sycl/include/dpct/memory.hpp:141:36: warning: 'static' function 'get_buffer_and_offset' declared in header file should be declared 'static inline' [-Wunneeded-internal-declaration]
  141 | static std::pair<buffer_t, size_t> get_buffer_and_offset(const void *ptr) {
      |                                    ^~~~~~~~~~~~~~~~~~~~~
/data/strata-lab/JR-Strata-SYCL-v0139-FastFix/sycl/include/dpct/memory.hpp:304:13: warning: unused function 'dpct_memcpy' [-Wunused-function]
  304 | static void dpct_memcpy(void *to_ptr, const void *from_ptr, size_t size,
      |             ^~~~~~~~~~~
/data/strata-lab/JR-Strata-SYCL-v0139-FastFix/sycl/include/dpct/memory.hpp:322:13: warning: unused function 'dpct_memcpy' [-Wunused-function]
  322 | static void dpct_memcpy(void *to_ptr, int to_dev_id, const void *from_ptr,
      |             ^~~~~~~~~~~
/data/strata-lab/JR-Strata-SYCL-v0139-FastFix/sycl/include/dpct/memory.hpp:340:13: warning: unused function 'async_dpct_memcpy' [-Wunused-function]
  340 | static void async_dpct_memcpy(void *to_ptr, const void *from_ptr, size_t size,
      |             ^~~~~~~~~~~~~~~~~
/data/strata-lab/JR-Strata-SYCL-v0139-FastFix/sycl/include/dpct/memory.hpp:358:13: warning: unused function 'async_dpct_memcpy' [-Wunused-function]
  358 | static void async_dpct_memcpy(void *to_ptr, int to_dev_id, const void *from_ptr,
      |             ^~~~~~~~~~~~~~~~~
/data/strata-lab/JR-Strata-SYCL-v0139-FastFix/sycl/include/dpct/memory.hpp:494:13: warning: unused function 'dpct_memset' [-Wunused-function]
  494 | static void dpct_memset(void *dev_ptr, int value, size_t size,
      |             ^~~~~~~~~~~
/data/strata-lab/JR-Strata-SYCL-v0139-FastFix/sycl/include/dpct/memory.hpp:507:13: warning: unused function 'dpct_memset_d16' [-Wunused-function]
  507 | static void dpct_memset_d16(void *dev_ptr, unsigned short value, size_t size,
      |             ^~~~~~~~~~~~~~~
/data/strata-lab/JR-Strata-SYCL-v0139-FastFix/sycl/include/dpct/memory.hpp:519:13: warning: unused function 'dpct_memset_d32' [-Wunused-function]
  519 | static void dpct_memset_d32(void *dev_ptr, unsigned int value, size_t size,
      |             ^~~~~~~~~~~~~~~
/data/strata-lab/JR-Strata-SYCL-v0139-FastFix/sycl/include/dpct/memory.hpp:532:13: warning: unused function 'async_dpct_memset' [-Wunused-function]
  532 | static void async_dpct_memset(void *dev_ptr, int value, size_t size,
      |             ^~~~~~~~~~~~~~~~~
/data/strata-lab/JR-Strata-SYCL-v0139-FastFix/sycl/include/dpct/memory.hpp:544:13: warning: unused function 'async_dpct_memset_d16' [-Wunused-function]
  544 | static void async_dpct_memset_d16(void *dev_ptr, unsigned short value, size_t size,
      |             ^~~~~~~~~~~~~~~~~~~~~
/data/strata-lab/JR-Strata-SYCL-v0139-FastFix/sycl/include/dpct/memory.hpp:556:13: warning: unused function 'async_dpct_memset_d32' [-Wunused-function]
  556 | static void async_dpct_memset_d32(void *dev_ptr, unsigned int value, size_t size,
      |             ^~~~~~~~~~~~~~~~~~~~~
In file included from /data/strata-lab/JR-Strata-SYCL-v0139-FastFix/sycl/src/program/generate.cpp:26:
In file included from /data/strata-lab/JR-Strata-SYCL-v0139-FastFix/sycl/include/dpct/dpct.hpp:60:
/data/strata-lab/JR-Strata-SYCL-v0139-FastFix/sycl/include/dpct/graph.hpp:136:1: warning: unused function 'add_empty_node' [-Wunused-function]
  136 | add_empty_node(dpct::experimental::node_ptr *newNode,
      | ^~~~~~~~~~~~~~
/data/strata-lab/JR-Strata-SYCL-v0139-FastFix/sycl/include/dpct/graph.hpp:162:13: warning: unused function 'add_dependencies' [-Wunused-function]
  162 | static void add_dependencies(dpct::experimental::command_graph_ptr graph,
      |             ^~~~~~~~~~~~~~~~
/data/strata-lab/JR-Strata-SYCL-v0139-FastFix/sycl/include/dpct/graph.hpp:176:13: warning: unused function 'get_nodes' [-Wunused-function]
  176 | static void get_nodes(dpct::experimental::command_graph_ptr graph,
      |             ^~~~~~~~~
/data/strata-lab/JR-Strata-SYCL-v0139-FastFix/sycl/include/dpct/graph.hpp:187:13: warning: unused function 'get_root_nodes' [-Wunused-function]
  187 | static void get_root_nodes(dpct::experimental::command_graph_ptr graph,
      |             ^~~~~~~~~~~~~~
/data/strata-lab/JR-Strata-SYCL-v0139-FastFix/sycl/src/program/generate.cpp:1067:5: warning: unused function 'argmax' [-Wunused-function]
 1067 | int argmax(const std::vector<float>& v) {
      |     ^~~~~~
36 warnings generated.
[8/17] Linking CXX executable ple_parity
Compilation from IR - skipping loading of FCL

[bmg-g21] warning: in kernel 'typeinfo name for strata::kernels::xmx_gemm_iq(int, void const*, void const*, long, int, unsigned short const*, int, float*, long, void*)::'lambda'(sycl::_V1::handler&)::operator()(sycl::_V1::handler&) const::'lambda'(sycl::_V1::nd_item<3>)': [RetryManager] Start recompilation of the kernel

[bmg-g21] warning: in kernel 'typeinfo name for strata::kernels::xmx_gemm_iq(int, void const*, void const*, long, int, unsigned short const*, int, float*, long, void*)::'lambda'(sycl::_V1::handler&)::operator()(sycl::_V1::handler&) const::'lambda'(sycl::_V1::nd_item<3>)': compiled SIMD16 allocated 128 regs and spilled around 73

Build succeeded.
Compilation from IR - skipping loading of FCL
Build succeeded.
Compilation from IR - skipping loading of FCL
Build succeeded.
Compilation from IR - skipping loading of FCL
Build succeeded.
Compilation from IR - skipping loading of FCL
Build succeeded.
Compilation from IR - skipping loading of FCL
Build succeeded.
Compilation from IR - skipping loading of FCL
Build succeeded.
Compilation from IR - skipping loading of FCL
Build succeeded.
Compilation from IR - skipping loading of FCL
Build succeeded.
Compilation from IR - skipping loading of FCL
Build succeeded.
Compilation from IR - skipping loading of FCL
Build succeeded.
Compilation from IR - skipping loading of FCL
Build succeeded.
Compilation from IR - skipping loading of FCL
Build succeeded.
Compilation from IR - skipping loading of FCL
Build succeeded.
Compilation from IR - skipping loading of FCL
Build succeeded.
Compilation from IR - skipping loading of FCL
Build succeeded.
Compilation from IR - skipping loading of FCL
Build succeeded.
Compilation from IR - skipping loading of FCL
Build succeeded.
Compilation from IR - skipping loading of FCL
Build succeeded.
Compilation from IR - skipping loading of FCL
Build succeeded.
Compilation from IR - skipping loading of FCL
Build succeeded.
Compilation from IR - skipping loading of FCL
Build succeeded.
Compilation from IR - skipping loading of FCL
Build succeeded.
Compilation from IR - skipping loading of FCL
Build succeeded.
Compilation from IR - skipping loading of FCL
Build succeeded.
Compilation from IR - skipping loading of FCL
Build succeeded.
Compilation from IR - skipping loading of FCL
Build succeeded.
Compilation from IR - skipping loading of FCL
Build succeeded.
Compilation from IR - skipping loading of FCL
Build succeeded.
Compilation from IR - skipping loading of FCL
Build succeeded.
Compilation from IR - skipping loading of FCL
Build succeeded.
Compilation from IR - skipping loading of FCL
Build succeeded.
Compilation from IR - skipping loading of FCL
Build succeeded.
Compilation from IR - skipping loading of FCL
Build succeeded.
Compilation from IR - skipping loading of FCL
Build succeeded.
Compilation from IR - skipping loading of FCL
Build succeeded.
Compilation from IR - skipping loading of FCL
Build succeeded.
Compilation from IR - skipping loading of FCL
Build succeeded.
Compilation from IR - skipping loading of FCL
Build succeeded.
Compilation from IR - skipping loading of FCL
Build succeeded.
Compilation from IR - skipping loading of FCL
Build succeeded.
Compilation from IR - skipping loading of FCL
Build succeeded.
Compilation from IR - skipping loading of FCL
Build succeeded.
Compilation from IR - skipping loading of FCL
Build succeeded.
Compilation from IR - skipping loading of FCL
Build succeeded.
Compilation from IR - skipping loading of FCL
Build succeeded.
Compilation from IR - skipping loading of FCL
Build succeeded.
Compilation from IR - skipping loading of FCL
Build succeeded.
Compilation from IR - skipping loading of FCL
Build succeeded.
Compilation from IR - skipping loading of FCL
Build succeeded.
Compilation from IR - skipping loading of FCL
Build succeeded.
Compilation from IR - skipping loading of FCL
Build succeeded.
Compilation from IR - skipping loading of FCL
Build succeeded.
Compilation from IR - skipping loading of FCL
Build succeeded.
Compilation from IR - skipping loading of FCL
Build succeeded.
Compilation from IR - skipping loading of FCL
Build succeeded.
Compilation from IR - skipping loading of FCL
Build succeeded.
Compilation from IR - skipping loading of FCL
Build succeeded.
Compilation from IR - skipping loading of FCL
Build succeeded.
Compilation from IR - skipping loading of FCL
Build succeeded.
Compilation from IR - skipping loading of FCL
Build succeeded.
Compilation from IR - skipping loading of FCL
Build succeeded.
Compilation from IR - skipping loading of FCL
Build succeeded.
Compilation from IR - skipping loading of FCL
Build succeeded.
Compilation from IR - skipping loading of FCL
Build succeeded.
Compilation from IR - skipping loading of FCL
Build succeeded.
Compilation from IR - skipping loading of FCL
Build succeeded.
Compilation from IR - skipping loading of FCL
Build succeeded.
Compilation from IR - skipping loading of FCL
Build succeeded.
Compilation from IR - skipping loading of FCL
Build succeeded.
Compilation from IR - skipping loading of FCL
Build succeeded.
Compilation from IR - skipping loading of FCL
Build succeeded.
Compilation from IR - skipping loading of FCL
Build succeeded.
Compilation from IR - skipping loading of FCL
Build succeeded.
Compilation from IR - skipping loading of FCL
Build succeeded.
Compilation from IR - skipping loading of FCL
Build succeeded.
Compilation from IR - skipping loading of FCL
Build succeeded.
Compilation from IR - skipping loading of FCL
Build succeeded.
Compilation from IR - skipping loading of FCL
Build succeeded.
Compilation from IR - skipping loading of FCL
Build succeeded.
Compilation from IR - skipping loading of FCL
Build succeeded.
Compilation from IR - skipping loading of FCL
Build succeeded.
Compilation from IR - skipping loading of FCL
Build succeeded.
Compilation from IR - skipping loading of FCL
Build succeeded.
Compilation from IR - skipping loading of FCL
Build succeeded.
Compilation from IR - skipping loading of FCL
Build succeeded.
Compilation from IR - skipping loading of FCL
Build succeeded.
Compilation from IR - skipping loading of FCL
Build succeeded.
Compilation from IR - skipping loading of FCL
Build succeeded.
Compilation from IR - skipping loading of FCL
Build succeeded.
Compilation from IR - skipping loading of FCL
Build succeeded.
Compilation from IR - skipping loading of FCL
Build succeeded.
Compilation from IR - skipping loading of FCL
Build succeeded.
Compilation from IR - skipping loading of FCL
Build succeeded.
Compilation from IR - skipping loading of FCL
Build succeeded.
Compilation from IR - skipping loading of FCL
Build succeeded.
Compilation from IR - skipping loading of FCL
Build succeeded.
Compilation from IR - skipping loading of FCL
Build succeeded.
Compilation from IR - skipping loading of FCL
Build succeeded.
Compilation from IR - skipping loading of FCL
Build succeeded.
Compilation from IR - skipping loading of FCL
Build succeeded.
Compilation from IR - skipping loading of FCL
Build succeeded.
Compilation from IR - skipping loading of FCL
Build succeeded.
Compilation from IR - skipping loading of FCL
Build succeeded.
Compilation from IR - skipping loading of FCL
Build succeeded.
Compilation from IR - skipping loading of FCL
Build succeeded.
Compilation from IR - skipping loading of FCL
Build succeeded.
Compilation from IR - skipping loading of FCL
Build succeeded.
Compilation from IR - skipping loading of FCL
Build succeeded.
Compilation from IR - skipping loading of FCL
Build succeeded.
Compilation from IR - skipping loading of FCL
Build succeeded.
Compilation from IR - skipping loading of FCL
Build succeeded.
Compilation from IR - skipping loading of FCL
Build succeeded.
Compilation from IR - skipping loading of FCL
Build succeeded.
Compilation from IR - skipping loading of FCL
Build succeeded.
Compilation from IR - skipping loading of FCL
Build succeeded.
Compilation from IR - skipping loading of FCL
Build succeeded.
Compilation from IR - skipping loading of FCL
Build succeeded.
Compilation from IR - skipping loading of FCL
Build succeeded.
Compilation from IR - skipping loading of FCL
Build succeeded.
Compilation from IR - skipping loading of FCL
Build succeeded.
Compilation from IR - skipping loading of FCL
Build succeeded.
Compilation from IR - skipping loading of FCL
Build succeeded.
Compilation from IR - skipping loading of FCL
Build succeeded.
Compilation from IR - skipping loading of FCL
Build succeeded.
Compilation from IR - skipping loading of FCL
Build succeeded.
Compilation from IR - skipping loading of FCL
Build succeeded.
Compilation from IR - skipping loading of FCL
Build succeeded.
Compilation from IR - skipping loading of FCL
Build succeeded.
Compilation from IR - skipping loading of FCL
Build succeeded.
Compilation from IR - skipping loading of FCL
Build succeeded.
Compilation from IR - skipping loading of FCL
Build succeeded.
Compilation from IR - skipping loading of FCL
Build succeeded.
Compilation from IR - skipping loading of FCL
Build succeeded.
Compilation from IR - skipping loading of FCL
Build succeeded.
Compilation from IR - skipping loading of FCL
Build succeeded.
Compilation from IR - skipping loading of FCL
Build succeeded.
Compilation from IR - skipping loading of FCL
Build succeeded.
Compilation from IR - skipping loading of FCL
Build succeeded.
Compilation from IR - skipping loading of FCL
Build succeeded.
Compilation from IR - skipping loading of FCL
Build succeeded.
Compilation from IR - skipping loading of FCL
Build succeeded.
Compilation from IR - skipping loading of FCL
Build succeeded.
Compilation from IR - skipping loading of FCL
Build succeeded.
Compilation from IR - skipping loading of FCL
Build succeeded.
Compilation from IR - skipping loading of FCL
Build succeeded.
Compilation from IR - skipping loading of FCL
Build succeeded.
Compilation from IR - skipping loading of FCL
Build succeeded.
Compilation from IR - skipping loading of FCL
Build succeeded.
Compilation from IR - skipping loading of FCL
Build succeeded.
Compilation from IR - skipping loading of FCL
Build succeeded.
Compilation from IR - skipping loading of FCL
Build succeeded.
Compilation from IR - skipping loading of FCL
Build succeeded.
Compilation from IR - skipping loading of FCL
Build succeeded.
Compilation from IR - skipping loading of FCL
Build succeeded.
Compilation from IR - skipping loading of FCL
Build succeeded.
Compilation from IR - skipping loading of FCL
Build succeeded.
Compilation from IR - skipping loading of FCL
Build succeeded.
Compilation from IR - skipping loading of FCL

[bmg-g21] warning: in kernel 'typeinfo name for dpct_kernel_name<void strata::kernels::(anonymous namespace)::launch_q6k_wide224<4>(void const*, void const*, float*, int, int, sycl::_V1::queue*)::native_mmvq_q6k_wide224, dpct_kernel_scalar<4>>': compiled SIMD32 allocated 128 regs and spilled around 4

Build succeeded.
Compilation from IR - skipping loading of FCL
Build succeeded.
Compilation from IR - skipping loading of FCL
Build succeeded.
Compilation from IR - skipping loading of FCL
Build succeeded.
Compilation from IR - skipping loading of FCL
Build succeeded.
Compilation from IR - skipping loading of FCL
Build succeeded.
Compilation from IR - skipping loading of FCL
Build succeeded.
Compilation from IR - skipping loading of FCL
Build succeeded.
Compilation from IR - skipping loading of FCL
Build succeeded.
Compilation from IR - skipping loading of FCL
Build succeeded.
Compilation from IR - skipping loading of FCL
Build succeeded.
Compilation from IR - skipping loading of FCL
Build succeeded.
Compilation from IR - skipping loading of FCL
Build succeeded.
Compilation from IR - skipping loading of FCL
Build succeeded.
Compilation from IR - skipping loading of FCL
Build succeeded.
Compilation from IR - skipping loading of FCL
Build succeeded.
Compilation from IR - skipping loading of FCL
Build succeeded.
Compilation from IR - skipping loading of FCL
Build succeeded.
Compilation from IR - skipping loading of FCL
Build succeeded.
Compilation from IR - skipping loading of FCL
Build succeeded.
Compilation from IR - skipping loading of FCL
Build succeeded.
Compilation from IR - skipping loading of FCL
Build succeeded.
Compilation from IR - skipping loading of FCL
Build succeeded.
Compilation from IR - skipping loading of FCL
Build succeeded.
Compilation from IR - skipping loading of FCL
Build succeeded.
Compilation from IR - skipping loading of FCL
Build succeeded.
Compilation from IR - skipping loading of FCL
Build succeeded.
Compilation from IR - skipping loading of FCL
Build succeeded.
Compilation from IR - skipping loading of FCL
Build succeeded.
Compilation from IR - skipping loading of FCL
Build succeeded.
Compilation from IR - skipping loading of FCL
Build succeeded.
Compilation from IR - skipping loading of FCL
Build succeeded.
Compilation from IR - skipping loading of FCL
Build succeeded.
Compilation from IR - skipping loading of FCL
Build succeeded.
Compilation from IR - skipping loading of FCL
Build succeeded.
Compilation from IR - skipping loading of FCL
Build succeeded.
Compilation from IR - skipping loading of FCL
Build succeeded.
Compilation from IR - skipping loading of FCL
Build succeeded.
Compilation from IR - skipping loading of FCL
Build succeeded.
Compilation from IR - skipping loading of FCL
Build succeeded.
Compilation from IR - skipping loading of FCL
Build succeeded.
Compilation from IR - skipping loading of FCL
Build succeeded.
Compilation from IR - skipping loading of FCL
Build succeeded.
Compilation from IR - skipping loading of FCL
Build succeeded.
Compilation from IR - skipping loading of FCL
Build succeeded.
Compilation from IR - skipping loading of FCL
Build succeeded.
Compilation from IR - skipping loading of FCL
Build succeeded.
Compilation from IR - skipping loading of FCL
Build succeeded.
Compilation from IR - skipping loading of FCL
Build succeeded.
Compilation from IR - skipping loading of FCL
Build succeeded.
Compilation from IR - skipping loading of FCL
Build succeeded.
Compilation from IR - skipping loading of FCL
Build succeeded.
Compilation from IR - skipping loading of FCL
Build succeeded.
Compilation from IR - skipping loading of FCL
Build succeeded.
Compilation from IR - skipping loading of FCL
Build succeeded.
Compilation from IR - skipping loading of FCL
Build succeeded.
Compilation from IR - skipping loading of FCL
Build succeeded.
Compilation from IR - skipping loading of FCL
Build succeeded.
Compilation from IR - skipping loading of FCL
Build succeeded.
Compilation from IR - skipping loading of FCL
Build succeeded.
Compilation from IR - skipping loading of FCL
Build succeeded.
Compilation from IR - skipping loading of FCL
Build succeeded.
Compilation from IR - skipping loading of FCL
Build succeeded.
Compilation from IR - skipping loading of FCL
Build succeeded.
Compilation from IR - skipping loading of FCL
Build succeeded.
Compilation from IR - skipping loading of FCL
Build succeeded.
Compilation from IR - skipping loading of FCL
Build succeeded.
Compilation from IR - skipping loading of FCL
Build succeeded.
Compilation from IR - skipping loading of FCL

[bmg-g21] warning: in kernel 'typeinfo name for dpct_kernel_name<void strata::kernels::(anonymous namespace)::launch_q6k_wide<4>(void const*, void const*, float*, int, int, sycl::_V1::queue*)::native_mmvq_q6k_wide_a2, dpct_kernel_scalar<4>>': compiled SIMD32 allocated 128 regs and spilled around 6

Build succeeded.
Compilation from IR - skipping loading of FCL
Build succeeded.
Compilation from IR - skipping loading of FCL

[bmg-g21] warning: in kernel 'typeinfo name for dpct_kernel_name<void strata::kernels::(anonymous namespace)::launch_q6k_wide<4>(void const*, void const*, float*, int, int, sycl::_V1::queue*)::native_mmvq_q6k_wide1, dpct_kernel_scalar<4>>': compiled SIMD32 allocated 128 regs and spilled around 4

Build succeeded.
Compilation from IR - skipping loading of FCL
Build succeeded.
Compilation from IR - skipping loading of FCL
Build succeeded.
Compilation from IR - skipping loading of FCL

[bmg-g21] warning: in kernel 'typeinfo name for dpct_kernel_name<void strata::kernels::(anonymous namespace)::launch_q6k_wide<4>(void const*, void const*, float*, int, int, sycl::_V1::queue*)::native_mmvq_q6k_wide, dpct_kernel_scalar<4>, dpct_kernel_scalar<1>>': compiled SIMD32 allocated 128 regs and spilled around 4

Build succeeded.
Compilation from IR - skipping loading of FCL
Build succeeded.
Compilation from IR - skipping loading of FCL
Build succeeded.
Compilation from IR - skipping loading of FCL
Build succeeded.
Compilation from IR - skipping loading of FCL
Build succeeded.
Compilation from IR - skipping loading of FCL
Build succeeded.
Compilation from IR - skipping loading of FCL
Build succeeded.
Compilation from IR - skipping loading of FCL
Build succeeded.
Compilation from IR - skipping loading of FCL
Build succeeded.
Compilation from IR - skipping loading of FCL
Build succeeded.
Compilation from IR - skipping loading of FCL
Build succeeded.
Compilation from IR - skipping loading of FCL
Build succeeded.
Compilation from IR - skipping loading of FCL
Build succeeded.
Compilation from IR - skipping loading of FCL
Build succeeded.
Compilation from IR - skipping loading of FCL
Build succeeded.
Compilation from IR - skipping loading of FCL
Build succeeded.
Compilation from IR - skipping loading of FCL
Build succeeded.
Compilation from IR - skipping loading of FCL
Build succeeded.
Compilation from IR - skipping loading of FCL
Build succeeded.
Compilation from IR - skipping loading of FCL
Build succeeded.
Compilation from IR - skipping loading of FCL
Build succeeded.
Compilation from IR - skipping loading of FCL
Build succeeded.
Compilation from IR - skipping loading of FCL
Build succeeded.
Compilation from IR - skipping loading of FCL
Build succeeded.
Compilation from IR - skipping loading of FCL
Build succeeded.
Compilation from IR - skipping loading of FCL
Build succeeded.
Compilation from IR - skipping loading of FCL
Build succeeded.
Compilation from IR - skipping loading of FCL
Build succeeded.
Compilation from IR - skipping loading of FCL

[bmg-g21] warning: in kernel 'typeinfo name for dpct_kernel_name<void strata::kernels::(anonymous namespace)::launch_q6k_wide<1>(void const*, void const*, float*, int, int, sycl::_V1::queue*)::native_mmvq_q6k_wide, dpct_kernel_scalar<1>, dpct_kernel_scalar<4>>': compiled SIMD32 allocated 128 regs and spilled around 2

Build succeeded.
Compilation from IR - skipping loading of FCL
Build succeeded.
Compilation from IR - skipping loading of FCL
Build succeeded.
Compilation from IR - skipping loading of FCL
Build succeeded.
Compilation from IR - skipping loading of FCL
Build succeeded.
Compilation from IR - skipping loading of FCL
Build succeeded.
Compilation from IR - skipping loading of FCL
Build succeeded.
Compilation from IR - skipping loading of FCL
Build succeeded.
Compilation from IR - skipping loading of FCL
Build succeeded.
Compilation from IR - skipping loading of FCL
Build succeeded.
Compilation from IR - skipping loading of FCL
Build succeeded.
Compilation from IR - skipping loading of FCL
Build succeeded.
Compilation from IR - skipping loading of FCL
Build succeeded.
Compilation from IR - skipping loading of FCL
Build succeeded.
Compilation from IR - skipping loading of FCL
Build succeeded.
Compilation from IR - skipping loading of FCL
Build succeeded.
Compilation from IR - skipping loading of FCL
Build succeeded.
Compilation from IR - skipping loading of FCL
Build succeeded.
Compilation from IR - skipping loading of FCL
Build succeeded.
Compilation from IR - skipping loading of FCL
Build succeeded.
Compilation from IR - skipping loading of FCL
Build succeeded.
Compilation from IR - skipping loading of FCL
Build succeeded.
Compilation from IR - skipping loading of FCL
Build succeeded.
Compilation from IR - skipping loading of FCL
Build succeeded.
Compilation from IR - skipping loading of FCL
Build succeeded.
Compilation from IR - skipping loading of FCL
Build succeeded.
Compilation from IR - skipping loading of FCL
Build succeeded.
Compilation from IR - skipping loading of FCL
Build succeeded.
Compilation from IR - skipping loading of FCL
Build succeeded.
Compilation from IR - skipping loading of FCL
Build succeeded.
Compilation from IR - skipping loading of FCL
Build succeeded.
Compilation from IR - skipping loading of FCL
Build succeeded.
Compilation from IR - skipping loading of FCL
Build succeeded.
Compilation from IR - skipping loading of FCL
Build succeeded.
Compilation from IR - skipping loading of FCL
Build succeeded.
Compilation from IR - skipping loading of FCL
Build succeeded.
Compilation from IR - skipping loading of FCL
Build succeeded.
Compilation from IR - skipping loading of FCL
Build succeeded.
Compilation from IR - skipping loading of FCL
Build succeeded.
Compilation from IR - skipping loading of FCL
Build succeeded.
Compilation from IR - skipping loading of FCL
Build succeeded.
Compilation from IR - skipping loading of FCL
Build succeeded.
Compilation from IR - skipping loading of FCL
Build succeeded.
Compilation from IR - skipping loading of FCL
Build succeeded.
Compilation from IR - skipping loading of FCL
Build succeeded.
Compilation from IR - skipping loading of FCL
Build succeeded.
Compilation from IR - skipping loading of FCL
Build succeeded.
Compilation from IR - skipping loading of FCL
Build succeeded.
Compilation from IR - skipping loading of FCL
Build succeeded.
Compilation from IR - skipping loading of FCL
Build succeeded.
Compilation from IR - skipping loading of FCL
Build succeeded.
Compilation from IR - skipping loading of FCL
Build succeeded.
Compilation from IR - skipping loading of FCL
Build succeeded.
Compilation from IR - skipping loading of FCL
Build succeeded.
Compilation from IR - skipping loading of FCL
Build succeeded.
Compilation from IR - skipping loading of FCL
Build succeeded.
Compilation from IR - skipping loading of FCL
Build succeeded.
Compilation from IR - skipping loading of FCL
Build succeeded.
Compilation from IR - skipping loading of FCL
Build succeeded.
Compilation from IR - skipping loading of FCL
Build succeeded.
Compilation from IR - skipping loading of FCL
Build succeeded.
Compilation from IR - skipping loading of FCL
Build succeeded.
Compilation from IR - skipping loading of FCL
Build succeeded.
Compilation from IR - skipping loading of FCL
Build succeeded.
Compilation from IR - skipping loading of FCL
Build succeeded.
Compilation from IR - skipping loading of FCL
Build succeeded.
Compilation from IR - skipping loading of FCL

[bmg-g21] warning: in kernel 'typeinfo name for dpct_kernel_name<void strata::kernels::(anonymous namespace)::launch_multi_n<strata::kernels::(anonymous namespace)::Q5KTraits, 6>(void const*, void const*, float*, int, int, sycl::_V1::queue*)::native_mmvq_multi_kernel_23124e, strata::kernels::(anonymous namespace)::Q5KTraits, dpct_kernel_scalar<6>, dpct_kernel_scalar<4>, dpct_kernel_scalar<4>>': compiled SIMD32 allocated 128 regs and spilled around 13

Build succeeded.
Compilation from IR - skipping loading of FCL
Build succeeded.
Compilation from IR - skipping loading of FCL
Build succeeded.
Compilation from IR - skipping loading of FCL
Build succeeded.
Compilation from IR - skipping loading of FCL
Build succeeded.
Compilation from IR - skipping loading of FCL

[bmg-g21] warning: in kernel 'typeinfo name for dpct_kernel_name<void strata::kernels::(anonymous namespace)::launch_multi_n<strata::kernels::(anonymous namespace)::Q5KTraits, 5>(void const*, void const*, float*, int, int, sycl::_V1::queue*)::native_mmvq_multi_kernel_23124e, strata::kernels::(anonymous namespace)::Q5KTraits, dpct_kernel_scalar<5>, dpct_kernel_scalar<4>, dpct_kernel_scalar<4>>': compiled SIMD32 allocated 128 regs and spilled around 2

Build succeeded.
Compilation from IR - skipping loading of FCL
Build succeeded.
Compilation from IR - skipping loading of FCL
Build succeeded.
Compilation from IR - skipping loading of FCL
Build succeeded.
Compilation from IR - skipping loading of FCL
Build succeeded.
Compilation from IR - skipping loading of FCL
Build succeeded.
Compilation from IR - skipping loading of FCL
Build succeeded.
Compilation from IR - skipping loading of FCL
Build succeeded.
Compilation from IR - skipping loading of FCL
Build succeeded.
Compilation from IR - skipping loading of FCL
Build succeeded.
Compilation from IR - skipping loading of FCL
Build succeeded.
Compilation from IR - skipping loading of FCL
Build succeeded.
Compilation from IR - skipping loading of FCL
Build succeeded.
Compilation from IR - skipping loading of FCL
Build succeeded.
Compilation from IR - skipping loading of FCL
Build succeeded.
Compilation from IR - skipping loading of FCL
Build succeeded.
Compilation from IR - skipping loading of FCL
Build succeeded.
Compilation from IR - skipping loading of FCL
Build succeeded.
Compilation from IR - skipping loading of FCL
Build succeeded.
Compilation from IR - skipping loading of FCL
Build succeeded.
Compilation from IR - skipping loading of FCL
Build succeeded.
Compilation from IR - skipping loading of FCL
Build succeeded.
Compilation from IR - skipping loading of FCL
Build succeeded.
Compilation from IR - skipping loading of FCL
Build succeeded.
Compilation from IR - skipping loading of FCL
Build succeeded.
Compilation from IR - skipping loading of FCL

[bmg-g21] warning: in kernel 'typeinfo name for dpct_kernel_name<void strata::kernels::(anonymous namespace)::launch_multi_n<strata::kernels::(anonymous namespace)::Q4KTraits, 7>(void const*, void const*, float*, int, int, sycl::_V1::queue*)::native_mmvq_multi_kernel_23124e, strata::kernels::(anonymous namespace)::Q4KTraits, dpct_kernel_scalar<7>, dpct_kernel_scalar<4>, dpct_kernel_scalar<4>>': compiled SIMD32 allocated 128 regs and spilled around 19

Build succeeded.
Compilation from IR - skipping loading of FCL
Build succeeded.
Compilation from IR - skipping loading of FCL
Build succeeded.
Compilation from IR - skipping loading of FCL
Build succeeded.
Compilation from IR - skipping loading of FCL
Build succeeded.
Compilation from IR - skipping loading of FCL
Build succeeded.
Compilation from IR - skipping loading of FCL
Build succeeded.
Compilation from IR - skipping loading of FCL
Build succeeded.
Compilation from IR - skipping loading of FCL
Build succeeded.
Compilation from IR - skipping loading of FCL
Build succeeded.
Compilation from IR - skipping loading of FCL
Build succeeded.
Compilation from IR - skipping loading of FCL
Build succeeded.
Compilation from IR - skipping loading of FCL
Build succeeded.
Compilation from IR - skipping loading of FCL
Build succeeded.
Compilation from IR - skipping loading of FCL
Build succeeded.
Compilation from IR - skipping loading of FCL
Build succeeded.
Compilation from IR - skipping loading of FCL
Build succeeded.
Compilation from IR - skipping loading of FCL
Build succeeded.
Compilation from IR - skipping loading of FCL
Build succeeded.
Compilation from IR - skipping loading of FCL
Build succeeded.
Compilation from IR - skipping loading of FCL
Build succeeded.
Compilation from IR - skipping loading of FCL
Build succeeded.
Compilation from IR - skipping loading of FCL
Build succeeded.
Compilation from IR - skipping loading of FCL
Build succeeded.
Compilation from IR - skipping loading of FCL
Build succeeded.
Compilation from IR - skipping loading of FCL
Build succeeded.
Compilation from IR - skipping loading of FCL
Build succeeded.
Compilation from IR - skipping loading of FCL
Build succeeded.
Compilation from IR - skipping loading of FCL
Build succeeded.
Compilation from IR - skipping loading of FCL
Build succeeded.
Compilation from IR - skipping loading of FCL
Build succeeded.
Compilation from IR - skipping loading of FCL
Build succeeded.
Compilation from IR - skipping loading of FCL
Build succeeded.
Compilation from IR - skipping loading of FCL
Build succeeded.
Compilation from IR - skipping loading of FCL
Build succeeded.
Compilation from IR - skipping loading of FCL
Build succeeded.
Compilation from IR - skipping loading of FCL
Build succeeded.
Compilation from IR - skipping loading of FCL
Build succeeded.
Compilation from IR - skipping loading of FCL
Build succeeded.
Compilation from IR - skipping loading of FCL
Build succeeded.
Compilation from IR - skipping loading of FCL
Build succeeded.
Compilation from IR - skipping loading of FCL
Build succeeded.
Compilation from IR - skipping loading of FCL
Build succeeded.
Compilation from IR - skipping loading of FCL
Build succeeded.
Compilation from IR - skipping loading of FCL
Build succeeded.
Compilation from IR - skipping loading of FCL
Build succeeded.
Compilation from IR - skipping loading of FCL
Build succeeded.
Compilation from IR - skipping loading of FCL
Build succeeded.
Compilation from IR - skipping loading of FCL
Build succeeded.
Compilation from IR - skipping loading of FCL
Build succeeded.
Compilation from IR - skipping loading of FCL
Build succeeded.
Compilation from IR - skipping loading of FCL
Build succeeded.
Compilation from IR - skipping loading of FCL
Build succeeded.
Compilation from IR - skipping loading of FCL
Build succeeded.
Compilation from IR - skipping loading of FCL
Build succeeded.
Compilation from IR - skipping loading of FCL
Build succeeded.
Compilation from IR - skipping loading of FCL
Build succeeded.
Compilation from IR - skipping loading of FCL
Build succeeded.
Compilation from IR - skipping loading of FCL
Build succeeded.
Compilation from IR - skipping loading of FCL
Build succeeded.
Compilation from IR - skipping loading of FCL
Build succeeded.
Compilation from IR - skipping loading of FCL
Build succeeded.
Compilation from IR - skipping loading of FCL
Build succeeded.
Compilation from IR - skipping loading of FCL
Build succeeded.
Compilation from IR - skipping loading of FCL
Build succeeded.
Compilation from IR - skipping loading of FCL
Build succeeded.
Compilation from IR - skipping loading of FCL
Build succeeded.
Compilation from IR - skipping loading of FCL
Build succeeded.
Compilation from IR - skipping loading of FCL
Build succeeded.
Compilation from IR - skipping loading of FCL
Build succeeded.
Compilation from IR - skipping loading of FCL

[bmg-g21] warning: in kernel 'typeinfo name for dpct_kernel_name<void strata::kernels::(anonymous namespace)::launch_multi_n<strata::kernels::(anonymous namespace)::Q20Traits, 7>(void const*, void const*, float*, int, int, sycl::_V1::queue*)::native_mmvq_multi_kernel_23124e, strata::kernels::(anonymous namespace)::Q20Traits, dpct_kernel_scalar<7>, dpct_kernel_scalar<4>, dpct_kernel_scalar<4>>': compiled SIMD32 allocated 128 regs and spilled around 93

Build succeeded.
Compilation from IR - skipping loading of FCL
Build succeeded.
Compilation from IR - skipping loading of FCL
Build succeeded.
Compilation from IR - skipping loading of FCL
Build succeeded.
Compilation from IR - skipping loading of FCL
Build succeeded.
Compilation from IR - skipping loading of FCL

[bmg-g21] warning: in kernel 'typeinfo name for dpct_kernel_name<void strata::kernels::(anonymous namespace)::launch_multi_n<strata::kernels::(anonymous namespace)::Q20Traits, 6>(void const*, void const*, float*, int, int, sycl::_V1::queue*)::native_mmvq_multi_kernel_23124e, strata::kernels::(anonymous namespace)::Q20Traits, dpct_kernel_scalar<6>, dpct_kernel_scalar<4>, dpct_kernel_scalar<4>>': compiled SIMD32 allocated 128 regs and spilled around 55

Build succeeded.
Compilation from IR - skipping loading of FCL
Build succeeded.
Compilation from IR - skipping loading of FCL
Build succeeded.
Compilation from IR - skipping loading of FCL
Build succeeded.
Compilation from IR - skipping loading of FCL
Build succeeded.
Compilation from IR - skipping loading of FCL

[bmg-g21] warning: in kernel 'typeinfo name for dpct_kernel_name<void strata::kernels::(anonymous namespace)::launch_multi_n<strata::kernels::(anonymous namespace)::Q20Traits, 5>(void const*, void const*, float*, int, int, sycl::_V1::queue*)::native_mmvq_multi_kernel_23124e, strata::kernels::(anonymous namespace)::Q20Traits, dpct_kernel_scalar<5>, dpct_kernel_scalar<4>, dpct_kernel_scalar<4>>': compiled SIMD32 allocated 128 regs and spilled around 17

Build succeeded.
Compilation from IR - skipping loading of FCL
Build succeeded.
Compilation from IR - skipping loading of FCL
Build succeeded.
Compilation from IR - skipping loading of FCL
Build succeeded.
Compilation from IR - skipping loading of FCL
Build succeeded.
Compilation from IR - skipping loading of FCL
Build succeeded.
Compilation from IR - skipping loading of FCL
Build succeeded.
Compilation from IR - skipping loading of FCL
Build succeeded.
Compilation from IR - skipping loading of FCL
Build succeeded.
Compilation from IR - skipping loading of FCL
Build succeeded.
Compilation from IR - skipping loading of FCL

[bmg-g21] warning: in kernel 'typeinfo name for dpct_kernel_name<void strata::kernels::(anonymous namespace)::launch_multi_n<strata::kernels::(anonymous namespace)::Q20Traits, 3>(void const*, void const*, float*, int, int, sycl::_V1::queue*)::native_mmvq_multi_kernel_23124e, strata::kernels::(anonymous namespace)::Q20Traits, dpct_kernel_scalar<3>, dpct_kernel_scalar<4>, dpct_kernel_scalar<4>>': compiled SIMD32 allocated 128 regs and spilled around 11

Build succeeded.
Compilation from IR - skipping loading of FCL
Build succeeded.
Compilation from IR - skipping loading of FCL
Build succeeded.
Compilation from IR - skipping loading of FCL
Build succeeded.
Compilation from IR - skipping loading of FCL
Build succeeded.
Compilation from IR - skipping loading of FCL
Build succeeded.
Compilation from IR - skipping loading of FCL
Build succeeded.
Compilation from IR - skipping loading of FCL
Build succeeded.
Compilation from IR - skipping loading of FCL
Build succeeded.
Compilation from IR - skipping loading of FCL
Build succeeded.
Compilation from IR - skipping loading of FCL
Build succeeded.
Compilation from IR - skipping loading of FCL
Build succeeded.
Compilation from IR - skipping loading of FCL
Build succeeded.
Compilation from IR - skipping loading of FCL
Build succeeded.
Compilation from IR - skipping loading of FCL
Build succeeded.
Compilation from IR - skipping loading of FCL
Build succeeded.
Compilation from IR - skipping loading of FCL
Build succeeded.
Compilation from IR - skipping loading of FCL
Build succeeded.
Compilation from IR - skipping loading of FCL
Build succeeded.
Compilation from IR - skipping loading of FCL
Build succeeded.
Compilation from IR - skipping loading of FCL
Build succeeded.
Compilation from IR - skipping loading of FCL
Build succeeded.
Compilation from IR - skipping loading of FCL
Build succeeded.
Compilation from IR - skipping loading of FCL
Build succeeded.
Compilation from IR - skipping loading of FCL
Build succeeded.
Compilation from IR - skipping loading of FCL
Build succeeded.
Compilation from IR - skipping loading of FCL
Build succeeded.
Compilation from IR - skipping loading of FCL
Build succeeded.
Compilation from IR - skipping loading of FCL
Build succeeded.
Compilation from IR - skipping loading of FCL
Build succeeded.
Compilation from IR - skipping loading of FCL
Build succeeded.
Compilation from IR - skipping loading of FCL
Build succeeded.
Compilation from IR - skipping loading of FCL
Build succeeded.
Compilation from IR - skipping loading of FCL
Build succeeded.
Compilation from IR - skipping loading of FCL
Build succeeded.
Compilation from IR - skipping loading of FCL
Build succeeded.
Compilation from IR - skipping loading of FCL
Build succeeded.
Compilation from IR - skipping loading of FCL
Build succeeded.
Compilation from IR - skipping loading of FCL
Build succeeded.
Compilation from IR - skipping loading of FCL
Build succeeded.
Compilation from IR - skipping loading of FCL
Build succeeded.
Compilation from IR - skipping loading of FCL
Build succeeded.
Compilation from IR - skipping loading of FCL
Build succeeded.
Compilation from IR - skipping loading of FCL
Build succeeded.
Compilation from IR - skipping loading of FCL
Build succeeded.
Compilation from IR - skipping loading of FCL

[bmg-g21] warning: in kernel 'typeinfo name for dpct_kernel_name<void strata::kernels::(anonymous namespace)::launch_multi_n<strata::kernels::(anonymous namespace)::SmallTraits<strata::kernels::(anonymous namespace)::Q50Block, 4>, 8>(void const*, void const*, float*, int, int, sycl::_V1::queue*)::native_mmvq_multi_kernel_23124e, strata::kernels::(anonymous namespace)::SmallTraits<strata::kernels::(anonymous namespace)::Q50Block, 4>, dpct_kernel_scalar<8>, dpct_kernel_scalar<4>, dpct_kernel_scalar<4>>': compiled SIMD32 allocated 128 regs and spilled around 5

Build succeeded.
Compilation from IR - skipping loading of FCL
Build succeeded.
Compilation from IR - skipping loading of FCL
Build succeeded.
Compilation from IR - skipping loading of FCL
Build succeeded.
Compilation from IR - skipping loading of FCL
Build succeeded.
Compilation from IR - skipping loading of FCL
Build succeeded.
Compilation from IR - skipping loading of FCL
Build succeeded.
Compilation from IR - skipping loading of FCL
Build succeeded.
Compilation from IR - skipping loading of FCL
Build succeeded.
Compilation from IR - skipping loading of FCL
Build succeeded.
Compilation from IR - skipping loading of FCL
Build succeeded.
Compilation from IR - skipping loading of FCL
Build succeeded.
Compilation from IR - skipping loading of FCL
Build succeeded.
Compilation from IR - skipping loading of FCL
Build succeeded.
Compilation from IR - skipping loading of FCL
Build succeeded.
Compilation from IR - skipping loading of FCL
Build succeeded.
Compilation from IR - skipping loading of FCL
Build succeeded.
Compilation from IR - skipping loading of FCL
Build succeeded.
Compilation from IR - skipping loading of FCL
Build succeeded.
Compilation from IR - skipping loading of FCL
Build succeeded.
Compilation from IR - skipping loading of FCL
Build succeeded.
Compilation from IR - skipping loading of FCL
Build succeeded.
Compilation from IR - skipping loading of FCL
Build succeeded.
Compilation from IR - skipping loading of FCL
Build succeeded.
Compilation from IR - skipping loading of FCL
Build succeeded.
Compilation from IR - skipping loading of FCL
Build succeeded.
Compilation from IR - skipping loading of FCL
Build succeeded.
Compilation from IR - skipping loading of FCL
Build succeeded.
Compilation from IR - skipping loading of FCL
Build succeeded.
Compilation from IR - skipping loading of FCL
Build succeeded.
Compilation from IR - skipping loading of FCL
Build succeeded.
Compilation from IR - skipping loading of FCL
Build succeeded.
Compilation from IR - skipping loading of FCL
Build succeeded.
Compilation from IR - skipping loading of FCL
Build succeeded.
Compilation from IR - skipping loading of FCL
Build succeeded.
Compilation from IR - skipping loading of FCL
Build succeeded.
Compilation from IR - skipping loading of FCL
Build succeeded.
Compilation from IR - skipping loading of FCL
Build succeeded.
Compilation from IR - skipping loading of FCL
Build succeeded.
Compilation from IR - skipping loading of FCL
Build succeeded.
Compilation from IR - skipping loading of FCL
Build succeeded.
Compilation from IR - skipping loading of FCL
Build succeeded.
Compilation from IR - skipping loading of FCL
Build succeeded.
Compilation from IR - skipping loading of FCL
Build succeeded.
Compilation from IR - skipping loading of FCL
Build succeeded.
Compilation from IR - skipping loading of FCL
Build succeeded.
Compilation from IR - skipping loading of FCL
Build succeeded.
Compilation from IR - skipping loading of FCL
Build succeeded.
Compilation from IR - skipping loading of FCL
Build succeeded.
Compilation from IR - skipping loading of FCL
Build succeeded.
Compilation from IR - skipping loading of FCL
Build succeeded.
Compilation from IR - skipping loading of FCL
Build succeeded.
Compilation from IR - skipping loading of FCL
Build succeeded.
Compilation from IR - skipping loading of FCL
Build succeeded.
Compilation from IR - skipping loading of FCL
Build succeeded.
Compilation from IR - skipping loading of FCL
Build succeeded.
Compilation from IR - skipping loading of FCL
Build succeeded.
Compilation from IR - skipping loading of FCL
Build succeeded.
Compilation from IR - skipping loading of FCL
Build succeeded.
Compilation from IR - skipping loading of FCL
Build succeeded.
Compilation from IR - skipping loading of FCL
Build succeeded.
Compilation from IR - skipping loading of FCL
Build succeeded.
Compilation from IR - skipping loading of FCL
Build succeeded.
Compilation from IR - skipping loading of FCL
Build succeeded.
Compilation from IR - skipping loading of FCL
Build succeeded.
Compilation from IR - skipping loading of FCL
Build succeeded.
Compilation from IR - skipping loading of FCL
Build succeeded.
Compilation from IR - skipping loading of FCL
Build succeeded.
Compilation from IR - skipping loading of FCL
Build succeeded.
Compilation from IR - skipping loading of FCL
Build succeeded.
Compilation from IR - skipping loading of FCL
Build succeeded.
Compilation from IR - skipping loading of FCL
Build succeeded.
Compilation from IR - skipping loading of FCL
Build succeeded.
Compilation from IR - skipping loading of FCL
Build succeeded.
Compilation from IR - skipping loading of FCL
Build succeeded.
Compilation from IR - skipping loading of FCL
Build succeeded.
Compilation from IR - skipping loading of FCL
Build succeeded.
Compilation from IR - skipping loading of FCL
Build succeeded.
Compilation from IR - skipping loading of FCL
Build succeeded.
Compilation from IR - skipping loading of FCL
Build succeeded.
Compilation from IR - skipping loading of FCL

[bmg-g21] warning: in kernel 'typeinfo name for dpct_kernel_name<void strata::kernels::(anonymous namespace)::launch_multi_n<strata::kernels::(anonymous namespace)::SmallTraits<strata::kernels::(anonymous namespace)::IQ4NLBlock, 4>, 6>(void const*, void const*, float*, int, int, sycl::_V1::queue*)::native_mmvq_multi_kernel_23124e, strata::kernels::(anonymous namespace)::SmallTraits<strata::kernels::(anonymous namespace)::IQ4NLBlock, 4>, dpct_kernel_scalar<6>, dpct_kernel_scalar<4>, dpct_kernel_scalar<4>>': compiled SIMD32 allocated 128 regs and spilled around 65

Build succeeded.
Compilation from IR - skipping loading of FCL
Build succeeded.
Compilation from IR - skipping loading of FCL
Build succeeded.
Compilation from IR - skipping loading of FCL
Build succeeded.
Compilation from IR - skipping loading of FCL
Build succeeded.
Compilation from IR - skipping loading of FCL

[bmg-g21] warning: in kernel 'typeinfo name for dpct_kernel_name<void strata::kernels::(anonymous namespace)::launch_multi_n<strata::kernels::(anonymous namespace)::SmallTraits<strata::kernels::(anonymous namespace)::IQ4NLBlock, 4>, 5>(void const*, void const*, float*, int, int, sycl::_V1::queue*)::native_mmvq_multi_kernel_23124e, strata::kernels::(anonymous namespace)::SmallTraits<strata::kernels::(anonymous namespace)::IQ4NLBlock, 4>, dpct_kernel_scalar<5>, dpct_kernel_scalar<4>, dpct_kernel_scalar<4>>': compiled SIMD32 allocated 128 regs and spilled around 4

Build succeeded.
Compilation from IR - skipping loading of FCL
Build succeeded.
Compilation from IR - skipping loading of FCL
Build succeeded.
Compilation from IR - skipping loading of FCL
Build succeeded.
Compilation from IR - skipping loading of FCL
Build succeeded.
Compilation from IR - skipping loading of FCL
Build succeeded.
Compilation from IR - skipping loading of FCL
Build succeeded.
Compilation from IR - skipping loading of FCL
Build succeeded.
Compilation from IR - skipping loading of FCL
Build succeeded.
Compilation from IR - skipping loading of FCL
Build succeeded.
Compilation from IR - skipping loading of FCL
Build succeeded.
Compilation from IR - skipping loading of FCL
Build succeeded.
Compilation from IR - skipping loading of FCL
Build succeeded.
Compilation from IR - skipping loading of FCL
Build succeeded.
Compilation from IR - skipping loading of FCL
Build succeeded.
Compilation from IR - skipping loading of FCL
Build succeeded.
Compilation from IR - skipping loading of FCL
Build succeeded.
Compilation from IR - skipping loading of FCL
Build succeeded.
Compilation from IR - skipping loading of FCL
Build succeeded.
Compilation from IR - skipping loading of FCL
Build succeeded.
Compilation from IR - skipping loading of FCL
Build succeeded.
Compilation from IR - skipping loading of FCL
Build succeeded.
Compilation from IR - skipping loading of FCL
Build succeeded.
Compilation from IR - skipping loading of FCL
Build succeeded.
Compilation from IR - skipping loading of FCL
Build succeeded.
Compilation from IR - skipping loading of FCL
Build succeeded.
Compilation from IR - skipping loading of FCL
Build succeeded.
Compilation from IR - skipping loading of FCL
Build succeeded.
Compilation from IR - skipping loading of FCL
Build succeeded.
Compilation from IR - skipping loading of FCL
Build succeeded.
Compilation from IR - skipping loading of FCL
Build succeeded.
Compilation from IR - skipping loading of FCL
Build succeeded.
Compilation from IR - skipping loading of FCL
Build succeeded.
Compilation from IR - skipping loading of FCL
Build succeeded.
Compilation from IR - skipping loading of FCL
Build succeeded.
Compilation from IR - skipping loading of FCL

[bmg-g21] warning: in kernel 'typeinfo name for dpct_kernel_name<void strata::kernels::(anonymous namespace)::launch_multi_n<strata::kernels::(anonymous namespace)::IQ4XSTraits, 5>(void const*, void const*, float*, int, int, sycl::_V1::queue*)::native_mmvq_multi_kernel_23124e, strata::kernels::(anonymous namespace)::IQ4XSTraits, dpct_kernel_scalar<5>, dpct_kernel_scalar<4>, dpct_kernel_scalar<4>>': compiled SIMD32 allocated 128 regs and spilled around 137

Build succeeded.
Compilation from IR - skipping loading of FCL
Build succeeded.
Compilation from IR - skipping loading of FCL
Build succeeded.
Compilation from IR - skipping loading of FCL
Build succeeded.
Compilation from IR - skipping loading of FCL
Build succeeded.
Compilation from IR - skipping loading of FCL

[bmg-g21] warning: in kernel 'typeinfo name for dpct_kernel_name<void strata::kernels::(anonymous namespace)::launch_multi_n<strata::kernels::(anonymous namespace)::IQ4XSTraits, 4>(void const*, void const*, float*, int, int, sycl::_V1::queue*)::native_mmvq_multi_kernel_23124e, strata::kernels::(anonymous namespace)::IQ4XSTraits, dpct_kernel_scalar<4>, dpct_kernel_scalar<4>, dpct_kernel_scalar<4>>': compiled SIMD32 allocated 128 regs and spilled around 97

Build succeeded.
Compilation from IR - skipping loading of FCL
Build succeeded.
Compilation from IR - skipping loading of FCL
Build succeeded.
Compilation from IR - skipping loading of FCL
Build succeeded.
Compilation from IR - skipping loading of FCL
Build succeeded.
Compilation from IR - skipping loading of FCL

[bmg-g21] warning: in kernel 'typeinfo name for dpct_kernel_name<void strata::kernels::(anonymous namespace)::launch_multi_n<strata::kernels::(anonymous namespace)::IQ4XSTraits, 3>(void const*, void const*, float*, int, int, sycl::_V1::queue*)::native_mmvq_multi_kernel_23124e, strata::kernels::(anonymous namespace)::IQ4XSTraits, dpct_kernel_scalar<3>, dpct_kernel_scalar<4>, dpct_kernel_scalar<4>>': compiled SIMD32 allocated 128 regs and spilled around 13

Build succeeded.
Compilation from IR - skipping loading of FCL
Build succeeded.
Compilation from IR - skipping loading of FCL
Build succeeded.
Compilation from IR - skipping loading of FCL
Build succeeded.
Compilation from IR - skipping loading of FCL
Build succeeded.
Compilation from IR - skipping loading of FCL
Build succeeded.
Compilation from IR - skipping loading of FCL
Build succeeded.
Compilation from IR - skipping loading of FCL
Build succeeded.
Compilation from IR - skipping loading of FCL
Build succeeded.
Compilation from IR - skipping loading of FCL
Build succeeded.
Compilation from IR - skipping loading of FCL
Build succeeded.
Compilation from IR - skipping loading of FCL
Build succeeded.
Compilation from IR - skipping loading of FCL
Build succeeded.
Compilation from IR - skipping loading of FCL
Build succeeded.
Compilation from IR - skipping loading of FCL
Build succeeded.
Compilation from IR - skipping loading of FCL
Build succeeded.
Compilation from IR - skipping loading of FCL
Build succeeded.
Compilation from IR - skipping loading of FCL
Build succeeded.
Compilation from IR - skipping loading of FCL
Build succeeded.
Compilation from IR - skipping loading of FCL
Build succeeded.
Compilation from IR - skipping loading of FCL
Build succeeded.
Compilation from IR - skipping loading of FCL
Build succeeded.
Compilation from IR - skipping loading of FCL
Build succeeded.
Compilation from IR - skipping loading of FCL
Build succeeded.
Compilation from IR - skipping loading of FCL
Build succeeded.
Compilation from IR - skipping loading of FCL
Build succeeded.
Compilation from IR - skipping loading of FCL
Build succeeded.
Compilation from IR - skipping loading of FCL
Build succeeded.
Compilation from IR - skipping loading of FCL
Build succeeded.
Compilation from IR - skipping loading of FCL
Build succeeded.
Compilation from IR - skipping loading of FCL
Build succeeded.
Compilation from IR - skipping loading of FCL
Build succeeded.
Compilation from IR - skipping loading of FCL
Build succeeded.
Compilation from IR - skipping loading of FCL
Build succeeded.
Compilation from IR - skipping loading of FCL
Build succeeded.
Compilation from IR - skipping loading of FCL
Build succeeded.
Compilation from IR - skipping loading of FCL
Build succeeded.
Compilation from IR - skipping loading of FCL
Build succeeded.
Compilation from IR - skipping loading of FCL
Build succeeded.
Compilation from IR - skipping loading of FCL
Build succeeded.
Compilation from IR - skipping loading of FCL
Build succeeded.
Compilation from IR - skipping loading of FCL
Build succeeded.
Compilation from IR - skipping loading of FCL
Build succeeded.
Compilation from IR - skipping loading of FCL
Build succeeded.
Compilation from IR - skipping loading of FCL
Build succeeded.
Compilation from IR - skipping loading of FCL
Build succeeded.
Compilation from IR - skipping loading of FCL
Build succeeded.
Compilation from IR - skipping loading of FCL
Build succeeded.
Compilation from IR - skipping loading of FCL
Build succeeded.
Compilation from IR - skipping loading of FCL
Build succeeded.
Compilation from IR - skipping loading of FCL
Build succeeded.
Compilation from IR - skipping loading of FCL
Build succeeded.
Compilation from IR - skipping loading of FCL
Build succeeded.
Compilation from IR - skipping loading of FCL
Build succeeded.
Compilation from IR - skipping loading of FCL
Build succeeded.
Compilation from IR - skipping loading of FCL
Build succeeded.
Compilation from IR - skipping loading of FCL
Build succeeded.
Compilation from IR - skipping loading of FCL
Build succeeded.
Compilation from IR - skipping loading of FCL
Build succeeded.
Compilation from IR - skipping loading of FCL
Build succeeded.
Compilation from IR - skipping loading of FCL
Build succeeded.
Compilation from IR - skipping loading of FCL
Build succeeded.
Compilation from IR - skipping loading of FCL
Build succeeded.
Compilation from IR - skipping loading of FCL
Build succeeded.
Compilation from IR - skipping loading of FCL
Build succeeded.
Compilation from IR - skipping loading of FCL
Build succeeded.
Compilation from IR - skipping loading of FCL
Build succeeded.
Compilation from IR - skipping loading of FCL
Build succeeded.
Compilation from IR - skipping loading of FCL
Build succeeded.
Compilation from IR - skipping loading of FCL
Build succeeded.
Compilation from IR - skipping loading of FCL
Build succeeded.
Compilation from IR - skipping loading of FCL
Build succeeded.
Compilation from IR - skipping loading of FCL
Build succeeded.
Compilation from IR - skipping loading of FCL
Build succeeded.
Compilation from IR - skipping loading of FCL
Build succeeded.
Compilation from IR - skipping loading of FCL
Build succeeded.
Compilation from IR - skipping loading of FCL
Build succeeded.
Compilation from IR - skipping loading of FCL
Build succeeded.
Compilation from IR - skipping loading of FCL
Build succeeded.
Compilation from IR - skipping loading of FCL
Build succeeded.
Compilation from IR - skipping loading of FCL
Build succeeded.
Compilation from IR - skipping loading of FCL
Build succeeded.
Compilation from IR - skipping loading of FCL
Build succeeded.
Compilation from IR - skipping loading of FCL
Build succeeded.
Compilation from IR - skipping loading of FCL
Build succeeded.
Compilation from IR - skipping loading of FCL
Build succeeded.
Compilation from IR - skipping loading of FCL
Build succeeded.
Compilation from IR - skipping loading of FCL
Build succeeded.
Compilation from IR - skipping loading of FCL
Build succeeded.
Compilation from IR - skipping loading of FCL
Build succeeded.
Compilation from IR - skipping loading of FCL
Build succeeded.
Compilation from IR - skipping loading of FCL
Build succeeded.
Compilation from IR - skipping loading of FCL
Build succeeded.
Compilation from IR - skipping loading of FCL
Build succeeded.
Compilation from IR - skipping loading of FCL
Build succeeded.
Compilation from IR - skipping loading of FCL
Build succeeded.
[9/17] Linking CXX executable kv_q8_parity
Compilation from IR - skipping loading of FCL
Build succeeded.
Compilation from IR - skipping loading of FCL
Build succeeded.
Compilation from IR - skipping loading of FCL
Build succeeded.
Compilation from IR - skipping loading of FCL
Build succeeded.
Compilation from IR - skipping loading of FCL
Build succeeded.
Compilation from IR - skipping loading of FCL
Build succeeded.
Compilation from IR - skipping loading of FCL
Build succeeded.
Compilation from IR - skipping loading of FCL
Build succeeded.
Compilation from IR - skipping loading of FCL
Build succeeded.
Compilation from IR - skipping loading of FCL
Build succeeded.
Compilation from IR - skipping loading of FCL
Build succeeded.
Compilation from IR - skipping loading of FCL
Build succeeded.
Compilation from IR - skipping loading of FCL
Build succeeded.
Compilation from IR - skipping loading of FCL
Build succeeded.
Compilation from IR - skipping loading of FCL
Build succeeded.
Compilation from IR - skipping loading of FCL
Build succeeded.
Compilation from IR - skipping loading of FCL
Build succeeded.
Compilation from IR - skipping loading of FCL
Build succeeded.
Compilation from IR - skipping loading of FCL
Build succeeded.
Compilation from IR - skipping loading of FCL
Build succeeded.
Compilation from IR - skipping loading of FCL
Build succeeded.
Compilation from IR - skipping loading of FCL
Build succeeded.
Compilation from IR - skipping loading of FCL
Build succeeded.
Compilation from IR - skipping loading of FCL
Build succeeded.
Compilation from IR - skipping loading of FCL
Build succeeded.
Compilation from IR - skipping loading of FCL
Build succeeded.
[10/17] Linking CXX executable kv_stream_parity
Compilation from IR - skipping loading of FCL
Build succeeded.
Compilation from IR - skipping loading of FCL
Build succeeded.
Compilation from IR - skipping loading of FCL
Build succeeded.
Compilation from IR - skipping loading of FCL
Build succeeded.
Compilation from IR - skipping loading of FCL
Build succeeded.
Compilation from IR - skipping loading of FCL
Build succeeded.
Compilation from IR - skipping loading of FCL
Build succeeded.
Compilation from IR - skipping loading of FCL
Build succeeded.
Compilation from IR - skipping loading of FCL
Build succeeded.
Compilation from IR - skipping loading of FCL
Build succeeded.
Compilation from IR - skipping loading of FCL
Build succeeded.
Compilation from IR - skipping loading of FCL
Build succeeded.
Compilation from IR - skipping loading of FCL
Build succeeded.
Compilation from IR - skipping loading of FCL
Build succeeded.
Compilation from IR - skipping loading of FCL
Build succeeded.
Compilation from IR - skipping loading of FCL
Build succeeded.
Compilation from IR - skipping loading of FCL
Build succeeded.
Compilation from IR - skipping loading of FCL
Build succeeded.
Compilation from IR - skipping loading of FCL
Build succeeded.
Compilation from IR - skipping loading of FCL
Build succeeded.
Compilation from IR - skipping loading of FCL
Build succeeded.
Compilation from IR - skipping loading of FCL
Build succeeded.
Compilation from IR - skipping loading of FCL
Build succeeded.
Compilation from IR - skipping loading of FCL
Build succeeded.
Compilation from IR - skipping loading of FCL
Build succeeded.
Compilation from IR - skipping loading of FCL
Build succeeded.
Compilation from IR - skipping loading of FCL
Build succeeded.
Compilation from IR - skipping loading of FCL
Build succeeded.
Compilation from IR - skipping loading of FCL
Build succeeded.
Compilation from IR - skipping loading of FCL
Build succeeded.
Compilation from IR - skipping loading of FCL
Build succeeded.
Compilation from IR - skipping loading of FCL
Build succeeded.
Compilation from IR - skipping loading of FCL
Build succeeded.
Compilation from IR - skipping loading of FCL
Build succeeded.
Compilation from IR - skipping loading of FCL

[bmg-g21] warning: in kernel 'typeinfo name for dpct_kernel_name<strata::kernels::kv_stream_resolve(strata::kernels::KvStreamMap const&, strata::kernels::QsaAttnPools const&, strata::kernels::KvHostPools const&, int, int const*, int const*, long, long, strata::kernels::QsaShapes const&, void*)::resolve_kernel_148a81>': Possible null pointer dereference! Atomic instruction operates on a nullptr.

Build succeeded.
Compilation from IR - skipping loading of FCL
Build succeeded.
Compilation from IR - skipping loading of FCL
Build succeeded.
Compilation from IR - skipping loading of FCL
Build succeeded.
Compilation from IR - skipping loading of FCL
Build succeeded.
Compilation from IR - skipping loading of FCL
Build succeeded.
Compilation from IR - skipping loading of FCL
Build succeeded.
Compilation from IR - skipping loading of FCL
Build succeeded.
Compilation from IR - skipping loading of FCL
Build succeeded.
Compilation from IR - skipping loading of FCL
Build succeeded.
[11/17] Linking CXX executable strata
Compilation from IR - skipping loading of FCL
Build succeeded.
Compilation from IR - skipping loading of FCL

[bmg-g21] warning: in kernel 'typeinfo name for bool strata::kernels::(anonymous namespace)::launch<3, 32>(float const*, strata::kernels::QsaAttnPools const&, int const*, int const*, long, strata::kernels::QsaShapes const&, float*, long, sycl::_V1::queue*)::'lambda'(sycl::_V1::handler&)::operator()(sycl::_V1::handler&) const::'lambda'(sycl::_V1::nd_item<3>)': [RetryManager] Start recompilation of the kernel

Build succeeded.
Compilation from IR - skipping loading of FCL
Build succeeded.
Compilation from IR - skipping loading of FCL
Build succeeded.
Compilation from IR - skipping loading of FCL
Build succeeded.
Compilation from IR - skipping loading of FCL
Build succeeded.
Compilation from IR - skipping loading of FCL

[bmg-g21] warning: in kernel 'typeinfo name for strata::kernels::xmx_gemm_iq(int, void const*, void const*, long, int, unsigned short const*, int, float*, long, void*)::'lambda'(sycl::_V1::handler&)::operator()(sycl::_V1::handler&) const::'lambda'(sycl::_V1::nd_item<3>)': [RetryManager] Start recompilation of the kernel

[bmg-g21] warning: in kernel 'typeinfo name for strata::kernels::xmx_gemm_iq(int, void const*, void const*, long, int, unsigned short const*, int, float*, long, void*)::'lambda'(sycl::_V1::handler&)::operator()(sycl::_V1::handler&) const::'lambda'(sycl::_V1::nd_item<3>)': compiled SIMD16 allocated 128 regs and spilled around 73

Build succeeded.
Compilation from IR - skipping loading of FCL
Build succeeded.
Compilation from IR - skipping loading of FCL
Build succeeded.
Compilation from IR - skipping loading of FCL
Build succeeded.
Compilation from IR - skipping loading of FCL
Build succeeded.
Compilation from IR - skipping loading of FCL
Build succeeded.
Compilation from IR - skipping loading of FCL
Build succeeded.
Compilation from IR - skipping loading of FCL
Build succeeded.
Compilation from IR - skipping loading of FCL
Build succeeded.
Compilation from IR - skipping loading of FCL
Build succeeded.
Compilation from IR - skipping loading of FCL
Build succeeded.
Compilation from IR - skipping loading of FCL
Build succeeded.
Compilation from IR - skipping loading of FCL
Build succeeded.
Compilation from IR - skipping loading of FCL
Build succeeded.
Compilation from IR - skipping loading of FCL
Build succeeded.
Compilation from IR - skipping loading of FCL
Build succeeded.
Compilation from IR - skipping loading of FCL
Build succeeded.
Compilation from IR - skipping loading of FCL
Build succeeded.
Compilation from IR - skipping loading of FCL
Build succeeded.
Compilation from IR - skipping loading of FCL
Build succeeded.
Compilation from IR - skipping loading of FCL
Build succeeded.
Compilation from IR - skipping loading of FCL
Build succeeded.
Compilation from IR - skipping loading of FCL
Build succeeded.
Compilation from IR - skipping loading of FCL
Build succeeded.
Compilation from IR - skipping loading of FCL
Build succeeded.
Compilation from IR - skipping loading of FCL
Build succeeded.
Compilation from IR - skipping loading of FCL
Build succeeded.
Compilation from IR - skipping loading of FCL
Build succeeded.
Compilation from IR - skipping loading of FCL
Build succeeded.
Compilation from IR - skipping loading of FCL
Build succeeded.
Compilation from IR - skipping loading of FCL
Build succeeded.
Compilation from IR - skipping loading of FCL
Build succeeded.
Compilation from IR - skipping loading of FCL
Build succeeded.
Compilation from IR - skipping loading of FCL
Build succeeded.
Compilation from IR - skipping loading of FCL
Build succeeded.
Compilation from IR - skipping loading of FCL
Build succeeded.
Compilation from IR - skipping loading of FCL
Build succeeded.
Compilation from IR - skipping loading of FCL
Build succeeded.
Compilation from IR - skipping loading of FCL
Build succeeded.
Compilation from IR - skipping loading of FCL
Build succeeded.
Compilation from IR - skipping loading of FCL
Build succeeded.
Compilation from IR - skipping loading of FCL
Build succeeded.
Compilation from IR - skipping loading of FCL
Build succeeded.
Compilation from IR - skipping loading of FCL
Build succeeded.
Compilation from IR - skipping loading of FCL
Build succeeded.
Compilation from IR - skipping loading of FCL
Build succeeded.
Compilation from IR - skipping loading of FCL
Build succeeded.
Compilation from IR - skipping loading of FCL
Build succeeded.
Compilation from IR - skipping loading of FCL
Build succeeded.
Compilation from IR - skipping loading of FCL
Build succeeded.
Compilation from IR - skipping loading of FCL
Build succeeded.
Compilation from IR - skipping loading of FCL
Build succeeded.
Compilation from IR - skipping loading of FCL
Build succeeded.
Compilation from IR - skipping loading of FCL
Build succeeded.
Compilation from IR - skipping loading of FCL
Build succeeded.
Compilation from IR - skipping loading of FCL
Build succeeded.
Compilation from IR - skipping loading of FCL
Build succeeded.
Compilation from IR - skipping loading of FCL
Build succeeded.
Compilation from IR - skipping loading of FCL
Build succeeded.
Compilation from IR - skipping loading of FCL
Build succeeded.
Compilation from IR - skipping loading of FCL
Build succeeded.
Compilation from IR - skipping loading of FCL
Build succeeded.
Compilation from IR - skipping loading of FCL
Build succeeded.
Compilation from IR - skipping loading of FCL
Build succeeded.
Compilation from IR - skipping loading of FCL
Build succeeded.
Compilation from IR - skipping loading of FCL

[bmg-g21] warning: in kernel 'typeinfo name for dpct_kernel_name<strata::kernels::fused_gr_read_multi(strata::kernels::FusedGrArgs const*, int, float*, void*, unsigned long long*, int)::'lambda3'(sycl::_V1::handler&)::operator()(sycl::_V1::handler&) const::gr_down_multi_kernel_88cb86, dpct_kernel_scalar<2560>>': compiled SIMD32 allocated 128 regs and spilled around 10

Build succeeded.
Compilation from IR - skipping loading of FCL

[bmg-g21] warning: in kernel 'typeinfo name for dpct_kernel_name<strata::kernels::fused_gr_read_multi(strata::kernels::FusedGrArgs const*, int, float*, void*, unsigned long long*, int)::'lambda2'(sycl::_V1::handler&)::operator()(sycl::_V1::handler&) const::gr_down_multi_kernel_7f5820, dpct_kernel_scalar<2560>>': compiled SIMD32 allocated 128 regs and spilled around 10

Build succeeded.
Compilation from IR - skipping loading of FCL
Build succeeded.
Compilation from IR - skipping loading of FCL
Build succeeded.
Compilation from IR - skipping loading of FCL
Build succeeded.
Compilation from IR - skipping loading of FCL
Build succeeded.
Compilation from IR - skipping loading of FCL
Build succeeded.
Compilation from IR - skipping loading of FCL
Build succeeded.
Compilation from IR - skipping loading of FCL
Build succeeded.
Compilation from IR - skipping loading of FCL
Build succeeded.
Compilation from IR - skipping loading of FCL
Build succeeded.
Compilation from IR - skipping loading of FCL
Build succeeded.
Compilation from IR - skipping loading of FCL
Build succeeded.
Compilation from IR - skipping loading of FCL
Build succeeded.
Compilation from IR - skipping loading of FCL
Build succeeded.
Compilation from IR - skipping loading of FCL
Build succeeded.
Compilation from IR - skipping loading of FCL
Build succeeded.
Compilation from IR - skipping loading of FCL
Build succeeded.
Compilation from IR - skipping loading of FCL
Build succeeded.
Compilation from IR - skipping loading of FCL
Build succeeded.
Compilation from IR - skipping loading of FCL
Build succeeded.
Compilation from IR - skipping loading of FCL
Build succeeded.
Compilation from IR - skipping loading of FCL
Build succeeded.
Compilation from IR - skipping loading of FCL
Build succeeded.
Compilation from IR - skipping loading of FCL
Build succeeded.
Compilation from IR - skipping loading of FCL
Build succeeded.
Compilation from IR - skipping loading of FCL
Build succeeded.
Compilation from IR - skipping loading of FCL
Build succeeded.
Compilation from IR - skipping loading of FCL
Build succeeded.
Compilation from IR - skipping loading of FCL
Build succeeded.
Compilation from IR - skipping loading of FCL
Build succeeded.
Compilation from IR - skipping loading of FCL
Build succeeded.
Compilation from IR - skipping loading of FCL
Build succeeded.
Compilation from IR - skipping loading of FCL
Build succeeded.
Compilation from IR - skipping loading of FCL
Build succeeded.
Compilation from IR - skipping loading of FCL
Build succeeded.
Compilation from IR - skipping loading of FCL
Build succeeded.
Compilation from IR - skipping loading of FCL
Build succeeded.
Compilation from IR - skipping loading of FCL
Build succeeded.
Compilation from IR - skipping loading of FCL
Build succeeded.
Compilation from IR - skipping loading of FCL
Build succeeded.
Compilation from IR - skipping loading of FCL
Build succeeded.
Compilation from IR - skipping loading of FCL
Build succeeded.
Compilation from IR - skipping loading of FCL
Build succeeded.
Compilation from IR - skipping loading of FCL
Build succeeded.
Compilation from IR - skipping loading of FCL
Build succeeded.
Compilation from IR - skipping loading of FCL
Build succeeded.
Compilation from IR - skipping loading of FCL
Build succeeded.
Compilation from IR - skipping loading of FCL
Build succeeded.
Compilation from IR - skipping loading of FCL
Build succeeded.
Compilation from IR - skipping loading of FCL
Build succeeded.
Compilation from IR - skipping loading of FCL
Build succeeded.
Compilation from IR - skipping loading of FCL
Build succeeded.
Compilation from IR - skipping loading of FCL
Build succeeded.
Compilation from IR - skipping loading of FCL
Build succeeded.
Compilation from IR - skipping loading of FCL
Build succeeded.
Compilation from IR - skipping loading of FCL
Build succeeded.
Compilation from IR - skipping loading of FCL
Build succeeded.
Compilation from IR - skipping loading of FCL
Build succeeded.
Compilation from IR - skipping loading of FCL
Build succeeded.
Compilation from IR - skipping loading of FCL
Build succeeded.
Compilation from IR - skipping loading of FCL
Build succeeded.
Compilation from IR - skipping loading of FCL
Build succeeded.
Compilation from IR - skipping loading of FCL
Build succeeded.
Compilation from IR - skipping loading of FCL
Build succeeded.
Compilation from IR - skipping loading of FCL
Build succeeded.
Compilation from IR - skipping loading of FCL
Build succeeded.
Compilation from IR - skipping loading of FCL
Build succeeded.
Compilation from IR - skipping loading of FCL
Build succeeded.
Compilation from IR - skipping loading of FCL
Build succeeded.
Compilation from IR - skipping loading of FCL
Build succeeded.
Compilation from IR - skipping loading of FCL
Build succeeded.
Compilation from IR - skipping loading of FCL
Build succeeded.
Compilation from IR - skipping loading of FCL
Build succeeded.
Compilation from IR - skipping loading of FCL
Build succeeded.
Compilation from IR - skipping loading of FCL
Build succeeded.
Compilation from IR - skipping loading of FCL
Build succeeded.
Compilation from IR - skipping loading of FCL
Build succeeded.
Compilation from IR - skipping loading of FCL
Build succeeded.
Compilation from IR - skipping loading of FCL
Build succeeded.
Compilation from IR - skipping loading of FCL
Build succeeded.
Compilation from IR - skipping loading of FCL
Build succeeded.
Compilation from IR - skipping loading of FCL
Build succeeded.
Compilation from IR - skipping loading of FCL

[bmg-g21] warning: in kernel 'typeinfo name for dpct_kernel_name<strata::kernels::(anonymous namespace)::launch_multi(strata::kernels::(anonymous namespace)::GrMulti const&, int, sycl::_V1::queue*, unsigned long long*, int)::'lambda'(sycl::_V1::handler&)::operator()(sycl::_V1::handler&) const::gr_down_staged_kernel_41b428, dpct_kernel_scalar<4>>': compiled SIMD32 allocated 128 regs and spilled around 14

Build succeeded.
Compilation from IR - skipping loading of FCL

[bmg-g21] warning: in kernel 'typeinfo name for dpct_kernel_name<strata::kernels::(anonymous namespace)::launch_multi(strata::kernels::(anonymous namespace)::GrMulti const&, int, sycl::_V1::queue*, unsigned long long*, int)::'lambda4'(sycl::_V1::handler&)::operator()(sycl::_V1::handler&) const::gr_down_multi_kernel_df2ead, dpct_kernel_scalar<2560>, dpct_kernel_scalar<2560>>': compiled SIMD32 allocated 128 regs and spilled around 10

Build succeeded.
Compilation from IR - skipping loading of FCL
Build succeeded.
Compilation from IR - skipping loading of FCL

[bmg-g21] warning: in kernel 'typeinfo name for dpct_kernel_name<strata::kernels::(anonymous namespace)::launch_multi(strata::kernels::(anonymous namespace)::GrMulti const&, int, sycl::_V1::queue*, unsigned long long*, int)::'lambda2'(sycl::_V1::handler&)::operator()(sycl::_V1::handler&) const::gr_down_multi_kernel_6a749c, dpct_kernel_scalar<1280>, dpct_kernel_scalar<1280>>': compiled SIMD32 allocated 128 regs and spilled around 12

Build succeeded.
Compilation from IR - skipping loading of FCL

[bmg-g21] warning: in kernel 'typeinfo name for dpct_kernel_name<strata::kernels::(anonymous namespace)::launch_multi(strata::kernels::(anonymous namespace)::GrMulti const&, int, sycl::_V1::queue*, unsigned long long*, int)::'lambda1'(sycl::_V1::handler&)::operator()(sycl::_V1::handler&) const::gr_down_multi_kernel_4a9670, dpct_kernel_scalar<1280>, dpct_kernel_scalar<4>>': compiled SIMD32 allocated 128 regs and spilled around 8

Build succeeded.
Compilation from IR - skipping loading of FCL
Build succeeded.
Compilation from IR - skipping loading of FCL
Build succeeded.
Compilation from IR - skipping loading of FCL
Build succeeded.
Compilation from IR - skipping loading of FCL
Build succeeded.
Compilation from IR - skipping loading of FCL
Build succeeded.
Compilation from IR - skipping loading of FCL
Build succeeded.
Compilation from IR - skipping loading of FCL
Build succeeded.
Compilation from IR - skipping loading of FCL
Build succeeded.
Compilation from IR - skipping loading of FCL
Build succeeded.
Compilation from IR - skipping loading of FCL
Build succeeded.
Compilation from IR - skipping loading of FCL
Build succeeded.
Compilation from IR - skipping loading of FCL
Build succeeded.
Compilation from IR - skipping loading of FCL
Build succeeded.
Compilation from IR - skipping loading of FCL
Build succeeded.
Compilation from IR - skipping loading of FCL
Build succeeded.
Compilation from IR - skipping loading of FCL
Build succeeded.
Compilation from IR - skipping loading of FCL
Build succeeded.
Compilation from IR - skipping loading of FCL
Build succeeded.
Compilation from IR - skipping loading of FCL
Build succeeded.
Compilation from IR - skipping loading of FCL
Build succeeded.
Compilation from IR - skipping loading of FCL
Build succeeded.
Compilation from IR - skipping loading of FCL
Build succeeded.
Compilation from IR - skipping loading of FCL
Build succeeded.
Compilation from IR - skipping loading of FCL
Build succeeded.
Compilation from IR - skipping loading of FCL
Build succeeded.
Compilation from IR - skipping loading of FCL
Build succeeded.
Compilation from IR - skipping loading of FCL
Build succeeded.
Compilation from IR - skipping loading of FCL
Build succeeded.
Compilation from IR - skipping loading of FCL
Build succeeded.
Compilation from IR - skipping loading of FCL
Build succeeded.
Compilation from IR - skipping loading of FCL
Build succeeded.
Compilation from IR - skipping loading of FCL
Build succeeded.
Compilation from IR - skipping loading of FCL
Build succeeded.
Compilation from IR - skipping loading of FCL
Build succeeded.
Compilation from IR - skipping loading of FCL
Build succeeded.
Compilation from IR - skipping loading of FCL
Build succeeded.
Compilation from IR - skipping loading of FCL
Build succeeded.
Compilation from IR - skipping loading of FCL
Build succeeded.
Compilation from IR - skipping loading of FCL
Build succeeded.
Compilation from IR - skipping loading of FCL
Build succeeded.
Compilation from IR - skipping loading of FCL
Build succeeded.
Compilation from IR - skipping loading of FCL
Build succeeded.
Compilation from IR - skipping loading of FCL
Build succeeded.
Compilation from IR - skipping loading of FCL
Build succeeded.
Compilation from IR - skipping loading of FCL
Build succeeded.
Compilation from IR - skipping loading of FCL
Build succeeded.
Compilation from IR - skipping loading of FCL
Build succeeded.
Compilation from IR - skipping loading of FCL
Build succeeded.
Compilation from IR - skipping loading of FCL
Build succeeded.
Compilation from IR - skipping loading of FCL
Build succeeded.
Compilation from IR - skipping loading of FCL
Build succeeded.
Compilation from IR - skipping loading of FCL
Build succeeded.
Compilation from IR - skipping loading of FCL
Build succeeded.
Compilation from IR - skipping loading of FCL
Build succeeded.
Compilation from IR - skipping loading of FCL
Build succeeded.
Compilation from IR - skipping loading of FCL
Build succeeded.
Compilation from IR - skipping loading of FCL
Build succeeded.
Compilation from IR - skipping loading of FCL
Build succeeded.
Compilation from IR - skipping loading of FCL
Build succeeded.
Compilation from IR - skipping loading of FCL
Build succeeded.
Compilation from IR - skipping loading of FCL
Build succeeded.
Compilation from IR - skipping loading of FCL
Build succeeded.
Compilation from IR - skipping loading of FCL
Build succeeded.
Compilation from IR - skipping loading of FCL
Build succeeded.
Compilation from IR - skipping loading of FCL
Build succeeded.
Compilation from IR - skipping loading of FCL
Build succeeded.
Compilation from IR - skipping loading of FCL
Build succeeded.
Compilation from IR - skipping loading of FCL
Build succeeded.
Compilation from IR - skipping loading of FCL
Build succeeded.
Compilation from IR - skipping loading of FCL
Build succeeded.
Compilation from IR - skipping loading of FCL
Build succeeded.
Compilation from IR - skipping loading of FCL
Build succeeded.
Compilation from IR - skipping loading of FCL
Build succeeded.
Compilation from IR - skipping loading of FCL
Build succeeded.
Compilation from IR - skipping loading of FCL
Build succeeded.
Compilation from IR - skipping loading of FCL
Build succeeded.
Compilation from IR - skipping loading of FCL
Build succeeded.
Compilation from IR - skipping loading of FCL
Build succeeded.
Compilation from IR - skipping loading of FCL
Build succeeded.
Compilation from IR - skipping loading of FCL
Build succeeded.
Compilation from IR - skipping loading of FCL
Build succeeded.
Compilation from IR - skipping loading of FCL
Build succeeded.
Compilation from IR - skipping loading of FCL
Build succeeded.
Compilation from IR - skipping loading of FCL
Build succeeded.
Compilation from IR - skipping loading of FCL
Build succeeded.
Compilation from IR - skipping loading of FCL
Build succeeded.
Compilation from IR - skipping loading of FCL
Build succeeded.
Compilation from IR - skipping loading of FCL
Build succeeded.
Compilation from IR - skipping loading of FCL
Build succeeded.
Compilation from IR - skipping loading of FCL
Build succeeded.
Compilation from IR - skipping loading of FCL

[bmg-g21] warning: in kernel 'typeinfo name for dpct_kernel_name<strata::prefill::gdn_recurrence(float*, float const*, float const*, float const*, float const*, float const*, float, float*, unsigned short*, long, void*)::gdn_rec_cols_pipe_kernel_c6cea3>': [RetryManager] Start recompilation of the kernel

Build succeeded.
Compilation from IR - skipping loading of FCL

[bmg-g21] warning: in kernel 'typeinfo name for dpct_kernel_name<strata::prefill::gdn_recurrence(float*, float const*, float const*, float const*, float const*, float const*, float, float*, unsigned short*, long, void*)::gdn_rec_cols_kernel_496541>': [RetryManager] Start recompilation of the kernel

Build succeeded.
Compilation from IR - skipping loading of FCL
Build succeeded.
Compilation from IR - skipping loading of FCL

[bmg-g21] warning: in kernel 'typeinfo name for dpct_kernel_name<strata::prefill::gdn_recurrence(float*, float const*, float const*, float const*, float const*, float const*, float, float*, unsigned short*, long, void*)::gdn_rec_kh_kernel_c88399>': [RetryManager] Start recompilation of the kernel

[bmg-g21] warning: in kernel 'typeinfo name for dpct_kernel_name<strata::prefill::gdn_recurrence(float*, float const*, float const*, float const*, float const*, float const*, float, float*, unsigned short*, long, void*)::gdn_rec_kh_kernel_c88399>': compiled SIMD32 allocated 128 regs and spilled around 202

Build succeeded.
Compilation from IR - skipping loading of FCL

[bmg-g21] warning: in kernel 'typeinfo name for dpct_kernel_name<strata::prefill::gdn_recurrence(float*, float const*, float const*, float const*, float const*, float const*, float, float*, unsigned short*, long, void*)::gdn_rec_kernel_923fed>': compiled SIMD32 allocated 128 regs and spilled around 6

Build succeeded.
Compilation from IR - skipping loading of FCL
Build succeeded.
Compilation from IR - skipping loading of FCL
Build succeeded.
Compilation from IR - skipping loading of FCL
Build succeeded.
Compilation from IR - skipping loading of FCL
Build succeeded.
Compilation from IR - skipping loading of FCL
Build succeeded.
Compilation from IR - skipping loading of FCL
Build succeeded.
Compilation from IR - skipping loading of FCL
Build succeeded.
Compilation from IR - skipping loading of FCL
Build succeeded.
Compilation from IR - skipping loading of FCL
Build succeeded.
Compilation from IR - skipping loading of FCL
Build succeeded.
Compilation from IR - skipping loading of FCL
Build succeeded.
Compilation from IR - skipping loading of FCL
Build succeeded.
Compilation from IR - skipping loading of FCL
Build succeeded.
Compilation from IR - skipping loading of FCL
Build succeeded.
Compilation from IR - skipping loading of FCL
Build succeeded.
Compilation from IR - skipping loading of FCL
Build succeeded.
Compilation from IR - skipping loading of FCL
Build succeeded.
Compilation from IR - skipping loading of FCL
Build succeeded.
Compilation from IR - skipping loading of FCL
Build succeeded.
Compilation from IR - skipping loading of FCL
Build succeeded.
Compilation from IR - skipping loading of FCL
Build succeeded.
Compilation from IR - skipping loading of FCL
Build succeeded.
Compilation from IR - skipping loading of FCL
Build succeeded.
Compilation from IR - skipping loading of FCL
Build succeeded.
Compilation from IR - skipping loading of FCL
Build succeeded.
Compilation from IR - skipping loading of FCL
Build succeeded.
Compilation from IR - skipping loading of FCL
Build succeeded.
Compilation from IR - skipping loading of FCL
Build succeeded.
Compilation from IR - skipping loading of FCL
Build succeeded.
Compilation from IR - skipping loading of FCL
Build succeeded.
Compilation from IR - skipping loading of FCL
Build succeeded.
Compilation from IR - skipping loading of FCL
Build succeeded.
Compilation from IR - skipping loading of FCL
Build succeeded.
Compilation from IR - skipping loading of FCL
Build succeeded.
Compilation from IR - skipping loading of FCL
Build succeeded.
Compilation from IR - skipping loading of FCL
Build succeeded.
Compilation from IR - skipping loading of FCL
Build succeeded.
Compilation from IR - skipping loading of FCL
Build succeeded.
Compilation from IR - skipping loading of FCL
Build succeeded.
Compilation from IR - skipping loading of FCL
Build succeeded.
Compilation from IR - skipping loading of FCL
Build succeeded.
Compilation from IR - skipping loading of FCL
Build succeeded.
Compilation from IR - skipping loading of FCL
Build succeeded.
Compilation from IR - skipping loading of FCL
Build succeeded.
Compilation from IR - skipping loading of FCL
Build succeeded.
Compilation from IR - skipping loading of FCL
Build succeeded.
Compilation from IR - skipping loading of FCL
Build succeeded.
Compilation from IR - skipping loading of FCL
Build succeeded.
Compilation from IR - skipping loading of FCL
Build succeeded.
Compilation from IR - skipping loading of FCL
Build succeeded.
Compilation from IR - skipping loading of FCL
Build succeeded.
Compilation from IR - skipping loading of FCL
Build succeeded.
Compilation from IR - skipping loading of FCL
Build succeeded.
Compilation from IR - skipping loading of FCL
Build succeeded.
Compilation from IR - skipping loading of FCL
Build succeeded.
Compilation from IR - skipping loading of FCL
Build succeeded.
Compilation from IR - skipping loading of FCL
Build succeeded.
Compilation from IR - skipping loading of FCL
Build succeeded.
Compilation from IR - skipping loading of FCL
Build succeeded.
Compilation from IR - skipping loading of FCL
Build succeeded.
Compilation from IR - skipping loading of FCL
Build succeeded.
Compilation from IR - skipping loading of FCL
Build succeeded.
Compilation from IR - skipping loading of FCL
Build succeeded.
Compilation from IR - skipping loading of FCL
Build succeeded.
Compilation from IR - skipping loading of FCL
Build succeeded.
Compilation from IR - skipping loading of FCL
Build succeeded.
Compilation from IR - skipping loading of FCL
Build succeeded.
Compilation from IR - skipping loading of FCL
Build succeeded.
Compilation from IR - skipping loading of FCL
Build succeeded.
Compilation from IR - skipping loading of FCL
Build succeeded.
Compilation from IR - skipping loading of FCL
Build succeeded.
Compilation from IR - skipping loading of FCL
Build succeeded.
Compilation from IR - skipping loading of FCL
Build succeeded.
Compilation from IR - skipping loading of FCL
Build succeeded.
Compilation from IR - skipping loading of FCL
Build succeeded.
Compilation from IR - skipping loading of FCL
Build succeeded.
Compilation from IR - skipping loading of FCL

[bmg-g21] warning: in kernel 'typeinfo name for dpct_kernel_name<strata::kernels::coupled_draft_sample(float*, int, int const*, int const*, int, strata::kernels::SamplerParams const*, int*, int, int, int const*, void*, int*, float*, void*)::sampler_split_part_kernel_cc5674>': compiled SIMD32 allocated 128 regs and spilled around 9

Build succeeded.
Compilation from IR - skipping loading of FCL
Build succeeded.
Compilation from IR - skipping loading of FCL
Build succeeded.
Compilation from IR - skipping loading of FCL
Build succeeded.
Compilation from IR - skipping loading of FCL
Build succeeded.
Compilation from IR - skipping loading of FCL
Build succeeded.
Compilation from IR - skipping loading of FCL
Build succeeded.
Compilation from IR - skipping loading of FCL
Build succeeded.
Compilation from IR - skipping loading of FCL
Build succeeded.
Compilation from IR - skipping loading of FCL
Build succeeded.
Compilation from IR - skipping loading of FCL
Build succeeded.
Compilation from IR - skipping loading of FCL
Build succeeded.
Compilation from IR - skipping loading of FCL
Build succeeded.
Compilation from IR - skipping loading of FCL
Build succeeded.
Compilation from IR - skipping loading of FCL
Build succeeded.
Compilation from IR - skipping loading of FCL

[bmg-g21] warning: in kernel 'typeinfo name for dpct_kernel_name<strata::kernels::fused_gr_read_multi(strata::kernels::FusedGrArgs const*, int, float*, void*, unsigned long long*, int)::gr_down_multi_direct>': compiled SIMD32 allocated 128 regs and spilled around 14

Build succeeded.
Compilation from IR - skipping loading of FCL
Build succeeded.
Compilation from IR - skipping loading of FCL
Build succeeded.
Compilation from IR - skipping loading of FCL
Build succeeded.
Compilation from IR - skipping loading of FCL
Build succeeded.
Compilation from IR - skipping loading of FCL
Build succeeded.
Compilation from IR - skipping loading of FCL
Build succeeded.
Compilation from IR - skipping loading of FCL
Build succeeded.
Compilation from IR - skipping loading of FCL
Build succeeded.
Compilation from IR - skipping loading of FCL
Build succeeded.
Compilation from IR - skipping loading of FCL
Build succeeded.
Compilation from IR - skipping loading of FCL
Build succeeded.
Compilation from IR - skipping loading of FCL
Build succeeded.
Compilation from IR - skipping loading of FCL
Build succeeded.
Compilation from IR - skipping loading of FCL
Build succeeded.
Compilation from IR - skipping loading of FCL
Build succeeded.
Compilation from IR - skipping loading of FCL

[bmg-g21] warning: in kernel 'typeinfo name for dpct_kernel_name<strata::kernels::kv_stream_resolve(strata::kernels::KvStreamMap const&, strata::kernels::QsaAttnPools const&, strata::kernels::KvHostPools const&, int, int const*, int const*, long, long, strata::kernels::QsaShapes const&, void*)::resolve_kernel_148a81>': Possible null pointer dereference! Atomic instruction operates on a nullptr.

Build succeeded.
Compilation from IR - skipping loading of FCL
Build succeeded.
Compilation from IR - skipping loading of FCL
Build succeeded.
Compilation from IR - skipping loading of FCL
Build succeeded.
Compilation from IR - skipping loading of FCL
Build succeeded.
Compilation from IR - skipping loading of FCL
Build succeeded.
Compilation from IR - skipping loading of FCL
Build succeeded.
Compilation from IR - skipping loading of FCL
Build succeeded.
Compilation from IR - skipping loading of FCL
Build succeeded.
Compilation from IR - skipping loading of FCL
Build succeeded.
Compilation from IR - skipping loading of FCL
Build succeeded.
Compilation from IR - skipping loading of FCL
Build succeeded.
Compilation from IR - skipping loading of FCL
Build succeeded.
Compilation from IR - skipping loading of FCL
Build succeeded.
Compilation from IR - skipping loading of FCL
Build succeeded.
Compilation from IR - skipping loading of FCL
Build succeeded.
Compilation from IR - skipping loading of FCL
Build succeeded.
Compilation from IR - skipping loading of FCL
Build succeeded.
Compilation from IR - skipping loading of FCL
Build succeeded.
Compilation from IR - skipping loading of FCL
Build succeeded.
Compilation from IR - skipping loading of FCL
Build succeeded.
Compilation from IR - skipping loading of FCL
Build succeeded.
Compilation from IR - skipping loading of FCL
Build succeeded.
Compilation from IR - skipping loading of FCL
Build succeeded.
Compilation from IR - skipping loading of FCL
Build succeeded.
Compilation from IR - skipping loading of FCL
Build succeeded.
Compilation from IR - skipping loading of FCL
Build succeeded.
Compilation from IR - skipping loading of FCL
Build succeeded.
Compilation from IR - skipping loading of FCL
Build succeeded.
Compilation from IR - skipping loading of FCL
Build succeeded.
Compilation from IR - skipping loading of FCL
Build succeeded.
Compilation from IR - skipping loading of FCL
Build succeeded.
Compilation from IR - skipping loading of FCL
Build succeeded.
Compilation from IR - skipping loading of FCL

[bmg-g21] warning: in kernel 'typeinfo name for dpct_kernel_name<strata::kernels::qsa_block_topk(float const*, int const*, long, long, long, strata::kernels::QsaShapes const&, int*, void*, long)::block_topk_reg_kernel_652098, dpct_kernel_scalar<33>>': [RetryManager] Start recompilation of the kernel

[bmg-g21] warning: in kernel 'typeinfo name for dpct_kernel_name<strata::kernels::qsa_block_topk(float const*, int const*, long, long, long, strata::kernels::QsaShapes const&, int*, void*, long)::block_topk_reg_kernel_652098, dpct_kernel_scalar<33>>': compiled SIMD32 allocated 128 regs and spilled around 261

Build succeeded.
Compilation from IR - skipping loading of FCL

[bmg-g21] warning: in kernel 'typeinfo name for dpct_kernel_name<strata::kernels::qsa_block_topk(float const*, int const*, long, long, long, strata::kernels::QsaShapes const&, int*, void*, long)::block_topk_reg_kernel_652097, dpct_kernel_scalar<33>>': [RetryManager] Start recompilation of the kernel

[bmg-g21] warning: in kernel 'typeinfo name for dpct_kernel_name<strata::kernels::qsa_block_topk(float const*, int const*, long, long, long, strata::kernels::QsaShapes const&, int*, void*, long)::block_topk_reg_kernel_652097, dpct_kernel_scalar<33>>': compiled SIMD32 allocated 128 regs and spilled around 261

Build succeeded.
Compilation from IR - skipping loading of FCL
Build succeeded.
Compilation from IR - skipping loading of FCL
Build succeeded.
Compilation from IR - skipping loading of FCL

[bmg-g21] warning: in kernel 'typeinfo name for dpct_kernel_name<strata::kernels::moe_grouped_s2(unsigned long long const*, int const*, int const*, int const*, int const*, long, long, unsigned char const*, float const*, void*, float*, void*)::gu_grouped_t_kernel_998f94>': [RetryManager] Start recompilation of the kernel

[bmg-g21] warning: in kernel 'typeinfo name for dpct_kernel_name<strata::kernels::moe_grouped_s2(unsigned long long const*, int const*, int const*, int const*, int const*, long, long, unsigned char const*, float const*, void*, float*, void*)::gu_grouped_t_kernel_998f94>': compiled SIMD32 allocated 128 regs and spilled around 13

Build succeeded.
Compilation from IR - skipping loading of FCL
Build succeeded.
Compilation from IR - skipping loading of FCL

[bmg-g21] warning: in kernel 'typeinfo name for dpct_kernel_name<strata::kernels::moe_grouped_s2(unsigned long long const*, int const*, int const*, int const*, int const*, long, long, unsigned char const*, float const*, void*, float*, void*)::gu_grouped_kernel_c9eb4d>': [RetryManager] Start recompilation of the kernel

Build succeeded.
Compilation from IR - skipping loading of FCL
Build succeeded.
Compilation from IR - skipping loading of FCL
Build succeeded.
Compilation from IR - skipping loading of FCL
Build succeeded.
Compilation from IR - skipping loading of FCL
Build succeeded.
Compilation from IR - skipping loading of FCL
Build succeeded.
Compilation from IR - skipping loading of FCL
Build succeeded.
Compilation from IR - skipping loading of FCL
Build succeeded.
Compilation from IR - skipping loading of FCL
Build succeeded.
Compilation from IR - skipping loading of FCL
Build succeeded.
Compilation from IR - skipping loading of FCL
Build succeeded.
Compilation from IR - skipping loading of FCL

[bmg-g21] warning: in kernel 'typeinfo name for dpct_kernel_name<strata::kernels::sample_tokens(float const*, int, int, int const*, int, strata::kernels::SamplerParams const&, int*, void*)::sampler_split_part_kernel_cc5673>': compiled SIMD32 allocated 128 regs and spilled around 34

Build succeeded.
Compilation from IR - skipping loading of FCL
Build succeeded.
Compilation from IR - skipping loading of FCL
Build succeeded.
Compilation from IR - skipping loading of FCL
Build succeeded.
Compilation from IR - skipping loading of FCL
Build succeeded.
Compilation from IR - skipping loading of FCL
Build succeeded.
Compilation from IR - skipping loading of FCL
Build succeeded.
Compilation from IR - skipping loading of FCL
Build succeeded.
Compilation from IR - skipping loading of FCL
Build succeeded.
Compilation from IR - skipping loading of FCL
Build succeeded.
Compilation from IR - skipping loading of FCL
Build succeeded.
Compilation from IR - skipping loading of FCL
Build succeeded.
Compilation from IR - skipping loading of FCL
Build succeeded.
Compilation from IR - skipping loading of FCL
Build succeeded.
Compilation from IR - skipping loading of FCL
Build succeeded.
Compilation from IR - skipping loading of FCL
Build succeeded.
Compilation from IR - skipping loading of FCL
Build succeeded.
Compilation from IR - skipping loading of FCL
Build succeeded.
Compilation from IR - skipping loading of FCL
Build succeeded.
Compilation from IR - skipping loading of FCL
Build succeeded.
Compilation from IR - skipping loading of FCL
Build succeeded.
Compilation from IR - skipping loading of FCL

[bmg-g21] warning: in kernel 'typeinfo name for dpct_kernel_name<void strata::kernels::(anonymous namespace)::launch_q6k_wide224<4>(void const*, void const*, float*, int, int, sycl::_V1::queue*)::native_mmvq_q6k_wide224, dpct_kernel_scalar<4>>': compiled SIMD32 allocated 128 regs and spilled around 4

Build succeeded.
Compilation from IR - skipping loading of FCL
Build succeeded.
Compilation from IR - skipping loading of FCL
Build succeeded.
Compilation from IR - skipping loading of FCL
Build succeeded.
Compilation from IR - skipping loading of FCL
Build succeeded.
Compilation from IR - skipping loading of FCL
Build succeeded.
Compilation from IR - skipping loading of FCL
Build succeeded.
Compilation from IR - skipping loading of FCL
Build succeeded.
Compilation from IR - skipping loading of FCL
Build succeeded.
Compilation from IR - skipping loading of FCL
Build succeeded.
Compilation from IR - skipping loading of FCL
Build succeeded.
Compilation from IR - skipping loading of FCL
Build succeeded.
Compilation from IR - skipping loading of FCL
Build succeeded.
Compilation from IR - skipping loading of FCL
Build succeeded.
Compilation from IR - skipping loading of FCL
Build succeeded.
Compilation from IR - skipping loading of FCL
Build succeeded.
Compilation from IR - skipping loading of FCL
Build succeeded.
Compilation from IR - skipping loading of FCL
Build succeeded.
Compilation from IR - skipping loading of FCL
Build succeeded.
Compilation from IR - skipping loading of FCL
Build succeeded.
Compilation from IR - skipping loading of FCL
Build succeeded.
Compilation from IR - skipping loading of FCL
Build succeeded.
Compilation from IR - skipping loading of FCL
Build succeeded.
Compilation from IR - skipping loading of FCL
Build succeeded.
Compilation from IR - skipping loading of FCL
Build succeeded.
Compilation from IR - skipping loading of FCL
Build succeeded.
Compilation from IR - skipping loading of FCL
Build succeeded.
Compilation from IR - skipping loading of FCL
Build succeeded.
Compilation from IR - skipping loading of FCL
Build succeeded.
Compilation from IR - skipping loading of FCL
Build succeeded.
Compilation from IR - skipping loading of FCL
Build succeeded.
Compilation from IR - skipping loading of FCL
Build succeeded.
Compilation from IR - skipping loading of FCL
Build succeeded.
Compilation from IR - skipping loading of FCL
Build succeeded.
Compilation from IR - skipping loading of FCL
Build succeeded.
Compilation from IR - skipping loading of FCL
Build succeeded.
Compilation from IR - skipping loading of FCL
Build succeeded.
Compilation from IR - skipping loading of FCL
Build succeeded.
Compilation from IR - skipping loading of FCL
Build succeeded.
Compilation from IR - skipping loading of FCL
Build succeeded.
Compilation from IR - skipping loading of FCL
Build succeeded.
Compilation from IR - skipping loading of FCL
Build succeeded.
Compilation from IR - skipping loading of FCL
Build succeeded.
Compilation from IR - skipping loading of FCL
Build succeeded.
Compilation from IR - skipping loading of FCL
Build succeeded.
Compilation from IR - skipping loading of FCL
Build succeeded.
Compilation from IR - skipping loading of FCL
Build succeeded.
Compilation from IR - skipping loading of FCL
Build succeeded.
Compilation from IR - skipping loading of FCL
Build succeeded.
Compilation from IR - skipping loading of FCL
Build succeeded.
Compilation from IR - skipping loading of FCL
Build succeeded.
Compilation from IR - skipping loading of FCL
Build succeeded.
Compilation from IR - skipping loading of FCL
Build succeeded.
Compilation from IR - skipping loading of FCL
Build succeeded.
Compilation from IR - skipping loading of FCL
Build succeeded.
Compilation from IR - skipping loading of FCL
Build succeeded.
Compilation from IR - skipping loading of FCL
Build succeeded.
Compilation from IR - skipping loading of FCL
Build succeeded.
Compilation from IR - skipping loading of FCL
Build succeeded.
Compilation from IR - skipping loading of FCL
Build succeeded.
Compilation from IR - skipping loading of FCL
Build succeeded.
Compilation from IR - skipping loading of FCL
Build succeeded.
Compilation from IR - skipping loading of FCL
Build succeeded.
Compilation from IR - skipping loading of FCL
Build succeeded.
Compilation from IR - skipping loading of FCL
Build succeeded.
Compilation from IR - skipping loading of FCL
Build succeeded.
Compilation from IR - skipping loading of FCL
Build succeeded.
Compilation from IR - skipping loading of FCL
Build succeeded.
Compilation from IR - skipping loading of FCL

[bmg-g21] warning: in kernel 'typeinfo name for dpct_kernel_name<void strata::kernels::(anonymous namespace)::launch_q6k_wide<4>(void const*, void const*, float*, int, int, sycl::_V1::queue*)::native_mmvq_q6k_wide_a2, dpct_kernel_scalar<4>>': compiled SIMD32 allocated 128 regs and spilled around 6

Build succeeded.
Compilation from IR - skipping loading of FCL
Build succeeded.
Compilation from IR - skipping loading of FCL

[bmg-g21] warning: in kernel 'typeinfo name for dpct_kernel_name<void strata::kernels::(anonymous namespace)::launch_q6k_wide<4>(void const*, void const*, float*, int, int, sycl::_V1::queue*)::native_mmvq_q6k_wide1, dpct_kernel_scalar<4>>': compiled SIMD32 allocated 128 regs and spilled around 4

Build succeeded.
Compilation from IR - skipping loading of FCL
Build succeeded.
Compilation from IR - skipping loading of FCL
Build succeeded.
Compilation from IR - skipping loading of FCL

[bmg-g21] warning: in kernel 'typeinfo name for dpct_kernel_name<void strata::kernels::(anonymous namespace)::launch_q6k_wide<4>(void const*, void const*, float*, int, int, sycl::_V1::queue*)::native_mmvq_q6k_wide, dpct_kernel_scalar<4>, dpct_kernel_scalar<1>>': compiled SIMD32 allocated 128 regs and spilled around 4

Build succeeded.
Compilation from IR - skipping loading of FCL
Build succeeded.
Compilation from IR - skipping loading of FCL
Build succeeded.
Compilation from IR - skipping loading of FCL
Build succeeded.
Compilation from IR - skipping loading of FCL
Build succeeded.
Compilation from IR - skipping loading of FCL
Build succeeded.
Compilation from IR - skipping loading of FCL
Build succeeded.
Compilation from IR - skipping loading of FCL
Build succeeded.
Compilation from IR - skipping loading of FCL
Build succeeded.
Compilation from IR - skipping loading of FCL
Build succeeded.
Compilation from IR - skipping loading of FCL
Build succeeded.
Compilation from IR - skipping loading of FCL
Build succeeded.
Compilation from IR - skipping loading of FCL
Build succeeded.
Compilation from IR - skipping loading of FCL
Build succeeded.
Compilation from IR - skipping loading of FCL
Build succeeded.
Compilation from IR - skipping loading of FCL
Build succeeded.
Compilation from IR - skipping loading of FCL
Build succeeded.
Compilation from IR - skipping loading of FCL
Build succeeded.
Compilation from IR - skipping loading of FCL
Build succeeded.
Compilation from IR - skipping loading of FCL
Build succeeded.
Compilation from IR - skipping loading of FCL
Build succeeded.
Compilation from IR - skipping loading of FCL
Build succeeded.
Compilation from IR - skipping loading of FCL
Build succeeded.
Compilation from IR - skipping loading of FCL
Build succeeded.
Compilation from IR - skipping loading of FCL
Build succeeded.
Compilation from IR - skipping loading of FCL
Build succeeded.
Compilation from IR - skipping loading of FCL
Build succeeded.
Compilation from IR - skipping loading of FCL
Build succeeded.
Compilation from IR - skipping loading of FCL

[bmg-g21] warning: in kernel 'typeinfo name for dpct_kernel_name<void strata::kernels::(anonymous namespace)::launch_q6k_wide<1>(void const*, void const*, float*, int, int, sycl::_V1::queue*)::native_mmvq_q6k_wide, dpct_kernel_scalar<1>, dpct_kernel_scalar<4>>': compiled SIMD32 allocated 128 regs and spilled around 2

Build succeeded.
Compilation from IR - skipping loading of FCL
Build succeeded.
Compilation from IR - skipping loading of FCL
Build succeeded.
Compilation from IR - skipping loading of FCL
Build succeeded.
Compilation from IR - skipping loading of FCL
Build succeeded.
Compilation from IR - skipping loading of FCL
Build succeeded.
Compilation from IR - skipping loading of FCL
Build succeeded.
Compilation from IR - skipping loading of FCL
Build succeeded.
Compilation from IR - skipping loading of FCL
Build succeeded.
Compilation from IR - skipping loading of FCL
Build succeeded.
Compilation from IR - skipping loading of FCL
Build succeeded.
Compilation from IR - skipping loading of FCL
Build succeeded.
Compilation from IR - skipping loading of FCL
Build succeeded.
Compilation from IR - skipping loading of FCL
Build succeeded.
Compilation from IR - skipping loading of FCL
Build succeeded.
Compilation from IR - skipping loading of FCL
Build succeeded.
Compilation from IR - skipping loading of FCL
Build succeeded.
Compilation from IR - skipping loading of FCL
Build succeeded.
Compilation from IR - skipping loading of FCL
Build succeeded.
Compilation from IR - skipping loading of FCL
Build succeeded.
Compilation from IR - skipping loading of FCL
Build succeeded.
Compilation from IR - skipping loading of FCL
Build succeeded.
Compilation from IR - skipping loading of FCL
Build succeeded.
Compilation from IR - skipping loading of FCL
Build succeeded.
Compilation from IR - skipping loading of FCL
Build succeeded.
Compilation from IR - skipping loading of FCL
Build succeeded.
Compilation from IR - skipping loading of FCL
Build succeeded.
Compilation from IR - skipping loading of FCL
Build succeeded.
Compilation from IR - skipping loading of FCL
Build succeeded.
Compilation from IR - skipping loading of FCL
Build succeeded.
Compilation from IR - skipping loading of FCL
Build succeeded.
Compilation from IR - skipping loading of FCL
Build succeeded.
Compilation from IR - skipping loading of FCL
Build succeeded.
Compilation from IR - skipping loading of FCL
Build succeeded.
Compilation from IR - skipping loading of FCL
Build succeeded.
Compilation from IR - skipping loading of FCL
Build succeeded.
Compilation from IR - skipping loading of FCL
Build succeeded.
Compilation from IR - skipping loading of FCL
Build succeeded.
Compilation from IR - skipping loading of FCL
Build succeeded.
Compilation from IR - skipping loading of FCL
Build succeeded.
Compilation from IR - skipping loading of FCL
Build succeeded.
Compilation from IR - skipping loading of FCL
Build succeeded.
Compilation from IR - skipping loading of FCL
Build succeeded.
Compilation from IR - skipping loading of FCL
Build succeeded.
Compilation from IR - skipping loading of FCL
Build succeeded.
Compilation from IR - skipping loading of FCL
Build succeeded.
Compilation from IR - skipping loading of FCL
Build succeeded.
Compilation from IR - skipping loading of FCL
Build succeeded.
Compilation from IR - skipping loading of FCL
Build succeeded.
Compilation from IR - skipping loading of FCL
Build succeeded.
Compilation from IR - skipping loading of FCL
Build succeeded.
Compilation from IR - skipping loading of FCL
Build succeeded.
Compilation from IR - skipping loading of FCL
Build succeeded.
Compilation from IR - skipping loading of FCL
Build succeeded.
Compilation from IR - skipping loading of FCL
Build succeeded.
Compilation from IR - skipping loading of FCL
Build succeeded.
Compilation from IR - skipping loading of FCL
Build succeeded.
Compilation from IR - skipping loading of FCL
Build succeeded.
Compilation from IR - skipping loading of FCL
Build succeeded.
Compilation from IR - skipping loading of FCL
Build succeeded.
Compilation from IR - skipping loading of FCL
Build succeeded.
Compilation from IR - skipping loading of FCL
Build succeeded.
Compilation from IR - skipping loading of FCL
Build succeeded.
Compilation from IR - skipping loading of FCL
Build succeeded.
Compilation from IR - skipping loading of FCL
Build succeeded.
Compilation from IR - skipping loading of FCL
Build succeeded.
Compilation from IR - skipping loading of FCL
Build succeeded.
Compilation from IR - skipping loading of FCL
Build succeeded.
Compilation from IR - skipping loading of FCL

[bmg-g21] warning: in kernel 'typeinfo name for dpct_kernel_name<void strata::kernels::(anonymous namespace)::launch_multi_n<strata::kernels::(anonymous namespace)::Q5KTraits, 6>(void const*, void const*, float*, int, int, sycl::_V1::queue*)::native_mmvq_multi_kernel_23124e, strata::kernels::(anonymous namespace)::Q5KTraits, dpct_kernel_scalar<6>, dpct_kernel_scalar<4>, dpct_kernel_scalar<4>>': compiled SIMD32 allocated 128 regs and spilled around 13

Build succeeded.
Compilation from IR - skipping loading of FCL
Build succeeded.
Compilation from IR - skipping loading of FCL
Build succeeded.
Compilation from IR - skipping loading of FCL
Build succeeded.
Compilation from IR - skipping loading of FCL
Build succeeded.
Compilation from IR - skipping loading of FCL

[bmg-g21] warning: in kernel 'typeinfo name for dpct_kernel_name<void strata::kernels::(anonymous namespace)::launch_multi_n<strata::kernels::(anonymous namespace)::Q5KTraits, 5>(void const*, void const*, float*, int, int, sycl::_V1::queue*)::native_mmvq_multi_kernel_23124e, strata::kernels::(anonymous namespace)::Q5KTraits, dpct_kernel_scalar<5>, dpct_kernel_scalar<4>, dpct_kernel_scalar<4>>': compiled SIMD32 allocated 128 regs and spilled around 2

Build succeeded.
Compilation from IR - skipping loading of FCL
Build succeeded.
Compilation from IR - skipping loading of FCL
Build succeeded.
Compilation from IR - skipping loading of FCL
Build succeeded.
Compilation from IR - skipping loading of FCL
Build succeeded.
Compilation from IR - skipping loading of FCL
Build succeeded.
Compilation from IR - skipping loading of FCL
Build succeeded.
Compilation from IR - skipping loading of FCL
Build succeeded.
Compilation from IR - skipping loading of FCL
Build succeeded.
Compilation from IR - skipping loading of FCL
Build succeeded.
Compilation from IR - skipping loading of FCL
Build succeeded.
Compilation from IR - skipping loading of FCL
Build succeeded.
Compilation from IR - skipping loading of FCL
Build succeeded.
Compilation from IR - skipping loading of FCL
Build succeeded.
Compilation from IR - skipping loading of FCL
Build succeeded.
Compilation from IR - skipping loading of FCL
Build succeeded.
Compilation from IR - skipping loading of FCL
Build succeeded.
Compilation from IR - skipping loading of FCL
Build succeeded.
Compilation from IR - skipping loading of FCL
Build succeeded.
Compilation from IR - skipping loading of FCL
Build succeeded.
Compilation from IR - skipping loading of FCL
Build succeeded.
Compilation from IR - skipping loading of FCL
Build succeeded.
Compilation from IR - skipping loading of FCL
Build succeeded.
Compilation from IR - skipping loading of FCL
Build succeeded.
Compilation from IR - skipping loading of FCL
Build succeeded.
Compilation from IR - skipping loading of FCL

[bmg-g21] warning: in kernel 'typeinfo name for dpct_kernel_name<void strata::kernels::(anonymous namespace)::launch_multi_n<strata::kernels::(anonymous namespace)::Q4KTraits, 7>(void const*, void const*, float*, int, int, sycl::_V1::queue*)::native_mmvq_multi_kernel_23124e, strata::kernels::(anonymous namespace)::Q4KTraits, dpct_kernel_scalar<7>, dpct_kernel_scalar<4>, dpct_kernel_scalar<4>>': compiled SIMD32 allocated 128 regs and spilled around 19

Build succeeded.
Compilation from IR - skipping loading of FCL
Build succeeded.
Compilation from IR - skipping loading of FCL
Build succeeded.
Compilation from IR - skipping loading of FCL
Build succeeded.
Compilation from IR - skipping loading of FCL
Build succeeded.
Compilation from IR - skipping loading of FCL
Build succeeded.
Compilation from IR - skipping loading of FCL
Build succeeded.
Compilation from IR - skipping loading of FCL
Build succeeded.
Compilation from IR - skipping loading of FCL
Build succeeded.
Compilation from IR - skipping loading of FCL
Build succeeded.
Compilation from IR - skipping loading of FCL
Build succeeded.
Compilation from IR - skipping loading of FCL
Build succeeded.
Compilation from IR - skipping loading of FCL
Build succeeded.
Compilation from IR - skipping loading of FCL
Build succeeded.
Compilation from IR - skipping loading of FCL
Build succeeded.
Compilation from IR - skipping loading of FCL
Build succeeded.
Compilation from IR - skipping loading of FCL
Build succeeded.
Compilation from IR - skipping loading of FCL
Build succeeded.
Compilation from IR - skipping loading of FCL
Build succeeded.
Compilation from IR - skipping loading of FCL
Build succeeded.
Compilation from IR - skipping loading of FCL
Build succeeded.
Compilation from IR - skipping loading of FCL
Build succeeded.
Compilation from IR - skipping loading of FCL
Build succeeded.
Compilation from IR - skipping loading of FCL
Build succeeded.
Compilation from IR - skipping loading of FCL
Build succeeded.
Compilation from IR - skipping loading of FCL
Build succeeded.
Compilation from IR - skipping loading of FCL
Build succeeded.
Compilation from IR - skipping loading of FCL
Build succeeded.
Compilation from IR - skipping loading of FCL
Build succeeded.
Compilation from IR - skipping loading of FCL
Build succeeded.
Compilation from IR - skipping loading of FCL
Build succeeded.
Compilation from IR - skipping loading of FCL
Build succeeded.
Compilation from IR - skipping loading of FCL
Build succeeded.
Compilation from IR - skipping loading of FCL
Build succeeded.
Compilation from IR - skipping loading of FCL
Build succeeded.
Compilation from IR - skipping loading of FCL
Build succeeded.
Compilation from IR - skipping loading of FCL
Build succeeded.
Compilation from IR - skipping loading of FCL
Build succeeded.
Compilation from IR - skipping loading of FCL
Build succeeded.
Compilation from IR - skipping loading of FCL
Build succeeded.
Compilation from IR - skipping loading of FCL
Build succeeded.
Compilation from IR - skipping loading of FCL
Build succeeded.
Compilation from IR - skipping loading of FCL
Build succeeded.
Compilation from IR - skipping loading of FCL
Build succeeded.
Compilation from IR - skipping loading of FCL
Build succeeded.
Compilation from IR - skipping loading of FCL
Build succeeded.
Compilation from IR - skipping loading of FCL
Build succeeded.
Compilation from IR - skipping loading of FCL
Build succeeded.
Compilation from IR - skipping loading of FCL
Build succeeded.
Compilation from IR - skipping loading of FCL
Build succeeded.
Compilation from IR - skipping loading of FCL
Build succeeded.
Compilation from IR - skipping loading of FCL
Build succeeded.
Compilation from IR - skipping loading of FCL
Build succeeded.
Compilation from IR - skipping loading of FCL
Build succeeded.
Compilation from IR - skipping loading of FCL
Build succeeded.
Compilation from IR - skipping loading of FCL
Build succeeded.
Compilation from IR - skipping loading of FCL
Build succeeded.
Compilation from IR - skipping loading of FCL
Build succeeded.
Compilation from IR - skipping loading of FCL
Build succeeded.
Compilation from IR - skipping loading of FCL
Build succeeded.
Compilation from IR - skipping loading of FCL
Build succeeded.
Compilation from IR - skipping loading of FCL
Build succeeded.
Compilation from IR - skipping loading of FCL
Build succeeded.
Compilation from IR - skipping loading of FCL
Build succeeded.
Compilation from IR - skipping loading of FCL
Build succeeded.
Compilation from IR - skipping loading of FCL
Build succeeded.
Compilation from IR - skipping loading of FCL
Build succeeded.
Compilation from IR - skipping loading of FCL
Build succeeded.
Compilation from IR - skipping loading of FCL
Build succeeded.
Compilation from IR - skipping loading of FCL
Build succeeded.
Compilation from IR - skipping loading of FCL

[bmg-g21] warning: in kernel 'typeinfo name for dpct_kernel_name<void strata::kernels::(anonymous namespace)::launch_multi_n<strata::kernels::(anonymous namespace)::Q20Traits, 7>(void const*, void const*, float*, int, int, sycl::_V1::queue*)::native_mmvq_multi_kernel_23124e, strata::kernels::(anonymous namespace)::Q20Traits, dpct_kernel_scalar<7>, dpct_kernel_scalar<4>, dpct_kernel_scalar<4>>': compiled SIMD32 allocated 128 regs and spilled around 93

Build succeeded.
Compilation from IR - skipping loading of FCL
Build succeeded.
Compilation from IR - skipping loading of FCL
Build succeeded.
Compilation from IR - skipping loading of FCL
Build succeeded.
Compilation from IR - skipping loading of FCL
Build succeeded.
Compilation from IR - skipping loading of FCL

[bmg-g21] warning: in kernel 'typeinfo name for dpct_kernel_name<void strata::kernels::(anonymous namespace)::launch_multi_n<strata::kernels::(anonymous namespace)::Q20Traits, 6>(void const*, void const*, float*, int, int, sycl::_V1::queue*)::native_mmvq_multi_kernel_23124e, strata::kernels::(anonymous namespace)::Q20Traits, dpct_kernel_scalar<6>, dpct_kernel_scalar<4>, dpct_kernel_scalar<4>>': compiled SIMD32 allocated 128 regs and spilled around 55

Build succeeded.
Compilation from IR - skipping loading of FCL
Build succeeded.
Compilation from IR - skipping loading of FCL
Build succeeded.
Compilation from IR - skipping loading of FCL
Build succeeded.
Compilation from IR - skipping loading of FCL
Build succeeded.
Compilation from IR - skipping loading of FCL

[bmg-g21] warning: in kernel 'typeinfo name for dpct_kernel_name<void strata::kernels::(anonymous namespace)::launch_multi_n<strata::kernels::(anonymous namespace)::Q20Traits, 5>(void const*, void const*, float*, int, int, sycl::_V1::queue*)::native_mmvq_multi_kernel_23124e, strata::kernels::(anonymous namespace)::Q20Traits, dpct_kernel_scalar<5>, dpct_kernel_scalar<4>, dpct_kernel_scalar<4>>': compiled SIMD32 allocated 128 regs and spilled around 17

Build succeeded.
Compilation from IR - skipping loading of FCL
Build succeeded.
Compilation from IR - skipping loading of FCL
Build succeeded.
Compilation from IR - skipping loading of FCL
Build succeeded.
Compilation from IR - skipping loading of FCL
Build succeeded.
Compilation from IR - skipping loading of FCL
Build succeeded.
Compilation from IR - skipping loading of FCL
Build succeeded.
Compilation from IR - skipping loading of FCL
Build succeeded.
Compilation from IR - skipping loading of FCL
Build succeeded.
Compilation from IR - skipping loading of FCL
Build succeeded.
Compilation from IR - skipping loading of FCL

[bmg-g21] warning: in kernel 'typeinfo name for dpct_kernel_name<void strata::kernels::(anonymous namespace)::launch_multi_n<strata::kernels::(anonymous namespace)::Q20Traits, 3>(void const*, void const*, float*, int, int, sycl::_V1::queue*)::native_mmvq_multi_kernel_23124e, strata::kernels::(anonymous namespace)::Q20Traits, dpct_kernel_scalar<3>, dpct_kernel_scalar<4>, dpct_kernel_scalar<4>>': compiled SIMD32 allocated 128 regs and spilled around 11

Build succeeded.
Compilation from IR - skipping loading of FCL
Build succeeded.
Compilation from IR - skipping loading of FCL
Build succeeded.
Compilation from IR - skipping loading of FCL
Build succeeded.
Compilation from IR - skipping loading of FCL
Build succeeded.
Compilation from IR - skipping loading of FCL
Build succeeded.
Compilation from IR - skipping loading of FCL
Build succeeded.
Compilation from IR - skipping loading of FCL
Build succeeded.
Compilation from IR - skipping loading of FCL
Build succeeded.
Compilation from IR - skipping loading of FCL
Build succeeded.
Compilation from IR - skipping loading of FCL
Build succeeded.
Compilation from IR - skipping loading of FCL
Build succeeded.
Compilation from IR - skipping loading of FCL
Build succeeded.
Compilation from IR - skipping loading of FCL
Build succeeded.
Compilation from IR - skipping loading of FCL
Build succeeded.
Compilation from IR - skipping loading of FCL
Build succeeded.
Compilation from IR - skipping loading of FCL
Build succeeded.
Compilation from IR - skipping loading of FCL
Build succeeded.
Compilation from IR - skipping loading of FCL
Build succeeded.
Compilation from IR - skipping loading of FCL
Build succeeded.
Compilation from IR - skipping loading of FCL
Build succeeded.
Compilation from IR - skipping loading of FCL
Build succeeded.
Compilation from IR - skipping loading of FCL
Build succeeded.
Compilation from IR - skipping loading of FCL
Build succeeded.
Compilation from IR - skipping loading of FCL
Build succeeded.
Compilation from IR - skipping loading of FCL
Build succeeded.
Compilation from IR - skipping loading of FCL
Build succeeded.
Compilation from IR - skipping loading of FCL
Build succeeded.
Compilation from IR - skipping loading of FCL
Build succeeded.
Compilation from IR - skipping loading of FCL
Build succeeded.
Compilation from IR - skipping loading of FCL
Build succeeded.
Compilation from IR - skipping loading of FCL
Build succeeded.
Compilation from IR - skipping loading of FCL
Build succeeded.
Compilation from IR - skipping loading of FCL
Build succeeded.
Compilation from IR - skipping loading of FCL
Build succeeded.
Compilation from IR - skipping loading of FCL
Build succeeded.
Compilation from IR - skipping loading of FCL
Build succeeded.
Compilation from IR - skipping loading of FCL
Build succeeded.
Compilation from IR - skipping loading of FCL
Build succeeded.
Compilation from IR - skipping loading of FCL
Build succeeded.
Compilation from IR - skipping loading of FCL
Build succeeded.
Compilation from IR - skipping loading of FCL
Build succeeded.
Compilation from IR - skipping loading of FCL
Build succeeded.
Compilation from IR - skipping loading of FCL
Build succeeded.
Compilation from IR - skipping loading of FCL
Build succeeded.
Compilation from IR - skipping loading of FCL

[bmg-g21] warning: in kernel 'typeinfo name for dpct_kernel_name<void strata::kernels::(anonymous namespace)::launch_multi_n<strata::kernels::(anonymous namespace)::SmallTraits<strata::kernels::(anonymous namespace)::Q50Block, 4>, 8>(void const*, void const*, float*, int, int, sycl::_V1::queue*)::native_mmvq_multi_kernel_23124e, strata::kernels::(anonymous namespace)::SmallTraits<strata::kernels::(anonymous namespace)::Q50Block, 4>, dpct_kernel_scalar<8>, dpct_kernel_scalar<4>, dpct_kernel_scalar<4>>': compiled SIMD32 allocated 128 regs and spilled around 5

Build succeeded.
Compilation from IR - skipping loading of FCL
Build succeeded.
Compilation from IR - skipping loading of FCL
Build succeeded.
Compilation from IR - skipping loading of FCL
Build succeeded.
Compilation from IR - skipping loading of FCL
Build succeeded.
Compilation from IR - skipping loading of FCL
Build succeeded.
Compilation from IR - skipping loading of FCL
Build succeeded.
Compilation from IR - skipping loading of FCL
Build succeeded.
Compilation from IR - skipping loading of FCL
Build succeeded.
Compilation from IR - skipping loading of FCL
Build succeeded.
Compilation from IR - skipping loading of FCL
Build succeeded.
Compilation from IR - skipping loading of FCL
Build succeeded.
Compilation from IR - skipping loading of FCL
Build succeeded.
Compilation from IR - skipping loading of FCL
Build succeeded.
Compilation from IR - skipping loading of FCL
Build succeeded.
Compilation from IR - skipping loading of FCL
Build succeeded.
Compilation from IR - skipping loading of FCL
Build succeeded.
Compilation from IR - skipping loading of FCL
Build succeeded.
Compilation from IR - skipping loading of FCL
Build succeeded.
Compilation from IR - skipping loading of FCL
Build succeeded.
Compilation from IR - skipping loading of FCL
Build succeeded.
Compilation from IR - skipping loading of FCL
Build succeeded.
Compilation from IR - skipping loading of FCL
Build succeeded.
Compilation from IR - skipping loading of FCL
Build succeeded.
Compilation from IR - skipping loading of FCL
Build succeeded.
Compilation from IR - skipping loading of FCL
Build succeeded.
Compilation from IR - skipping loading of FCL
Build succeeded.
Compilation from IR - skipping loading of FCL
Build succeeded.
Compilation from IR - skipping loading of FCL
Build succeeded.
Compilation from IR - skipping loading of FCL
Build succeeded.
Compilation from IR - skipping loading of FCL
Build succeeded.
Compilation from IR - skipping loading of FCL
Build succeeded.
Compilation from IR - skipping loading of FCL
Build succeeded.
Compilation from IR - skipping loading of FCL
Build succeeded.
Compilation from IR - skipping loading of FCL
Build succeeded.
Compilation from IR - skipping loading of FCL
Build succeeded.
Compilation from IR - skipping loading of FCL
Build succeeded.
Compilation from IR - skipping loading of FCL
Build succeeded.
Compilation from IR - skipping loading of FCL
Build succeeded.
Compilation from IR - skipping loading of FCL
Build succeeded.
Compilation from IR - skipping loading of FCL
Build succeeded.
Compilation from IR - skipping loading of FCL
Build succeeded.
Compilation from IR - skipping loading of FCL
Build succeeded.
Compilation from IR - skipping loading of FCL
Build succeeded.
Compilation from IR - skipping loading of FCL
Build succeeded.
Compilation from IR - skipping loading of FCL
Build succeeded.
Compilation from IR - skipping loading of FCL
Build succeeded.
Compilation from IR - skipping loading of FCL
Build succeeded.
Compilation from IR - skipping loading of FCL
Build succeeded.
Compilation from IR - skipping loading of FCL
Build succeeded.
Compilation from IR - skipping loading of FCL
Build succeeded.
Compilation from IR - skipping loading of FCL
Build succeeded.
Compilation from IR - skipping loading of FCL
Build succeeded.
Compilation from IR - skipping loading of FCL
Build succeeded.
Compilation from IR - skipping loading of FCL
Build succeeded.
Compilation from IR - skipping loading of FCL
Build succeeded.
Compilation from IR - skipping loading of FCL
Build succeeded.
Compilation from IR - skipping loading of FCL
Build succeeded.
Compilation from IR - skipping loading of FCL
Build succeeded.
Compilation from IR - skipping loading of FCL
Build succeeded.
Compilation from IR - skipping loading of FCL
Build succeeded.
Compilation from IR - skipping loading of FCL
Build succeeded.
Compilation from IR - skipping loading of FCL
Build succeeded.
Compilation from IR - skipping loading of FCL
Build succeeded.
Compilation from IR - skipping loading of FCL
Build succeeded.
Compilation from IR - skipping loading of FCL
Build succeeded.
Compilation from IR - skipping loading of FCL
Build succeeded.
Compilation from IR - skipping loading of FCL
Build succeeded.
Compilation from IR - skipping loading of FCL
Build succeeded.
Compilation from IR - skipping loading of FCL
Build succeeded.
Compilation from IR - skipping loading of FCL
Build succeeded.
Compilation from IR - skipping loading of FCL
Build succeeded.
Compilation from IR - skipping loading of FCL
Build succeeded.
Compilation from IR - skipping loading of FCL
Build succeeded.
Compilation from IR - skipping loading of FCL
Build succeeded.
Compilation from IR - skipping loading of FCL
Build succeeded.
Compilation from IR - skipping loading of FCL
Build succeeded.
Compilation from IR - skipping loading of FCL
Build succeeded.
Compilation from IR - skipping loading of FCL
Build succeeded.
Compilation from IR - skipping loading of FCL
Build succeeded.
Compilation from IR - skipping loading of FCL

[bmg-g21] warning: in kernel 'typeinfo name for dpct_kernel_name<void strata::kernels::(anonymous namespace)::launch_multi_n<strata::kernels::(anonymous namespace)::SmallTraits<strata::kernels::(anonymous namespace)::IQ4NLBlock, 4>, 6>(void const*, void const*, float*, int, int, sycl::_V1::queue*)::native_mmvq_multi_kernel_23124e, strata::kernels::(anonymous namespace)::SmallTraits<strata::kernels::(anonymous namespace)::IQ4NLBlock, 4>, dpct_kernel_scalar<6>, dpct_kernel_scalar<4>, dpct_kernel_scalar<4>>': compiled SIMD32 allocated 128 regs and spilled around 65

Build succeeded.
Compilation from IR - skipping loading of FCL
Build succeeded.
Compilation from IR - skipping loading of FCL
Build succeeded.
Compilation from IR - skipping loading of FCL
Build succeeded.
Compilation from IR - skipping loading of FCL
Build succeeded.
Compilation from IR - skipping loading of FCL

[bmg-g21] warning: in kernel 'typeinfo name for dpct_kernel_name<void strata::kernels::(anonymous namespace)::launch_multi_n<strata::kernels::(anonymous namespace)::SmallTraits<strata::kernels::(anonymous namespace)::IQ4NLBlock, 4>, 5>(void const*, void const*, float*, int, int, sycl::_V1::queue*)::native_mmvq_multi_kernel_23124e, strata::kernels::(anonymous namespace)::SmallTraits<strata::kernels::(anonymous namespace)::IQ4NLBlock, 4>, dpct_kernel_scalar<5>, dpct_kernel_scalar<4>, dpct_kernel_scalar<4>>': compiled SIMD32 allocated 128 regs and spilled around 4

Build succeeded.
Compilation from IR - skipping loading of FCL
Build succeeded.
Compilation from IR - skipping loading of FCL
Build succeeded.
Compilation from IR - skipping loading of FCL
Build succeeded.
Compilation from IR - skipping loading of FCL
Build succeeded.
Compilation from IR - skipping loading of FCL
Build succeeded.
Compilation from IR - skipping loading of FCL
Build succeeded.
Compilation from IR - skipping loading of FCL
Build succeeded.
Compilation from IR - skipping loading of FCL
Build succeeded.
Compilation from IR - skipping loading of FCL
Build succeeded.
Compilation from IR - skipping loading of FCL
Build succeeded.
Compilation from IR - skipping loading of FCL
Build succeeded.
Compilation from IR - skipping loading of FCL
Build succeeded.
Compilation from IR - skipping loading of FCL
Build succeeded.
Compilation from IR - skipping loading of FCL
Build succeeded.
Compilation from IR - skipping loading of FCL
Build succeeded.
Compilation from IR - skipping loading of FCL
Build succeeded.
Compilation from IR - skipping loading of FCL
Build succeeded.
Compilation from IR - skipping loading of FCL
Build succeeded.
Compilation from IR - skipping loading of FCL
Build succeeded.
Compilation from IR - skipping loading of FCL
Build succeeded.
Compilation from IR - skipping loading of FCL
Build succeeded.
Compilation from IR - skipping loading of FCL
Build succeeded.
Compilation from IR - skipping loading of FCL
Build succeeded.
Compilation from IR - skipping loading of FCL
Build succeeded.
Compilation from IR - skipping loading of FCL
Build succeeded.
Compilation from IR - skipping loading of FCL
Build succeeded.
Compilation from IR - skipping loading of FCL
Build succeeded.
Compilation from IR - skipping loading of FCL
Build succeeded.
Compilation from IR - skipping loading of FCL
Build succeeded.
Compilation from IR - skipping loading of FCL
Build succeeded.
Compilation from IR - skipping loading of FCL
Build succeeded.
Compilation from IR - skipping loading of FCL
Build succeeded.
Compilation from IR - skipping loading of FCL
Build succeeded.
Compilation from IR - skipping loading of FCL
Build succeeded.
Compilation from IR - skipping loading of FCL

[bmg-g21] warning: in kernel 'typeinfo name for dpct_kernel_name<void strata::kernels::(anonymous namespace)::launch_multi_n<strata::kernels::(anonymous namespace)::IQ4XSTraits, 5>(void const*, void const*, float*, int, int, sycl::_V1::queue*)::native_mmvq_multi_kernel_23124e, strata::kernels::(anonymous namespace)::IQ4XSTraits, dpct_kernel_scalar<5>, dpct_kernel_scalar<4>, dpct_kernel_scalar<4>>': compiled SIMD32 allocated 128 regs and spilled around 137

Build succeeded.
Compilation from IR - skipping loading of FCL
Build succeeded.
Compilation from IR - skipping loading of FCL
Build succeeded.
Compilation from IR - skipping loading of FCL
Build succeeded.
Compilation from IR - skipping loading of FCL
Build succeeded.
Compilation from IR - skipping loading of FCL

[bmg-g21] warning: in kernel 'typeinfo name for dpct_kernel_name<void strata::kernels::(anonymous namespace)::launch_multi_n<strata::kernels::(anonymous namespace)::IQ4XSTraits, 4>(void const*, void const*, float*, int, int, sycl::_V1::queue*)::native_mmvq_multi_kernel_23124e, strata::kernels::(anonymous namespace)::IQ4XSTraits, dpct_kernel_scalar<4>, dpct_kernel_scalar<4>, dpct_kernel_scalar<4>>': compiled SIMD32 allocated 128 regs and spilled around 97

Build succeeded.
Compilation from IR - skipping loading of FCL
Build succeeded.
Compilation from IR - skipping loading of FCL
Build succeeded.
Compilation from IR - skipping loading of FCL
Build succeeded.
Compilation from IR - skipping loading of FCL
Build succeeded.
Compilation from IR - skipping loading of FCL

[bmg-g21] warning: in kernel 'typeinfo name for dpct_kernel_name<void strata::kernels::(anonymous namespace)::launch_multi_n<strata::kernels::(anonymous namespace)::IQ4XSTraits, 3>(void const*, void const*, float*, int, int, sycl::_V1::queue*)::native_mmvq_multi_kernel_23124e, strata::kernels::(anonymous namespace)::IQ4XSTraits, dpct_kernel_scalar<3>, dpct_kernel_scalar<4>, dpct_kernel_scalar<4>>': compiled SIMD32 allocated 128 regs and spilled around 13

Build succeeded.
Compilation from IR - skipping loading of FCL
Build succeeded.
Compilation from IR - skipping loading of FCL
Build succeeded.
Compilation from IR - skipping loading of FCL
Build succeeded.
Compilation from IR - skipping loading of FCL
Build succeeded.
Compilation from IR - skipping loading of FCL
Build succeeded.
Compilation from IR - skipping loading of FCL
Build succeeded.
Compilation from IR - skipping loading of FCL
Build succeeded.
Compilation from IR - skipping loading of FCL
Build succeeded.
Compilation from IR - skipping loading of FCL
Build succeeded.
Compilation from IR - skipping loading of FCL
Build succeeded.
Compilation from IR - skipping loading of FCL
Build succeeded.
Compilation from IR - skipping loading of FCL
Build succeeded.
Compilation from IR - skipping loading of FCL
Build succeeded.
Compilation from IR - skipping loading of FCL
Build succeeded.
Compilation from IR - skipping loading of FCL
Build succeeded.
Compilation from IR - skipping loading of FCL
Build succeeded.
Compilation from IR - skipping loading of FCL
Build succeeded.
Compilation from IR - skipping loading of FCL
Build succeeded.
Compilation from IR - skipping loading of FCL
Build succeeded.
Compilation from IR - skipping loading of FCL
Build succeeded.
Compilation from IR - skipping loading of FCL
Build succeeded.
Compilation from IR - skipping loading of FCL
Build succeeded.
Compilation from IR - skipping loading of FCL
Build succeeded.
Compilation from IR - skipping loading of FCL
Build succeeded.
Compilation from IR - skipping loading of FCL
Build succeeded.
Compilation from IR - skipping loading of FCL
Build succeeded.
Compilation from IR - skipping loading of FCL
Build succeeded.
Compilation from IR - skipping loading of FCL
Build succeeded.
Compilation from IR - skipping loading of FCL
Build succeeded.
Compilation from IR - skipping loading of FCL
Build succeeded.
Compilation from IR - skipping loading of FCL
Build succeeded.
Compilation from IR - skipping loading of FCL
Build succeeded.
Compilation from IR - skipping loading of FCL
Build succeeded.
Compilation from IR - skipping loading of FCL
Build succeeded.
Compilation from IR - skipping loading of FCL
Build succeeded.
Compilation from IR - skipping loading of FCL
Build succeeded.
Compilation from IR - skipping loading of FCL
Build succeeded.
Compilation from IR - skipping loading of FCL
Build succeeded.
Compilation from IR - skipping loading of FCL
Build succeeded.
Compilation from IR - skipping loading of FCL
Build succeeded.
Compilation from IR - skipping loading of FCL
Build succeeded.
Compilation from IR - skipping loading of FCL
Build succeeded.
Compilation from IR - skipping loading of FCL
Build succeeded.
Compilation from IR - skipping loading of FCL
Build succeeded.
Compilation from IR - skipping loading of FCL
Build succeeded.
Compilation from IR - skipping loading of FCL
Build succeeded.
Compilation from IR - skipping loading of FCL
Build succeeded.
Compilation from IR - skipping loading of FCL
Build succeeded.
Compilation from IR - skipping loading of FCL
Build succeeded.
Compilation from IR - skipping loading of FCL
Build succeeded.
Compilation from IR - skipping loading of FCL
Build succeeded.
Compilation from IR - skipping loading of FCL
Build succeeded.
Compilation from IR - skipping loading of FCL
Build succeeded.
Compilation from IR - skipping loading of FCL
Build succeeded.
Compilation from IR - skipping loading of FCL
Build succeeded.
Compilation from IR - skipping loading of FCL
Build succeeded.
Compilation from IR - skipping loading of FCL
Build succeeded.
Compilation from IR - skipping loading of FCL
Build succeeded.
Compilation from IR - skipping loading of FCL
Build succeeded.
Compilation from IR - skipping loading of FCL
Build succeeded.
Compilation from IR - skipping loading of FCL
Build succeeded.
Compilation from IR - skipping loading of FCL
Build succeeded.
Compilation from IR - skipping loading of FCL
Build succeeded.
Compilation from IR - skipping loading of FCL
Build succeeded.
Compilation from IR - skipping loading of FCL
Build succeeded.
Compilation from IR - skipping loading of FCL
Build succeeded.
Compilation from IR - skipping loading of FCL
Build succeeded.
Compilation from IR - skipping loading of FCL
Build succeeded.
Compilation from IR - skipping loading of FCL
Build succeeded.
Compilation from IR - skipping loading of FCL
Build succeeded.
Compilation from IR - skipping loading of FCL
Build succeeded.
Compilation from IR - skipping loading of FCL
Build succeeded.
Compilation from IR - skipping loading of FCL
Build succeeded.
Compilation from IR - skipping loading of FCL
Build succeeded.
Compilation from IR - skipping loading of FCL
Build succeeded.
Compilation from IR - skipping loading of FCL
Build succeeded.
Compilation from IR - skipping loading of FCL
Build succeeded.
Compilation from IR - skipping loading of FCL
Build succeeded.
Compilation from IR - skipping loading of FCL
Build succeeded.
Compilation from IR - skipping loading of FCL
Build succeeded.
Compilation from IR - skipping loading of FCL
Build succeeded.
Compilation from IR - skipping loading of FCL
Build succeeded.
Compilation from IR - skipping loading of FCL
Build succeeded.
Compilation from IR - skipping loading of FCL
Build succeeded.
Compilation from IR - skipping loading of FCL
Build succeeded.
Compilation from IR - skipping loading of FCL
Build succeeded.
Compilation from IR - skipping loading of FCL
Build succeeded.
Compilation from IR - skipping loading of FCL
Build succeeded.
Compilation from IR - skipping loading of FCL
Build succeeded.
Compilation from IR - skipping loading of FCL
Build succeeded.
Compilation from IR - skipping loading of FCL
Build succeeded.
Compilation from IR - skipping loading of FCL
Build succeeded.
Compilation from IR - skipping loading of FCL
Build succeeded.
Compilation from IR - skipping loading of FCL
Build succeeded.
Compilation from IR - skipping loading of FCL
Build succeeded.
Compilation from IR - skipping loading of FCL
Build succeeded.
Compilation from IR - skipping loading of FCL
Build succeeded.
Compilation from IR - skipping loading of FCL
Build succeeded.
Compilation from IR - skipping loading of FCL
Build succeeded.
Compilation from IR - skipping loading of FCL
Build succeeded.
Compilation from IR - skipping loading of FCL
Build succeeded.
Compilation from IR - skipping loading of FCL
Build succeeded.
Compilation from IR - skipping loading of FCL
Build succeeded.
Compilation from IR - skipping loading of FCL
Build succeeded.
Compilation from IR - skipping loading of FCL
Build succeeded.
Compilation from IR - skipping loading of FCL
Build succeeded.
Compilation from IR - skipping loading of FCL
Build succeeded.
Compilation from IR - skipping loading of FCL
Build succeeded.
Compilation from IR - skipping loading of FCL
Build succeeded.
Compilation from IR - skipping loading of FCL
Build succeeded.
Compilation from IR - skipping loading of FCL
Build succeeded.
Compilation from IR - skipping loading of FCL
Build succeeded.
[12/17] Linking CXX executable native_grouped_parity
Compilation from IR - skipping loading of FCL

[bmg-g21] warning: in kernel 'typeinfo name for strata::kernels::xmx_gemm_iq(int, void const*, void const*, long, int, unsigned short const*, int, float*, long, void*)::'lambda'(sycl::_V1::handler&)::operator()(sycl::_V1::handler&) const::'lambda'(sycl::_V1::nd_item<3>)': [RetryManager] Start recompilation of the kernel

[bmg-g21] warning: in kernel 'typeinfo name for strata::kernels::xmx_gemm_iq(int, void const*, void const*, long, int, unsigned short const*, int, float*, long, void*)::'lambda'(sycl::_V1::handler&)::operator()(sycl::_V1::handler&) const::'lambda'(sycl::_V1::nd_item<3>)': compiled SIMD16 allocated 128 regs and spilled around 73

Build succeeded.
Compilation from IR - skipping loading of FCL
Build succeeded.
Compilation from IR - skipping loading of FCL
Build succeeded.
Compilation from IR - skipping loading of FCL
Build succeeded.
Compilation from IR - skipping loading of FCL
Build succeeded.
Compilation from IR - skipping loading of FCL
Build succeeded.
Compilation from IR - skipping loading of FCL
Build succeeded.
Compilation from IR - skipping loading of FCL
Build succeeded.
Compilation from IR - skipping loading of FCL
Build succeeded.
Compilation from IR - skipping loading of FCL
Build succeeded.
Compilation from IR - skipping loading of FCL
Build succeeded.
Compilation from IR - skipping loading of FCL
Build succeeded.
Compilation from IR - skipping loading of FCL
Build succeeded.
Compilation from IR - skipping loading of FCL
Build succeeded.
Compilation from IR - skipping loading of FCL
Build succeeded.
Compilation from IR - skipping loading of FCL
Build succeeded.
Compilation from IR - skipping loading of FCL
Build succeeded.
Compilation from IR - skipping loading of FCL
Build succeeded.
Compilation from IR - skipping loading of FCL
Build succeeded.
Compilation from IR - skipping loading of FCL
Build succeeded.
Compilation from IR - skipping loading of FCL
Build succeeded.
Compilation from IR - skipping loading of FCL
Build succeeded.
Compilation from IR - skipping loading of FCL
Build succeeded.
Compilation from IR - skipping loading of FCL
Build succeeded.
Compilation from IR - skipping loading of FCL
Build succeeded.
Compilation from IR - skipping loading of FCL
Build succeeded.
Compilation from IR - skipping loading of FCL
Build succeeded.
Compilation from IR - skipping loading of FCL
Build succeeded.
Compilation from IR - skipping loading of FCL
Build succeeded.
Compilation from IR - skipping loading of FCL
Build succeeded.
Compilation from IR - skipping loading of FCL
Build succeeded.
Compilation from IR - skipping loading of FCL
Build succeeded.
Compilation from IR - skipping loading of FCL
Build succeeded.
Compilation from IR - skipping loading of FCL
Build succeeded.
Compilation from IR - skipping loading of FCL
Build succeeded.
Compilation from IR - skipping loading of FCL
Build succeeded.
Compilation from IR - skipping loading of FCL
Build succeeded.
Compilation from IR - skipping loading of FCL
Build succeeded.
Compilation from IR - skipping loading of FCL
Build succeeded.
Compilation from IR - skipping loading of FCL
Build succeeded.
Compilation from IR - skipping loading of FCL
Build succeeded.
Compilation from IR - skipping loading of FCL
Build succeeded.
Compilation from IR - skipping loading of FCL
Build succeeded.
Compilation from IR - skipping loading of FCL
Build succeeded.
Compilation from IR - skipping loading of FCL
Build succeeded.
Compilation from IR - skipping loading of FCL
Build succeeded.
Compilation from IR - skipping loading of FCL
Build succeeded.
Compilation from IR - skipping loading of FCL
Build succeeded.
Compilation from IR - skipping loading of FCL
Build succeeded.
Compilation from IR - skipping loading of FCL
Build succeeded.
Compilation from IR - skipping loading of FCL
Build succeeded.
Compilation from IR - skipping loading of FCL
Build succeeded.
Compilation from IR - skipping loading of FCL
Build succeeded.
Compilation from IR - skipping loading of FCL
Build succeeded.
Compilation from IR - skipping loading of FCL
Build succeeded.
Compilation from IR - skipping loading of FCL
Build succeeded.
Compilation from IR - skipping loading of FCL
Build succeeded.
Compilation from IR - skipping loading of FCL
Build succeeded.
Compilation from IR - skipping loading of FCL
Build succeeded.
Compilation from IR - skipping loading of FCL
Build succeeded.
Compilation from IR - skipping loading of FCL
Build succeeded.
Compilation from IR - skipping loading of FCL
Build succeeded.
Compilation from IR - skipping loading of FCL
Build succeeded.
Compilation from IR - skipping loading of FCL
Build succeeded.
Compilation from IR - skipping loading of FCL
Build succeeded.
Compilation from IR - skipping loading of FCL
Build succeeded.
Compilation from IR - skipping loading of FCL
Build succeeded.
Compilation from IR - skipping loading of FCL
Build succeeded.
Compilation from IR - skipping loading of FCL
Build succeeded.
Compilation from IR - skipping loading of FCL
Build succeeded.
Compilation from IR - skipping loading of FCL
Build succeeded.
Compilation from IR - skipping loading of FCL
Build succeeded.
Compilation from IR - skipping loading of FCL
Build succeeded.
Compilation from IR - skipping loading of FCL
Build succeeded.
Compilation from IR - skipping loading of FCL
Build succeeded.
Compilation from IR - skipping loading of FCL
Build succeeded.
Compilation from IR - skipping loading of FCL
Build succeeded.
Compilation from IR - skipping loading of FCL
Build succeeded.
Compilation from IR - skipping loading of FCL
Build succeeded.
Compilation from IR - skipping loading of FCL
Build succeeded.
Compilation from IR - skipping loading of FCL
Build succeeded.
Compilation from IR - skipping loading of FCL
Build succeeded.
Compilation from IR - skipping loading of FCL
Build succeeded.
Compilation from IR - skipping loading of FCL
Build succeeded.
Compilation from IR - skipping loading of FCL
Build succeeded.
Compilation from IR - skipping loading of FCL
Build succeeded.
Compilation from IR - skipping loading of FCL
Build succeeded.
Compilation from IR - skipping loading of FCL
Build succeeded.
Compilation from IR - skipping loading of FCL
Build succeeded.
Compilation from IR - skipping loading of FCL
Build succeeded.
Compilation from IR - skipping loading of FCL
Build succeeded.
Compilation from IR - skipping loading of FCL
Build succeeded.
Compilation from IR - skipping loading of FCL
Build succeeded.
Compilation from IR - skipping loading of FCL
Build succeeded.
Compilation from IR - skipping loading of FCL
Build succeeded.
Compilation from IR - skipping loading of FCL
Build succeeded.
Compilation from IR - skipping loading of FCL
Build succeeded.
Compilation from IR - skipping loading of FCL
Build succeeded.
Compilation from IR - skipping loading of FCL
Build succeeded.
Compilation from IR - skipping loading of FCL
Build succeeded.
Compilation from IR - skipping loading of FCL
Build succeeded.
Compilation from IR - skipping loading of FCL
Build succeeded.
Compilation from IR - skipping loading of FCL
Build succeeded.
Compilation from IR - skipping loading of FCL
Build succeeded.
Compilation from IR - skipping loading of FCL
Build succeeded.
Compilation from IR - skipping loading of FCL
Build succeeded.
Compilation from IR - skipping loading of FCL
Build succeeded.
Compilation from IR - skipping loading of FCL
Build succeeded.
Compilation from IR - skipping loading of FCL
Build succeeded.
Compilation from IR - skipping loading of FCL
Build succeeded.
Compilation from IR - skipping loading of FCL
Build succeeded.
Compilation from IR - skipping loading of FCL
Build succeeded.
Compilation from IR - skipping loading of FCL
Build succeeded.
Compilation from IR - skipping loading of FCL
Build succeeded.
Compilation from IR - skipping loading of FCL
Build succeeded.
Compilation from IR - skipping loading of FCL
Build succeeded.
Compilation from IR - skipping loading of FCL
Build succeeded.
Compilation from IR - skipping loading of FCL
Build succeeded.
Compilation from IR - skipping loading of FCL
Build succeeded.
Compilation from IR - skipping loading of FCL
Build succeeded.
Compilation from IR - skipping loading of FCL
Build succeeded.
Compilation from IR - skipping loading of FCL
Build succeeded.
Compilation from IR - skipping loading of FCL
Build succeeded.
Compilation from IR - skipping loading of FCL
Build succeeded.
Compilation from IR - skipping loading of FCL
Build succeeded.
Compilation from IR - skipping loading of FCL
Build succeeded.
Compilation from IR - skipping loading of FCL
Build succeeded.
Compilation from IR - skipping loading of FCL
Build succeeded.
Compilation from IR - skipping loading of FCL
Build succeeded.
Compilation from IR - skipping loading of FCL
Build succeeded.
Compilation from IR - skipping loading of FCL
Build succeeded.
Compilation from IR - skipping loading of FCL
Build succeeded.
Compilation from IR - skipping loading of FCL
Build succeeded.
Compilation from IR - skipping loading of FCL
Build succeeded.
Compilation from IR - skipping loading of FCL
Build succeeded.
Compilation from IR - skipping loading of FCL
Build succeeded.
Compilation from IR - skipping loading of FCL
Build succeeded.
Compilation from IR - skipping loading of FCL
Build succeeded.
Compilation from IR - skipping loading of FCL
Build succeeded.
Compilation from IR - skipping loading of FCL
Build succeeded.
Compilation from IR - skipping loading of FCL
Build succeeded.
Compilation from IR - skipping loading of FCL
Build succeeded.
Compilation from IR - skipping loading of FCL
Build succeeded.
Compilation from IR - skipping loading of FCL
Build succeeded.
Compilation from IR - skipping loading of FCL
Build succeeded.
Compilation from IR - skipping loading of FCL
Build succeeded.
Compilation from IR - skipping loading of FCL
Build succeeded.
Compilation from IR - skipping loading of FCL
Build succeeded.
Compilation from IR - skipping loading of FCL
Build succeeded.
Compilation from IR - skipping loading of FCL
Build succeeded.
Compilation from IR - skipping loading of FCL
Build succeeded.
Compilation from IR - skipping loading of FCL
Build succeeded.
Compilation from IR - skipping loading of FCL
Build succeeded.
Compilation from IR - skipping loading of FCL
Build succeeded.
Compilation from IR - skipping loading of FCL
Build succeeded.
Compilation from IR - skipping loading of FCL
Build succeeded.
[13/17] Linking CXX executable fastfix_memory_safety
Compilation from IR - skipping loading of FCL
Build succeeded.
Compilation from IR - skipping loading of FCL
Build succeeded.
Compilation from IR - skipping loading of FCL
Build succeeded.
Compilation from IR - skipping loading of FCL
Build succeeded.
Compilation from IR - skipping loading of FCL
Build succeeded.
Compilation from IR - skipping loading of FCL
Build succeeded.
Compilation from IR - skipping loading of FCL
Build succeeded.
Compilation from IR - skipping loading of FCL
Build succeeded.
Compilation from IR - skipping loading of FCL
Build succeeded.
Compilation from IR - skipping loading of FCL
Build succeeded.
Compilation from IR - skipping loading of FCL
Build succeeded.
Compilation from IR - skipping loading of FCL
Build succeeded.
Compilation from IR - skipping loading of FCL
Build succeeded.
Compilation from IR - skipping loading of FCL
Build succeeded.
Compilation from IR - skipping loading of FCL
Build succeeded.
[14/17] Linking CXX executable fastfix_ple_staging
Compilation from IR - skipping loading of FCL
Build succeeded.
Compilation from IR - skipping loading of FCL
Build succeeded.
Compilation from IR - skipping loading of FCL
Build succeeded.
Compilation from IR - skipping loading of FCL
Build succeeded.
Compilation from IR - skipping loading of FCL
Build succeeded.
Compilation from IR - skipping loading of FCL
Build succeeded.
Compilation from IR - skipping loading of FCL
Build succeeded.
Compilation from IR - skipping loading of FCL
Build succeeded.
Compilation from IR - skipping loading of FCL
Build succeeded.
Compilation from IR - skipping loading of FCL
Build succeeded.
Compilation from IR - skipping loading of FCL
Build succeeded.
Compilation from IR - skipping loading of FCL
Build succeeded.
Compilation from IR - skipping loading of FCL
Build succeeded.
Compilation from IR - skipping loading of FCL
Build succeeded.
Compilation from IR - skipping loading of FCL
Build succeeded.
Compilation from IR - skipping loading of FCL
Build succeeded.
Compilation from IR - skipping loading of FCL
Build succeeded.
Compilation from IR - skipping loading of FCL
Build succeeded.
Compilation from IR - skipping loading of FCL
Build succeeded.
Compilation from IR - skipping loading of FCL
Build succeeded.
Compilation from IR - skipping loading of FCL
Build succeeded.
Compilation from IR - skipping loading of FCL
Build succeeded.
Compilation from IR - skipping loading of FCL
Build succeeded.
Compilation from IR - skipping loading of FCL
Build succeeded.
Compilation from IR - skipping loading of FCL
Build succeeded.
Compilation from IR - skipping loading of FCL
Build succeeded.
Compilation from IR - skipping loading of FCL
Build succeeded.
Compilation from IR - skipping loading of FCL
Build succeeded.
Compilation from IR - skipping loading of FCL
Build succeeded.
Compilation from IR - skipping loading of FCL
Build succeeded.
Compilation from IR - skipping loading of FCL
Build succeeded.
[15/17] Linking CXX executable fastfix_handoff
Compilation from IR - skipping loading of FCL
Build succeeded.
Compilation from IR - skipping loading of FCL
Build succeeded.
Compilation from IR - skipping loading of FCL
Build succeeded.
Compilation from IR - skipping loading of FCL
Build succeeded.
Compilation from IR - skipping loading of FCL
Build succeeded.
Compilation from IR - skipping loading of FCL
Build succeeded.
Compilation from IR - skipping loading of FCL
Build succeeded.
Compilation from IR - skipping loading of FCL
Build succeeded.
Compilation from IR - skipping loading of FCL
Build succeeded.
Compilation from IR - skipping loading of FCL
Build succeeded.
Compilation from IR - skipping loading of FCL
Build succeeded.
Compilation from IR - skipping loading of FCL
Build succeeded.
Compilation from IR - skipping loading of FCL
Build succeeded.
Compilation from IR - skipping loading of FCL
Build succeeded.
Compilation from IR - skipping loading of FCL
Build succeeded.
Compilation from IR - skipping loading of FCL
Build succeeded.
Compilation from IR - skipping loading of FCL
Build succeeded.
Compilation from IR - skipping loading of FCL
Build succeeded.
Compilation from IR - skipping loading of FCL
Build succeeded.
Compilation from IR - skipping loading of FCL
Build succeeded.
Compilation from IR - skipping loading of FCL
Build succeeded.
Compilation from IR - skipping loading of FCL
Build succeeded.
Compilation from IR - skipping loading of FCL
Build succeeded.
Compilation from IR - skipping loading of FCL
Build succeeded.
Compilation from IR - skipping loading of FCL
Build succeeded.
Compilation from IR - skipping loading of FCL
Build succeeded.
Compilation from IR - skipping loading of FCL
Build succeeded.
Compilation from IR - skipping loading of FCL
Build succeeded.
Compilation from IR - skipping loading of FCL
Build succeeded.
Compilation from IR - skipping loading of FCL
Build succeeded.
Compilation from IR - skipping loading of FCL
Build succeeded.
Compilation from IR - skipping loading of FCL
Build succeeded.
Compilation from IR - skipping loading of FCL
Build succeeded.
Compilation from IR - skipping loading of FCL
Build succeeded.
Compilation from IR - skipping loading of FCL
Build succeeded.
Compilation from IR - skipping loading of FCL
Build succeeded.
Compilation from IR - skipping loading of FCL
Build succeeded.
Compilation from IR - skipping loading of FCL
Build succeeded.
Compilation from IR - skipping loading of FCL
Build succeeded.
Compilation from IR - skipping loading of FCL
Build succeeded.
Compilation from IR - skipping loading of FCL
Build succeeded.
Compilation from IR - skipping loading of FCL
Build succeeded.
Compilation from IR - skipping loading of FCL
Build succeeded.
Compilation from IR - skipping loading of FCL
Build succeeded.
Compilation from IR - skipping loading of FCL
Build succeeded.
Compilation from IR - skipping loading of FCL
Build succeeded.
Compilation from IR - skipping loading of FCL
Build succeeded.
Compilation from IR - skipping loading of FCL
Build succeeded.
Compilation from IR - skipping loading of FCL
Build succeeded.
Compilation from IR - skipping loading of FCL
Build succeeded.
Compilation from IR - skipping loading of FCL
Build succeeded.
Compilation from IR - skipping loading of FCL
Build succeeded.
Compilation from IR - skipping loading of FCL
Build succeeded.
Compilation from IR - skipping loading of FCL
Build succeeded.
Compilation from IR - skipping loading of FCL
Build succeeded.
Compilation from IR - skipping loading of FCL
Build succeeded.
Compilation from IR - skipping loading of FCL
Build succeeded.
Compilation from IR - skipping loading of FCL
Build succeeded.
Compilation from IR - skipping loading of FCL
Build succeeded.
[16/17] Linking CXX executable fastfix_adaptive_mirror
Compilation from IR - skipping loading of FCL

[bmg-g21] warning: in kernel 'typeinfo name for strata::kernels::xmx_gemm_iq(int, void const*, void const*, long, int, unsigned short const*, int, float*, long, void*)::'lambda'(sycl::_V1::handler&)::operator()(sycl::_V1::handler&) const::'lambda'(sycl::_V1::nd_item<3>)': [RetryManager] Start recompilation of the kernel

[bmg-g21] warning: in kernel 'typeinfo name for strata::kernels::xmx_gemm_iq(int, void const*, void const*, long, int, unsigned short const*, int, float*, long, void*)::'lambda'(sycl::_V1::handler&)::operator()(sycl::_V1::handler&) const::'lambda'(sycl::_V1::nd_item<3>)': compiled SIMD16 allocated 128 regs and spilled around 73

Build succeeded.
Compilation from IR - skipping loading of FCL
Build succeeded.
Compilation from IR - skipping loading of FCL
Build succeeded.
Compilation from IR - skipping loading of FCL
Build succeeded.
Compilation from IR - skipping loading of FCL
Build succeeded.
Compilation from IR - skipping loading of FCL
Build succeeded.
Compilation from IR - skipping loading of FCL
Build succeeded.
Compilation from IR - skipping loading of FCL
Build succeeded.
Compilation from IR - skipping loading of FCL
Build succeeded.
Compilation from IR - skipping loading of FCL
Build succeeded.
Compilation from IR - skipping loading of FCL
Build succeeded.
Compilation from IR - skipping loading of FCL
Build succeeded.
Compilation from IR - skipping loading of FCL
Build succeeded.
Compilation from IR - skipping loading of FCL
Build succeeded.
Compilation from IR - skipping loading of FCL
Build succeeded.
Compilation from IR - skipping loading of FCL
Build succeeded.
Compilation from IR - skipping loading of FCL
Build succeeded.
Compilation from IR - skipping loading of FCL
Build succeeded.
Compilation from IR - skipping loading of FCL
Build succeeded.
Compilation from IR - skipping loading of FCL
Build succeeded.
Compilation from IR - skipping loading of FCL
Build succeeded.
Compilation from IR - skipping loading of FCL
Build succeeded.
Compilation from IR - skipping loading of FCL
Build succeeded.
Compilation from IR - skipping loading of FCL
Build succeeded.
Compilation from IR - skipping loading of FCL
Build succeeded.
Compilation from IR - skipping loading of FCL
Build succeeded.
Compilation from IR - skipping loading of FCL
Build succeeded.
Compilation from IR - skipping loading of FCL
Build succeeded.
Compilation from IR - skipping loading of FCL
Build succeeded.
Compilation from IR - skipping loading of FCL
Build succeeded.
Compilation from IR - skipping loading of FCL
Build succeeded.
Compilation from IR - skipping loading of FCL
Build succeeded.
Compilation from IR - skipping loading of FCL
Build succeeded.
Compilation from IR - skipping loading of FCL
Build succeeded.
Compilation from IR - skipping loading of FCL
Build succeeded.
Compilation from IR - skipping loading of FCL
Build succeeded.
Compilation from IR - skipping loading of FCL
Build succeeded.
Compilation from IR - skipping loading of FCL
Build succeeded.
Compilation from IR - skipping loading of FCL
Build succeeded.
Compilation from IR - skipping loading of FCL
Build succeeded.
Compilation from IR - skipping loading of FCL
Build succeeded.
Compilation from IR - skipping loading of FCL
Build succeeded.
Compilation from IR - skipping loading of FCL
Build succeeded.
Compilation from IR - skipping loading of FCL
Build succeeded.
Compilation from IR - skipping loading of FCL
Build succeeded.
Compilation from IR - skipping loading of FCL
Build succeeded.
Compilation from IR - skipping loading of FCL
Build succeeded.
Compilation from IR - skipping loading of FCL
Build succeeded.
Compilation from IR - skipping loading of FCL
Build succeeded.
Compilation from IR - skipping loading of FCL
Build succeeded.
Compilation from IR - skipping loading of FCL
Build succeeded.
Compilation from IR - skipping loading of FCL
Build succeeded.
Compilation from IR - skipping loading of FCL
Build succeeded.
Compilation from IR - skipping loading of FCL
Build succeeded.
Compilation from IR - skipping loading of FCL
Build succeeded.
Compilation from IR - skipping loading of FCL
Build succeeded.
Compilation from IR - skipping loading of FCL
Build succeeded.
Compilation from IR - skipping loading of FCL
Build succeeded.
Compilation from IR - skipping loading of FCL
Build succeeded.
Compilation from IR - skipping loading of FCL
Build succeeded.
Compilation from IR - skipping loading of FCL
Build succeeded.
Compilation from IR - skipping loading of FCL
Build succeeded.
Compilation from IR - skipping loading of FCL
Build succeeded.
Compilation from IR - skipping loading of FCL
Build succeeded.
Compilation from IR - skipping loading of FCL
Build succeeded.
Compilation from IR - skipping loading of FCL
Build succeeded.
Compilation from IR - skipping loading of FCL
Build succeeded.
Compilation from IR - skipping loading of FCL
Build succeeded.
Compilation from IR - skipping loading of FCL
Build succeeded.
Compilation from IR - skipping loading of FCL
Build succeeded.
Compilation from IR - skipping loading of FCL
Build succeeded.
Compilation from IR - skipping loading of FCL
Build succeeded.
Compilation from IR - skipping loading of FCL
Build succeeded.
Compilation from IR - skipping loading of FCL
Build succeeded.
Compilation from IR - skipping loading of FCL
Build succeeded.
Compilation from IR - skipping loading of FCL
Build succeeded.
Compilation from IR - skipping loading of FCL
Build succeeded.
Compilation from IR - skipping loading of FCL
Build succeeded.
Compilation from IR - skipping loading of FCL
Build succeeded.
Compilation from IR - skipping loading of FCL
Build succeeded.
Compilation from IR - skipping loading of FCL
Build succeeded.
Compilation from IR - skipping loading of FCL
Build succeeded.
Compilation from IR - skipping loading of FCL
Build succeeded.
Compilation from IR - skipping loading of FCL
Build succeeded.
Compilation from IR - skipping loading of FCL
Build succeeded.
Compilation from IR - skipping loading of FCL
Build succeeded.
Compilation from IR - skipping loading of FCL
Build succeeded.
Compilation from IR - skipping loading of FCL
Build succeeded.
Compilation from IR - skipping loading of FCL
Build succeeded.
Compilation from IR - skipping loading of FCL
Build succeeded.
Compilation from IR - skipping loading of FCL
Build succeeded.
Compilation from IR - skipping loading of FCL
Build succeeded.
Compilation from IR - skipping loading of FCL
Build succeeded.
Compilation from IR - skipping loading of FCL
Build succeeded.
Compilation from IR - skipping loading of FCL
Build succeeded.
Compilation from IR - skipping loading of FCL
Build succeeded.
Compilation from IR - skipping loading of FCL
Build succeeded.
Compilation from IR - skipping loading of FCL
Build succeeded.
Compilation from IR - skipping loading of FCL
Build succeeded.
Compilation from IR - skipping loading of FCL
Build succeeded.
Compilation from IR - skipping loading of FCL
Build succeeded.
Compilation from IR - skipping loading of FCL
Build succeeded.
Compilation from IR - skipping loading of FCL
Build succeeded.
Compilation from IR - skipping loading of FCL
Build succeeded.
Compilation from IR - skipping loading of FCL
Build succeeded.
Compilation from IR - skipping loading of FCL
Build succeeded.
Compilation from IR - skipping loading of FCL
Build succeeded.
Compilation from IR - skipping loading of FCL
Build succeeded.
Compilation from IR - skipping loading of FCL
Build succeeded.
Compilation from IR - skipping loading of FCL
Build succeeded.
Compilation from IR - skipping loading of FCL
Build succeeded.
Compilation from IR - skipping loading of FCL
Build succeeded.
Compilation from IR - skipping loading of FCL
Build succeeded.
Compilation from IR - skipping loading of FCL
Build succeeded.
Compilation from IR - skipping loading of FCL
Build succeeded.
Compilation from IR - skipping loading of FCL
Build succeeded.
Compilation from IR - skipping loading of FCL
Build succeeded.
Compilation from IR - skipping loading of FCL
Build succeeded.
Compilation from IR - skipping loading of FCL
Build succeeded.
Compilation from IR - skipping loading of FCL
Build succeeded.
Compilation from IR - skipping loading of FCL
Build succeeded.
Compilation from IR - skipping loading of FCL
Build succeeded.
Compilation from IR - skipping loading of FCL
Build succeeded.
Compilation from IR - skipping loading of FCL
Build succeeded.
Compilation from IR - skipping loading of FCL
Build succeeded.
Compilation from IR - skipping loading of FCL
Build succeeded.
Compilation from IR - skipping loading of FCL
Build succeeded.
Compilation from IR - skipping loading of FCL

[bmg-g21] warning: in kernel 'typeinfo name for dpct_kernel_name<strata::kernels::moe_grouped_s2(unsigned long long const*, int const*, int const*, int const*, int const*, long, long, unsigned char const*, float const*, void*, float*, void*)::gu_grouped_t_kernel_998f94>': [RetryManager] Start recompilation of the kernel

[bmg-g21] warning: in kernel 'typeinfo name for dpct_kernel_name<strata::kernels::moe_grouped_s2(unsigned long long const*, int const*, int const*, int const*, int const*, long, long, unsigned char const*, float const*, void*, float*, void*)::gu_grouped_t_kernel_998f94>': compiled SIMD32 allocated 128 regs and spilled around 13

Build succeeded.
Compilation from IR - skipping loading of FCL
Build succeeded.
Compilation from IR - skipping loading of FCL

[bmg-g21] warning: in kernel 'typeinfo name for dpct_kernel_name<strata::kernels::moe_grouped_s2(unsigned long long const*, int const*, int const*, int const*, int const*, long, long, unsigned char const*, float const*, void*, float*, void*)::gu_grouped_kernel_c9eb4d>': [RetryManager] Start recompilation of the kernel

Build succeeded.
Compilation from IR - skipping loading of FCL
Build succeeded.
Compilation from IR - skipping loading of FCL
Build succeeded.
Compilation from IR - skipping loading of FCL
Build succeeded.
Compilation from IR - skipping loading of FCL
Build succeeded.
Compilation from IR - skipping loading of FCL
Build succeeded.
Compilation from IR - skipping loading of FCL
Build succeeded.
Compilation from IR - skipping loading of FCL
Build succeeded.
Compilation from IR - skipping loading of FCL
Build succeeded.
Compilation from IR - skipping loading of FCL
Build succeeded.
Compilation from IR - skipping loading of FCL
Build succeeded.
Compilation from IR - skipping loading of FCL
Build succeeded.
Compilation from IR - skipping loading of FCL
Build succeeded.
Compilation from IR - skipping loading of FCL
Build succeeded.
Compilation from IR - skipping loading of FCL
Build succeeded.
Compilation from IR - skipping loading of FCL
Build succeeded.
Compilation from IR - skipping loading of FCL
Build succeeded.
Compilation from IR - skipping loading of FCL
Build succeeded.
Compilation from IR - skipping loading of FCL
Build succeeded.
Compilation from IR - skipping loading of FCL
Build succeeded.
Compilation from IR - skipping loading of FCL
Build succeeded.
Compilation from IR - skipping loading of FCL
Build succeeded.
Compilation from IR - skipping loading of FCL
Build succeeded.
Compilation from IR - skipping loading of FCL
Build succeeded.
Compilation from IR - skipping loading of FCL
Build succeeded.
Compilation from IR - skipping loading of FCL
Build succeeded.
Compilation from IR - skipping loading of FCL
Build succeeded.
Compilation from IR - skipping loading of FCL
Build succeeded.
Compilation from IR - skipping loading of FCL
Build succeeded.
Compilation from IR - skipping loading of FCL
Build succeeded.
Compilation from IR - skipping loading of FCL
Build succeeded.
Compilation from IR - skipping loading of FCL
Build succeeded.
Compilation from IR - skipping loading of FCL
Build succeeded.
Compilation from IR - skipping loading of FCL
Build succeeded.
Compilation from IR - skipping loading of FCL
Build succeeded.
Compilation from IR - skipping loading of FCL
Build succeeded.
Compilation from IR - skipping loading of FCL
Build succeeded.
Compilation from IR - skipping loading of FCL
Build succeeded.
Compilation from IR - skipping loading of FCL
Build succeeded.
Compilation from IR - skipping loading of FCL
Build succeeded.
Compilation from IR - skipping loading of FCL
Build succeeded.
Compilation from IR - skipping loading of FCL
Build succeeded.
Compilation from IR - skipping loading of FCL
Build succeeded.
Compilation from IR - skipping loading of FCL
Build succeeded.
Compilation from IR - skipping loading of FCL
Build succeeded.
Compilation from IR - skipping loading of FCL
Build succeeded.
Compilation from IR - skipping loading of FCL
Build succeeded.
Compilation from IR - skipping loading of FCL
Build succeeded.
Compilation from IR - skipping loading of FCL
Build succeeded.
Compilation from IR - skipping loading of FCL
Build succeeded.
Compilation from IR - skipping loading of FCL
Build succeeded.
Compilation from IR - skipping loading of FCL
Build succeeded.
Compilation from IR - skipping loading of FCL
Build succeeded.
Compilation from IR - skipping loading of FCL
Build succeeded.
Compilation from IR - skipping loading of FCL
Build succeeded.
Compilation from IR - skipping loading of FCL
Build succeeded.
Compilation from IR - skipping loading of FCL
Build succeeded.
Compilation from IR - skipping loading of FCL
Build succeeded.
Compilation from IR - skipping loading of FCL
Build succeeded.
Compilation from IR - skipping loading of FCL
Build succeeded.
Compilation from IR - skipping loading of FCL
Build succeeded.
Compilation from IR - skipping loading of FCL
Build succeeded.
Compilation from IR - skipping loading of FCL
Build succeeded.
Compilation from IR - skipping loading of FCL
Build succeeded.
Compilation from IR - skipping loading of FCL
Build succeeded.
Compilation from IR - skipping loading of FCL
Build succeeded.
Compilation from IR - skipping loading of FCL
Build succeeded.
Compilation from IR - skipping loading of FCL
Build succeeded.
Compilation from IR - skipping loading of FCL
Build succeeded.
Compilation from IR - skipping loading of FCL
Build succeeded.
Compilation from IR - skipping loading of FCL
Build succeeded.
Compilation from IR - skipping loading of FCL
Build succeeded.
Compilation from IR - skipping loading of FCL
Build succeeded.
Compilation from IR - skipping loading of FCL
Build succeeded.
Compilation from IR - skipping loading of FCL
Build succeeded.
Compilation from IR - skipping loading of FCL
Build succeeded.
Compilation from IR - skipping loading of FCL
Build succeeded.
Compilation from IR - skipping loading of FCL
Build succeeded.
Compilation from IR - skipping loading of FCL
Build succeeded.
Compilation from IR - skipping loading of FCL
Build succeeded.
Compilation from IR - skipping loading of FCL
Build succeeded.
Compilation from IR - skipping loading of FCL
Build succeeded.
Compilation from IR - skipping loading of FCL
Build succeeded.
Compilation from IR - skipping loading of FCL
Build succeeded.
Compilation from IR - skipping loading of FCL
Build succeeded.
Compilation from IR - skipping loading of FCL
Build succeeded.
Compilation from IR - skipping loading of FCL
Build succeeded.
Compilation from IR - skipping loading of FCL
Build succeeded.
Compilation from IR - skipping loading of FCL
Build succeeded.
Compilation from IR - skipping loading of FCL
Build succeeded.
Compilation from IR - skipping loading of FCL
Build succeeded.
Compilation from IR - skipping loading of FCL
Build succeeded.
Compilation from IR - skipping loading of FCL
Build succeeded.
Compilation from IR - skipping loading of FCL
Build succeeded.
Compilation from IR - skipping loading of FCL
Build succeeded.
Compilation from IR - skipping loading of FCL
Build succeeded.
Compilation from IR - skipping loading of FCL
Build succeeded.
Compilation from IR - skipping loading of FCL
Build succeeded.
[17/17] Linking CXX executable iq_multi_parity
Compilation from IR - skipping loading of FCL

[bmg-g21] warning: in kernel 'typeinfo name for strata::kernels::xmx_gemm_iq(int, void const*, void const*, long, int, unsigned short const*, int, float*, long, void*)::'lambda'(sycl::_V1::handler&)::operator()(sycl::_V1::handler&) const::'lambda'(sycl::_V1::nd_item<3>)': [RetryManager] Start recompilation of the kernel

[bmg-g21] warning: in kernel 'typeinfo name for strata::kernels::xmx_gemm_iq(int, void const*, void const*, long, int, unsigned short const*, int, float*, long, void*)::'lambda'(sycl::_V1::handler&)::operator()(sycl::_V1::handler&) const::'lambda'(sycl::_V1::nd_item<3>)': compiled SIMD16 allocated 128 regs and spilled around 73

Build succeeded.
Compilation from IR - skipping loading of FCL
Build succeeded.
Compilation from IR - skipping loading of FCL
Build succeeded.
Compilation from IR - skipping loading of FCL
Build succeeded.
Compilation from IR - skipping loading of FCL
Build succeeded.
Compilation from IR - skipping loading of FCL
Build succeeded.
Compilation from IR - skipping loading of FCL
Build succeeded.
Compilation from IR - skipping loading of FCL
Build succeeded.
Compilation from IR - skipping loading of FCL
Build succeeded.
Compilation from IR - skipping loading of FCL
Build succeeded.
Compilation from IR - skipping loading of FCL
Build succeeded.
Compilation from IR - skipping loading of FCL
Build succeeded.
Compilation from IR - skipping loading of FCL
Build succeeded.
Compilation from IR - skipping loading of FCL
Build succeeded.
Compilation from IR - skipping loading of FCL
Build succeeded.
Compilation from IR - skipping loading of FCL
Build succeeded.
Compilation from IR - skipping loading of FCL
Build succeeded.
Compilation from IR - skipping loading of FCL
Build succeeded.
Compilation from IR - skipping loading of FCL
Build succeeded.
Compilation from IR - skipping loading of FCL
Build succeeded.
Compilation from IR - skipping loading of FCL
Build succeeded.
Compilation from IR - skipping loading of FCL
Build succeeded.
Compilation from IR - skipping loading of FCL
Build succeeded.
Compilation from IR - skipping loading of FCL
Build succeeded.
Compilation from IR - skipping loading of FCL
Build succeeded.
Compilation from IR - skipping loading of FCL
Build succeeded.
Compilation from IR - skipping loading of FCL
Build succeeded.
Compilation from IR - skipping loading of FCL
Build succeeded.
Compilation from IR - skipping loading of FCL
Build succeeded.
Compilation from IR - skipping loading of FCL
Build succeeded.
Compilation from IR - skipping loading of FCL
Build succeeded.
Compilation from IR - skipping loading of FCL
Build succeeded.
Compilation from IR - skipping loading of FCL
Build succeeded.
Compilation from IR - skipping loading of FCL
Build succeeded.
Compilation from IR - skipping loading of FCL
Build succeeded.
Compilation from IR - skipping loading of FCL
Build succeeded.
Compilation from IR - skipping loading of FCL
Build succeeded.
Compilation from IR - skipping loading of FCL
Build succeeded.
Compilation from IR - skipping loading of FCL
Build succeeded.
Compilation from IR - skipping loading of FCL
Build succeeded.
Compilation from IR - skipping loading of FCL
Build succeeded.
Compilation from IR - skipping loading of FCL
Build succeeded.
Compilation from IR - skipping loading of FCL
Build succeeded.
Compilation from IR - skipping loading of FCL
Build succeeded.
Compilation from IR - skipping loading of FCL
Build succeeded.
Compilation from IR - skipping loading of FCL
Build succeeded.
Compilation from IR - skipping loading of FCL
Build succeeded.
Compilation from IR - skipping loading of FCL
Build succeeded.
Compilation from IR - skipping loading of FCL
Build succeeded.
Compilation from IR - skipping loading of FCL
Build succeeded.
Compilation from IR - skipping loading of FCL
Build succeeded.
Compilation from IR - skipping loading of FCL
Build succeeded.
Compilation from IR - skipping loading of FCL
Build succeeded.
Compilation from IR - skipping loading of FCL
Build succeeded.
Compilation from IR - skipping loading of FCL
Build succeeded.
Compilation from IR - skipping loading of FCL
Build succeeded.
Compilation from IR - skipping loading of FCL
Build succeeded.
Compilation from IR - skipping loading of FCL
Build succeeded.
Compilation from IR - skipping loading of FCL
Build succeeded.
Compilation from IR - skipping loading of FCL
Build succeeded.
Compilation from IR - skipping loading of FCL
Build succeeded.
Compilation from IR - skipping loading of FCL
Build succeeded.
Compilation from IR - skipping loading of FCL
Build succeeded.
Compilation from IR - skipping loading of FCL
Build succeeded.
Compilation from IR - skipping loading of FCL
Build succeeded.
Compilation from IR - skipping loading of FCL
Build succeeded.
Compilation from IR - skipping loading of FCL
Build succeeded.
Compilation from IR - skipping loading of FCL
Build succeeded.
Compilation from IR - skipping loading of FCL
Build succeeded.
Compilation from IR - skipping loading of FCL
Build succeeded.
Compilation from IR - skipping loading of FCL
Build succeeded.
Compilation from IR - skipping loading of FCL
Build succeeded.
Compilation from IR - skipping loading of FCL
Build succeeded.
Compilation from IR - skipping loading of FCL
Build succeeded.
Compilation from IR - skipping loading of FCL
Build succeeded.
Compilation from IR - skipping loading of FCL
Build succeeded.
Compilation from IR - skipping loading of FCL
Build succeeded.
Compilation from IR - skipping loading of FCL
Build succeeded.
Compilation from IR - skipping loading of FCL
Build succeeded.
Compilation from IR - skipping loading of FCL
Build succeeded.
Compilation from IR - skipping loading of FCL
Build succeeded.
Compilation from IR - skipping loading of FCL
Build succeeded.
Compilation from IR - skipping loading of FCL
Build succeeded.
Compilation from IR - skipping loading of FCL
Build succeeded.
Compilation from IR - skipping loading of FCL
Build succeeded.
Compilation from IR - skipping loading of FCL
Build succeeded.
Compilation from IR - skipping loading of FCL
Build succeeded.
Compilation from IR - skipping loading of FCL
Build succeeded.
Compilation from IR - skipping loading of FCL
Build succeeded.
Compilation from IR - skipping loading of FCL
Build succeeded.
Compilation from IR - skipping loading of FCL
Build succeeded.
Compilation from IR - skipping loading of FCL
Build succeeded.
Compilation from IR - skipping loading of FCL
Build succeeded.
Compilation from IR - skipping loading of FCL
Build succeeded.
Compilation from IR - skipping loading of FCL
Build succeeded.
Compilation from IR - skipping loading of FCL
Build succeeded.
Compilation from IR - skipping loading of FCL
Build succeeded.
Compilation from IR - skipping loading of FCL
Build succeeded.
Compilation from IR - skipping loading of FCL
Build succeeded.
Compilation from IR - skipping loading of FCL
Build succeeded.
Compilation from IR - skipping loading of FCL
Build succeeded.
Compilation from IR - skipping loading of FCL
Build succeeded.
Compilation from IR - skipping loading of FCL
Build succeeded.
Compilation from IR - skipping loading of FCL
Build succeeded.
Compilation from IR - skipping loading of FCL
Build succeeded.
Compilation from IR - skipping loading of FCL
Build succeeded.
Compilation from IR - skipping loading of FCL

[bmg-g21] warning: in kernel 'typeinfo name for dpct_kernel_name<void strata::kernels::(anonymous namespace)::launch_q6k_wide224<4>(void const*, void const*, float*, int, int, sycl::_V1::queue*)::native_mmvq_q6k_wide224, dpct_kernel_scalar<4>>': compiled SIMD32 allocated 128 regs and spilled around 4

Build succeeded.
Compilation from IR - skipping loading of FCL
Build succeeded.
Compilation from IR - skipping loading of FCL
Build succeeded.
Compilation from IR - skipping loading of FCL
Build succeeded.
Compilation from IR - skipping loading of FCL
Build succeeded.
Compilation from IR - skipping loading of FCL
Build succeeded.
Compilation from IR - skipping loading of FCL
Build succeeded.
Compilation from IR - skipping loading of FCL
Build succeeded.
Compilation from IR - skipping loading of FCL
Build succeeded.
Compilation from IR - skipping loading of FCL
Build succeeded.
Compilation from IR - skipping loading of FCL
Build succeeded.
Compilation from IR - skipping loading of FCL
Build succeeded.
Compilation from IR - skipping loading of FCL
Build succeeded.
Compilation from IR - skipping loading of FCL
Build succeeded.
Compilation from IR - skipping loading of FCL
Build succeeded.
Compilation from IR - skipping loading of FCL
Build succeeded.
Compilation from IR - skipping loading of FCL
Build succeeded.
Compilation from IR - skipping loading of FCL
Build succeeded.
Compilation from IR - skipping loading of FCL
Build succeeded.
Compilation from IR - skipping loading of FCL
Build succeeded.
Compilation from IR - skipping loading of FCL
Build succeeded.
Compilation from IR - skipping loading of FCL
Build succeeded.
Compilation from IR - skipping loading of FCL
Build succeeded.
Compilation from IR - skipping loading of FCL
Build succeeded.
Compilation from IR - skipping loading of FCL
Build succeeded.
Compilation from IR - skipping loading of FCL
Build succeeded.
Compilation from IR - skipping loading of FCL
Build succeeded.
Compilation from IR - skipping loading of FCL
Build succeeded.
Compilation from IR - skipping loading of FCL
Build succeeded.
Compilation from IR - skipping loading of FCL
Build succeeded.
Compilation from IR - skipping loading of FCL
Build succeeded.
Compilation from IR - skipping loading of FCL
Build succeeded.
Compilation from IR - skipping loading of FCL
Build succeeded.
Compilation from IR - skipping loading of FCL
Build succeeded.
Compilation from IR - skipping loading of FCL
Build succeeded.
Compilation from IR - skipping loading of FCL
Build succeeded.
Compilation from IR - skipping loading of FCL
Build succeeded.
Compilation from IR - skipping loading of FCL
Build succeeded.
Compilation from IR - skipping loading of FCL
Build succeeded.
Compilation from IR - skipping loading of FCL
Build succeeded.
Compilation from IR - skipping loading of FCL
Build succeeded.
Compilation from IR - skipping loading of FCL
Build succeeded.
Compilation from IR - skipping loading of FCL
Build succeeded.
Compilation from IR - skipping loading of FCL
Build succeeded.
Compilation from IR - skipping loading of FCL
Build succeeded.
Compilation from IR - skipping loading of FCL
Build succeeded.
Compilation from IR - skipping loading of FCL
Build succeeded.
Compilation from IR - skipping loading of FCL
Build succeeded.
Compilation from IR - skipping loading of FCL
Build succeeded.
Compilation from IR - skipping loading of FCL
Build succeeded.
Compilation from IR - skipping loading of FCL
Build succeeded.
Compilation from IR - skipping loading of FCL
Build succeeded.
Compilation from IR - skipping loading of FCL
Build succeeded.
Compilation from IR - skipping loading of FCL
Build succeeded.
Compilation from IR - skipping loading of FCL
Build succeeded.
Compilation from IR - skipping loading of FCL
Build succeeded.
Compilation from IR - skipping loading of FCL
Build succeeded.
Compilation from IR - skipping loading of FCL
Build succeeded.
Compilation from IR - skipping loading of FCL
Build succeeded.
Compilation from IR - skipping loading of FCL
Build succeeded.
Compilation from IR - skipping loading of FCL
Build succeeded.
Compilation from IR - skipping loading of FCL
Build succeeded.
Compilation from IR - skipping loading of FCL
Build succeeded.
Compilation from IR - skipping loading of FCL
Build succeeded.
Compilation from IR - skipping loading of FCL
Build succeeded.
Compilation from IR - skipping loading of FCL
Build succeeded.
Compilation from IR - skipping loading of FCL
Build succeeded.
Compilation from IR - skipping loading of FCL
Build succeeded.
Compilation from IR - skipping loading of FCL

[bmg-g21] warning: in kernel 'typeinfo name for dpct_kernel_name<void strata::kernels::(anonymous namespace)::launch_q6k_wide<4>(void const*, void const*, float*, int, int, sycl::_V1::queue*)::native_mmvq_q6k_wide_a2, dpct_kernel_scalar<4>>': compiled SIMD32 allocated 128 regs and spilled around 6

Build succeeded.
Compilation from IR - skipping loading of FCL
Build succeeded.
Compilation from IR - skipping loading of FCL

[bmg-g21] warning: in kernel 'typeinfo name for dpct_kernel_name<void strata::kernels::(anonymous namespace)::launch_q6k_wide<4>(void const*, void const*, float*, int, int, sycl::_V1::queue*)::native_mmvq_q6k_wide1, dpct_kernel_scalar<4>>': compiled SIMD32 allocated 128 regs and spilled around 4

Build succeeded.
Compilation from IR - skipping loading of FCL
Build succeeded.
Compilation from IR - skipping loading of FCL
Build succeeded.
Compilation from IR - skipping loading of FCL

[bmg-g21] warning: in kernel 'typeinfo name for dpct_kernel_name<void strata::kernels::(anonymous namespace)::launch_q6k_wide<4>(void const*, void const*, float*, int, int, sycl::_V1::queue*)::native_mmvq_q6k_wide, dpct_kernel_scalar<4>, dpct_kernel_scalar<1>>': compiled SIMD32 allocated 128 regs and spilled around 4

Build succeeded.
Compilation from IR - skipping loading of FCL
Build succeeded.
Compilation from IR - skipping loading of FCL
Build succeeded.
Compilation from IR - skipping loading of FCL
Build succeeded.
Compilation from IR - skipping loading of FCL
Build succeeded.
Compilation from IR - skipping loading of FCL
Build succeeded.
Compilation from IR - skipping loading of FCL
Build succeeded.
Compilation from IR - skipping loading of FCL
Build succeeded.
Compilation from IR - skipping loading of FCL
Build succeeded.
Compilation from IR - skipping loading of FCL
Build succeeded.
Compilation from IR - skipping loading of FCL
Build succeeded.
Compilation from IR - skipping loading of FCL
Build succeeded.
Compilation from IR - skipping loading of FCL
Build succeeded.
Compilation from IR - skipping loading of FCL
Build succeeded.
Compilation from IR - skipping loading of FCL
Build succeeded.
Compilation from IR - skipping loading of FCL
Build succeeded.
Compilation from IR - skipping loading of FCL
Build succeeded.
Compilation from IR - skipping loading of FCL
Build succeeded.
Compilation from IR - skipping loading of FCL
Build succeeded.
Compilation from IR - skipping loading of FCL
Build succeeded.
Compilation from IR - skipping loading of FCL
Build succeeded.
Compilation from IR - skipping loading of FCL
Build succeeded.
Compilation from IR - skipping loading of FCL
Build succeeded.
Compilation from IR - skipping loading of FCL
Build succeeded.
Compilation from IR - skipping loading of FCL
Build succeeded.
Compilation from IR - skipping loading of FCL
Build succeeded.
Compilation from IR - skipping loading of FCL
Build succeeded.
Compilation from IR - skipping loading of FCL
Build succeeded.
Compilation from IR - skipping loading of FCL

[bmg-g21] warning: in kernel 'typeinfo name for dpct_kernel_name<void strata::kernels::(anonymous namespace)::launch_q6k_wide<1>(void const*, void const*, float*, int, int, sycl::_V1::queue*)::native_mmvq_q6k_wide, dpct_kernel_scalar<1>, dpct_kernel_scalar<4>>': compiled SIMD32 allocated 128 regs and spilled around 2

Build succeeded.
Compilation from IR - skipping loading of FCL
Build succeeded.
Compilation from IR - skipping loading of FCL
Build succeeded.
Compilation from IR - skipping loading of FCL
Build succeeded.
Compilation from IR - skipping loading of FCL
Build succeeded.
Compilation from IR - skipping loading of FCL
Build succeeded.
Compilation from IR - skipping loading of FCL
Build succeeded.
Compilation from IR - skipping loading of FCL
Build succeeded.
Compilation from IR - skipping loading of FCL
Build succeeded.
Compilation from IR - skipping loading of FCL
Build succeeded.
Compilation from IR - skipping loading of FCL
Build succeeded.
Compilation from IR - skipping loading of FCL
Build succeeded.
Compilation from IR - skipping loading of FCL
Build succeeded.
Compilation from IR - skipping loading of FCL
Build succeeded.
Compilation from IR - skipping loading of FCL
Build succeeded.
Compilation from IR - skipping loading of FCL
Build succeeded.
Compilation from IR - skipping loading of FCL
Build succeeded.
Compilation from IR - skipping loading of FCL
Build succeeded.
Compilation from IR - skipping loading of FCL
Build succeeded.
Compilation from IR - skipping loading of FCL
Build succeeded.
Compilation from IR - skipping loading of FCL
Build succeeded.
Compilation from IR - skipping loading of FCL
Build succeeded.
Compilation from IR - skipping loading of FCL
Build succeeded.
Compilation from IR - skipping loading of FCL
Build succeeded.
Compilation from IR - skipping loading of FCL
Build succeeded.
Compilation from IR - skipping loading of FCL
Build succeeded.
Compilation from IR - skipping loading of FCL
Build succeeded.
Compilation from IR - skipping loading of FCL
Build succeeded.
Compilation from IR - skipping loading of FCL
Build succeeded.
Compilation from IR - skipping loading of FCL
Build succeeded.
Compilation from IR - skipping loading of FCL
Build succeeded.
Compilation from IR - skipping loading of FCL
Build succeeded.
Compilation from IR - skipping loading of FCL
Build succeeded.
Compilation from IR - skipping loading of FCL
Build succeeded.
Compilation from IR - skipping loading of FCL
Build succeeded.
Compilation from IR - skipping loading of FCL
Build succeeded.
Compilation from IR - skipping loading of FCL
Build succeeded.
Compilation from IR - skipping loading of FCL
Build succeeded.
Compilation from IR - skipping loading of FCL
Build succeeded.
Compilation from IR - skipping loading of FCL
Build succeeded.
Compilation from IR - skipping loading of FCL
Build succeeded.
Compilation from IR - skipping loading of FCL
Build succeeded.
Compilation from IR - skipping loading of FCL
Build succeeded.
Compilation from IR - skipping loading of FCL
Build succeeded.
Compilation from IR - skipping loading of FCL
Build succeeded.
Compilation from IR - skipping loading of FCL
Build succeeded.
Compilation from IR - skipping loading of FCL
Build succeeded.
Compilation from IR - skipping loading of FCL
Build succeeded.
Compilation from IR - skipping loading of FCL
Build succeeded.
Compilation from IR - skipping loading of FCL
Build succeeded.
Compilation from IR - skipping loading of FCL
Build succeeded.
Compilation from IR - skipping loading of FCL
Build succeeded.
Compilation from IR - skipping loading of FCL
Build succeeded.
Compilation from IR - skipping loading of FCL
Build succeeded.
Compilation from IR - skipping loading of FCL
Build succeeded.
Compilation from IR - skipping loading of FCL
Build succeeded.
Compilation from IR - skipping loading of FCL
Build succeeded.
Compilation from IR - skipping loading of FCL
Build succeeded.
Compilation from IR - skipping loading of FCL
Build succeeded.
Compilation from IR - skipping loading of FCL
Build succeeded.
Compilation from IR - skipping loading of FCL
Build succeeded.
Compilation from IR - skipping loading of FCL
Build succeeded.
Compilation from IR - skipping loading of FCL
Build succeeded.
Compilation from IR - skipping loading of FCL
Build succeeded.
Compilation from IR - skipping loading of FCL
Build succeeded.
Compilation from IR - skipping loading of FCL
Build succeeded.
Compilation from IR - skipping loading of FCL

[bmg-g21] warning: in kernel 'typeinfo name for dpct_kernel_name<void strata::kernels::(anonymous namespace)::launch_multi_n<strata::kernels::(anonymous namespace)::Q5KTraits, 6>(void const*, void const*, float*, int, int, sycl::_V1::queue*)::native_mmvq_multi_kernel_23124e, strata::kernels::(anonymous namespace)::Q5KTraits, dpct_kernel_scalar<6>, dpct_kernel_scalar<4>, dpct_kernel_scalar<4>>': compiled SIMD32 allocated 128 regs and spilled around 13

Build succeeded.
Compilation from IR - skipping loading of FCL
Build succeeded.
Compilation from IR - skipping loading of FCL
Build succeeded.
Compilation from IR - skipping loading of FCL
Build succeeded.
Compilation from IR - skipping loading of FCL
Build succeeded.
Compilation from IR - skipping loading of FCL

[bmg-g21] warning: in kernel 'typeinfo name for dpct_kernel_name<void strata::kernels::(anonymous namespace)::launch_multi_n<strata::kernels::(anonymous namespace)::Q5KTraits, 5>(void const*, void const*, float*, int, int, sycl::_V1::queue*)::native_mmvq_multi_kernel_23124e, strata::kernels::(anonymous namespace)::Q5KTraits, dpct_kernel_scalar<5>, dpct_kernel_scalar<4>, dpct_kernel_scalar<4>>': compiled SIMD32 allocated 128 regs and spilled around 2

Build succeeded.
Compilation from IR - skipping loading of FCL
Build succeeded.
Compilation from IR - skipping loading of FCL
Build succeeded.
Compilation from IR - skipping loading of FCL
Build succeeded.
Compilation from IR - skipping loading of FCL
Build succeeded.
Compilation from IR - skipping loading of FCL
Build succeeded.
Compilation from IR - skipping loading of FCL
Build succeeded.
Compilation from IR - skipping loading of FCL
Build succeeded.
Compilation from IR - skipping loading of FCL
Build succeeded.
Compilation from IR - skipping loading of FCL
Build succeeded.
Compilation from IR - skipping loading of FCL
Build succeeded.
Compilation from IR - skipping loading of FCL
Build succeeded.
Compilation from IR - skipping loading of FCL
Build succeeded.
Compilation from IR - skipping loading of FCL
Build succeeded.
Compilation from IR - skipping loading of FCL
Build succeeded.
Compilation from IR - skipping loading of FCL
Build succeeded.
Compilation from IR - skipping loading of FCL
Build succeeded.
Compilation from IR - skipping loading of FCL
Build succeeded.
Compilation from IR - skipping loading of FCL
Build succeeded.
Compilation from IR - skipping loading of FCL
Build succeeded.
Compilation from IR - skipping loading of FCL
Build succeeded.
Compilation from IR - skipping loading of FCL
Build succeeded.
Compilation from IR - skipping loading of FCL
Build succeeded.
Compilation from IR - skipping loading of FCL
Build succeeded.
Compilation from IR - skipping loading of FCL
Build succeeded.
Compilation from IR - skipping loading of FCL

[bmg-g21] warning: in kernel 'typeinfo name for dpct_kernel_name<void strata::kernels::(anonymous namespace)::launch_multi_n<strata::kernels::(anonymous namespace)::Q4KTraits, 7>(void const*, void const*, float*, int, int, sycl::_V1::queue*)::native_mmvq_multi_kernel_23124e, strata::kernels::(anonymous namespace)::Q4KTraits, dpct_kernel_scalar<7>, dpct_kernel_scalar<4>, dpct_kernel_scalar<4>>': compiled SIMD32 allocated 128 regs and spilled around 19

Build succeeded.
Compilation from IR - skipping loading of FCL
Build succeeded.
Compilation from IR - skipping loading of FCL
Build succeeded.
Compilation from IR - skipping loading of FCL
Build succeeded.
Compilation from IR - skipping loading of FCL
Build succeeded.
Compilation from IR - skipping loading of FCL
Build succeeded.
Compilation from IR - skipping loading of FCL
Build succeeded.
Compilation from IR - skipping loading of FCL
Build succeeded.
Compilation from IR - skipping loading of FCL
Build succeeded.
Compilation from IR - skipping loading of FCL
Build succeeded.
Compilation from IR - skipping loading of FCL
Build succeeded.
Compilation from IR - skipping loading of FCL
Build succeeded.
Compilation from IR - skipping loading of FCL
Build succeeded.
Compilation from IR - skipping loading of FCL
Build succeeded.
Compilation from IR - skipping loading of FCL
Build succeeded.
Compilation from IR - skipping loading of FCL
Build succeeded.
Compilation from IR - skipping loading of FCL
Build succeeded.
Compilation from IR - skipping loading of FCL
Build succeeded.
Compilation from IR - skipping loading of FCL
Build succeeded.
Compilation from IR - skipping loading of FCL
Build succeeded.
Compilation from IR - skipping loading of FCL
Build succeeded.
Compilation from IR - skipping loading of FCL
Build succeeded.
Compilation from IR - skipping loading of FCL
Build succeeded.
Compilation from IR - skipping loading of FCL
Build succeeded.
Compilation from IR - skipping loading of FCL
Build succeeded.
Compilation from IR - skipping loading of FCL
Build succeeded.
Compilation from IR - skipping loading of FCL
Build succeeded.
Compilation from IR - skipping loading of FCL
Build succeeded.
Compilation from IR - skipping loading of FCL
Build succeeded.
Compilation from IR - skipping loading of FCL
Build succeeded.
Compilation from IR - skipping loading of FCL
Build succeeded.
Compilation from IR - skipping loading of FCL
Build succeeded.
Compilation from IR - skipping loading of FCL
Build succeeded.
Compilation from IR - skipping loading of FCL
Build succeeded.
Compilation from IR - skipping loading of FCL
Build succeeded.
Compilation from IR - skipping loading of FCL
Build succeeded.
Compilation from IR - skipping loading of FCL
Build succeeded.
Compilation from IR - skipping loading of FCL
Build succeeded.
Compilation from IR - skipping loading of FCL
Build succeeded.
Compilation from IR - skipping loading of FCL
Build succeeded.
Compilation from IR - skipping loading of FCL
Build succeeded.
Compilation from IR - skipping loading of FCL
Build succeeded.
Compilation from IR - skipping loading of FCL
Build succeeded.
Compilation from IR - skipping loading of FCL
Build succeeded.
Compilation from IR - skipping loading of FCL
Build succeeded.
Compilation from IR - skipping loading of FCL
Build succeeded.
Compilation from IR - skipping loading of FCL
Build succeeded.
Compilation from IR - skipping loading of FCL
Build succeeded.
Compilation from IR - skipping loading of FCL
Build succeeded.
Compilation from IR - skipping loading of FCL
Build succeeded.
Compilation from IR - skipping loading of FCL
Build succeeded.
Compilation from IR - skipping loading of FCL
Build succeeded.
Compilation from IR - skipping loading of FCL
Build succeeded.
Compilation from IR - skipping loading of FCL
Build succeeded.
Compilation from IR - skipping loading of FCL
Build succeeded.
Compilation from IR - skipping loading of FCL
Build succeeded.
Compilation from IR - skipping loading of FCL
Build succeeded.
Compilation from IR - skipping loading of FCL
Build succeeded.
Compilation from IR - skipping loading of FCL
Build succeeded.
Compilation from IR - skipping loading of FCL
Build succeeded.
Compilation from IR - skipping loading of FCL
Build succeeded.
Compilation from IR - skipping loading of FCL
Build succeeded.
Compilation from IR - skipping loading of FCL
Build succeeded.
Compilation from IR - skipping loading of FCL
Build succeeded.
Compilation from IR - skipping loading of FCL
Build succeeded.
Compilation from IR - skipping loading of FCL
Build succeeded.
Compilation from IR - skipping loading of FCL
Build succeeded.
Compilation from IR - skipping loading of FCL
Build succeeded.
Compilation from IR - skipping loading of FCL
Build succeeded.
Compilation from IR - skipping loading of FCL
Build succeeded.
Compilation from IR - skipping loading of FCL

[bmg-g21] warning: in kernel 'typeinfo name for dpct_kernel_name<void strata::kernels::(anonymous namespace)::launch_multi_n<strata::kernels::(anonymous namespace)::Q20Traits, 7>(void const*, void const*, float*, int, int, sycl::_V1::queue*)::native_mmvq_multi_kernel_23124e, strata::kernels::(anonymous namespace)::Q20Traits, dpct_kernel_scalar<7>, dpct_kernel_scalar<4>, dpct_kernel_scalar<4>>': compiled SIMD32 allocated 128 regs and spilled around 93

Build succeeded.
Compilation from IR - skipping loading of FCL
Build succeeded.
Compilation from IR - skipping loading of FCL
Build succeeded.
Compilation from IR - skipping loading of FCL
Build succeeded.
Compilation from IR - skipping loading of FCL
Build succeeded.
Compilation from IR - skipping loading of FCL

[bmg-g21] warning: in kernel 'typeinfo name for dpct_kernel_name<void strata::kernels::(anonymous namespace)::launch_multi_n<strata::kernels::(anonymous namespace)::Q20Traits, 6>(void const*, void const*, float*, int, int, sycl::_V1::queue*)::native_mmvq_multi_kernel_23124e, strata::kernels::(anonymous namespace)::Q20Traits, dpct_kernel_scalar<6>, dpct_kernel_scalar<4>, dpct_kernel_scalar<4>>': compiled SIMD32 allocated 128 regs and spilled around 55

Build succeeded.
Compilation from IR - skipping loading of FCL
Build succeeded.
Compilation from IR - skipping loading of FCL
Build succeeded.
Compilation from IR - skipping loading of FCL
Build succeeded.
Compilation from IR - skipping loading of FCL
Build succeeded.
Compilation from IR - skipping loading of FCL

[bmg-g21] warning: in kernel 'typeinfo name for dpct_kernel_name<void strata::kernels::(anonymous namespace)::launch_multi_n<strata::kernels::(anonymous namespace)::Q20Traits, 5>(void const*, void const*, float*, int, int, sycl::_V1::queue*)::native_mmvq_multi_kernel_23124e, strata::kernels::(anonymous namespace)::Q20Traits, dpct_kernel_scalar<5>, dpct_kernel_scalar<4>, dpct_kernel_scalar<4>>': compiled SIMD32 allocated 128 regs and spilled around 17

Build succeeded.
Compilation from IR - skipping loading of FCL
Build succeeded.
Compilation from IR - skipping loading of FCL
Build succeeded.
Compilation from IR - skipping loading of FCL
Build succeeded.
Compilation from IR - skipping loading of FCL
Build succeeded.
Compilation from IR - skipping loading of FCL
Build succeeded.
Compilation from IR - skipping loading of FCL
Build succeeded.
Compilation from IR - skipping loading of FCL
Build succeeded.
Compilation from IR - skipping loading of FCL
Build succeeded.
Compilation from IR - skipping loading of FCL
Build succeeded.
Compilation from IR - skipping loading of FCL

[bmg-g21] warning: in kernel 'typeinfo name for dpct_kernel_name<void strata::kernels::(anonymous namespace)::launch_multi_n<strata::kernels::(anonymous namespace)::Q20Traits, 3>(void const*, void const*, float*, int, int, sycl::_V1::queue*)::native_mmvq_multi_kernel_23124e, strata::kernels::(anonymous namespace)::Q20Traits, dpct_kernel_scalar<3>, dpct_kernel_scalar<4>, dpct_kernel_scalar<4>>': compiled SIMD32 allocated 128 regs and spilled around 11

Build succeeded.
Compilation from IR - skipping loading of FCL
Build succeeded.
Compilation from IR - skipping loading of FCL
Build succeeded.
Compilation from IR - skipping loading of FCL
Build succeeded.
Compilation from IR - skipping loading of FCL
Build succeeded.
Compilation from IR - skipping loading of FCL
Build succeeded.
Compilation from IR - skipping loading of FCL
Build succeeded.
Compilation from IR - skipping loading of FCL
Build succeeded.
Compilation from IR - skipping loading of FCL
Build succeeded.
Compilation from IR - skipping loading of FCL
Build succeeded.
Compilation from IR - skipping loading of FCL
Build succeeded.
Compilation from IR - skipping loading of FCL
Build succeeded.
Compilation from IR - skipping loading of FCL
Build succeeded.
Compilation from IR - skipping loading of FCL
Build succeeded.
Compilation from IR - skipping loading of FCL
Build succeeded.
Compilation from IR - skipping loading of FCL
Build succeeded.
Compilation from IR - skipping loading of FCL
Build succeeded.
Compilation from IR - skipping loading of FCL
Build succeeded.
Compilation from IR - skipping loading of FCL
Build succeeded.
Compilation from IR - skipping loading of FCL
Build succeeded.
Compilation from IR - skipping loading of FCL
Build succeeded.
Compilation from IR - skipping loading of FCL
Build succeeded.
Compilation from IR - skipping loading of FCL
Build succeeded.
Compilation from IR - skipping loading of FCL
Build succeeded.
Compilation from IR - skipping loading of FCL
Build succeeded.
Compilation from IR - skipping loading of FCL
Build succeeded.
Compilation from IR - skipping loading of FCL
Build succeeded.
Compilation from IR - skipping loading of FCL
Build succeeded.
Compilation from IR - skipping loading of FCL
Build succeeded.
Compilation from IR - skipping loading of FCL
Build succeeded.
Compilation from IR - skipping loading of FCL
Build succeeded.
Compilation from IR - skipping loading of FCL
Build succeeded.
Compilation from IR - skipping loading of FCL
Build succeeded.
Compilation from IR - skipping loading of FCL
Build succeeded.
Compilation from IR - skipping loading of FCL
Build succeeded.
Compilation from IR - skipping loading of FCL
Build succeeded.
Compilation from IR - skipping loading of FCL
Build succeeded.
Compilation from IR - skipping loading of FCL
Build succeeded.
Compilation from IR - skipping loading of FCL
Build succeeded.
Compilation from IR - skipping loading of FCL
Build succeeded.
Compilation from IR - skipping loading of FCL
Build succeeded.
Compilation from IR - skipping loading of FCL
Build succeeded.
Compilation from IR - skipping loading of FCL
Build succeeded.
Compilation from IR - skipping loading of FCL
Build succeeded.
Compilation from IR - skipping loading of FCL
Build succeeded.
Compilation from IR - skipping loading of FCL

[bmg-g21] warning: in kernel 'typeinfo name for dpct_kernel_name<void strata::kernels::(anonymous namespace)::launch_multi_n<strata::kernels::(anonymous namespace)::SmallTraits<strata::kernels::(anonymous namespace)::Q50Block, 4>, 8>(void const*, void const*, float*, int, int, sycl::_V1::queue*)::native_mmvq_multi_kernel_23124e, strata::kernels::(anonymous namespace)::SmallTraits<strata::kernels::(anonymous namespace)::Q50Block, 4>, dpct_kernel_scalar<8>, dpct_kernel_scalar<4>, dpct_kernel_scalar<4>>': compiled SIMD32 allocated 128 regs and spilled around 5

Build succeeded.
Compilation from IR - skipping loading of FCL
Build succeeded.
Compilation from IR - skipping loading of FCL
Build succeeded.
Compilation from IR - skipping loading of FCL
Build succeeded.
Compilation from IR - skipping loading of FCL
Build succeeded.
Compilation from IR - skipping loading of FCL
Build succeeded.
Compilation from IR - skipping loading of FCL
Build succeeded.
Compilation from IR - skipping loading of FCL
Build succeeded.
Compilation from IR - skipping loading of FCL
Build succeeded.
Compilation from IR - skipping loading of FCL
Build succeeded.
Compilation from IR - skipping loading of FCL
Build succeeded.
Compilation from IR - skipping loading of FCL
Build succeeded.
Compilation from IR - skipping loading of FCL
Build succeeded.
Compilation from IR - skipping loading of FCL
Build succeeded.
Compilation from IR - skipping loading of FCL
Build succeeded.
Compilation from IR - skipping loading of FCL
Build succeeded.
Compilation from IR - skipping loading of FCL
Build succeeded.
Compilation from IR - skipping loading of FCL
Build succeeded.
Compilation from IR - skipping loading of FCL
Build succeeded.
Compilation from IR - skipping loading of FCL
Build succeeded.
Compilation from IR - skipping loading of FCL
Build succeeded.
Compilation from IR - skipping loading of FCL
Build succeeded.
Compilation from IR - skipping loading of FCL
Build succeeded.
Compilation from IR - skipping loading of FCL
Build succeeded.
Compilation from IR - skipping loading of FCL
Build succeeded.
Compilation from IR - skipping loading of FCL
Build succeeded.
Compilation from IR - skipping loading of FCL
Build succeeded.
Compilation from IR - skipping loading of FCL
Build succeeded.
Compilation from IR - skipping loading of FCL
Build succeeded.
Compilation from IR - skipping loading of FCL
Build succeeded.
Compilation from IR - skipping loading of FCL
Build succeeded.
Compilation from IR - skipping loading of FCL
Build succeeded.
Compilation from IR - skipping loading of FCL
Build succeeded.
Compilation from IR - skipping loading of FCL
Build succeeded.
Compilation from IR - skipping loading of FCL
Build succeeded.
Compilation from IR - skipping loading of FCL
Build succeeded.
Compilation from IR - skipping loading of FCL
Build succeeded.
Compilation from IR - skipping loading of FCL
Build succeeded.
Compilation from IR - skipping loading of FCL
Build succeeded.
Compilation from IR - skipping loading of FCL
Build succeeded.
Compilation from IR - skipping loading of FCL
Build succeeded.
Compilation from IR - skipping loading of FCL
Build succeeded.
Compilation from IR - skipping loading of FCL
Build succeeded.
Compilation from IR - skipping loading of FCL
Build succeeded.
Compilation from IR - skipping loading of FCL
Build succeeded.
Compilation from IR - skipping loading of FCL
Build succeeded.
Compilation from IR - skipping loading of FCL
Build succeeded.
Compilation from IR - skipping loading of FCL
Build succeeded.
Compilation from IR - skipping loading of FCL
Build succeeded.
Compilation from IR - skipping loading of FCL
Build succeeded.
Compilation from IR - skipping loading of FCL
Build succeeded.
Compilation from IR - skipping loading of FCL
Build succeeded.
Compilation from IR - skipping loading of FCL
Build succeeded.
Compilation from IR - skipping loading of FCL
Build succeeded.
Compilation from IR - skipping loading of FCL
Build succeeded.
Compilation from IR - skipping loading of FCL
Build succeeded.
Compilation from IR - skipping loading of FCL
Build succeeded.
Compilation from IR - skipping loading of FCL
Build succeeded.
Compilation from IR - skipping loading of FCL
Build succeeded.
Compilation from IR - skipping loading of FCL
Build succeeded.
Compilation from IR - skipping loading of FCL
Build succeeded.
Compilation from IR - skipping loading of FCL
Build succeeded.
Compilation from IR - skipping loading of FCL
Build succeeded.
Compilation from IR - skipping loading of FCL
Build succeeded.
Compilation from IR - skipping loading of FCL
Build succeeded.
Compilation from IR - skipping loading of FCL
Build succeeded.
Compilation from IR - skipping loading of FCL
Build succeeded.
Compilation from IR - skipping loading of FCL
Build succeeded.
Compilation from IR - skipping loading of FCL
Build succeeded.
Compilation from IR - skipping loading of FCL
Build succeeded.
Compilation from IR - skipping loading of FCL
Build succeeded.
Compilation from IR - skipping loading of FCL
Build succeeded.
Compilation from IR - skipping loading of FCL
Build succeeded.
Compilation from IR - skipping loading of FCL
Build succeeded.
Compilation from IR - skipping loading of FCL
Build succeeded.
Compilation from IR - skipping loading of FCL
Build succeeded.
Compilation from IR - skipping loading of FCL
Build succeeded.
Compilation from IR - skipping loading of FCL
Build succeeded.
Compilation from IR - skipping loading of FCL
Build succeeded.
Compilation from IR - skipping loading of FCL
Build succeeded.
Compilation from IR - skipping loading of FCL

[bmg-g21] warning: in kernel 'typeinfo name for dpct_kernel_name<void strata::kernels::(anonymous namespace)::launch_multi_n<strata::kernels::(anonymous namespace)::SmallTraits<strata::kernels::(anonymous namespace)::IQ4NLBlock, 4>, 6>(void const*, void const*, float*, int, int, sycl::_V1::queue*)::native_mmvq_multi_kernel_23124e, strata::kernels::(anonymous namespace)::SmallTraits<strata::kernels::(anonymous namespace)::IQ4NLBlock, 4>, dpct_kernel_scalar<6>, dpct_kernel_scalar<4>, dpct_kernel_scalar<4>>': compiled SIMD32 allocated 128 regs and spilled around 65

Build succeeded.
Compilation from IR - skipping loading of FCL
Build succeeded.
Compilation from IR - skipping loading of FCL
Build succeeded.
Compilation from IR - skipping loading of FCL
Build succeeded.
Compilation from IR - skipping loading of FCL
Build succeeded.
Compilation from IR - skipping loading of FCL

[bmg-g21] warning: in kernel 'typeinfo name for dpct_kernel_name<void strata::kernels::(anonymous namespace)::launch_multi_n<strata::kernels::(anonymous namespace)::SmallTraits<strata::kernels::(anonymous namespace)::IQ4NLBlock, 4>, 5>(void const*, void const*, float*, int, int, sycl::_V1::queue*)::native_mmvq_multi_kernel_23124e, strata::kernels::(anonymous namespace)::SmallTraits<strata::kernels::(anonymous namespace)::IQ4NLBlock, 4>, dpct_kernel_scalar<5>, dpct_kernel_scalar<4>, dpct_kernel_scalar<4>>': compiled SIMD32 allocated 128 regs and spilled around 4

Build succeeded.
Compilation from IR - skipping loading of FCL
Build succeeded.
Compilation from IR - skipping loading of FCL
Build succeeded.
Compilation from IR - skipping loading of FCL
Build succeeded.
Compilation from IR - skipping loading of FCL
Build succeeded.
Compilation from IR - skipping loading of FCL
Build succeeded.
Compilation from IR - skipping loading of FCL
Build succeeded.
Compilation from IR - skipping loading of FCL
Build succeeded.
Compilation from IR - skipping loading of FCL
Build succeeded.
Compilation from IR - skipping loading of FCL
Build succeeded.
Compilation from IR - skipping loading of FCL
Build succeeded.
Compilation from IR - skipping loading of FCL
Build succeeded.
Compilation from IR - skipping loading of FCL
Build succeeded.
Compilation from IR - skipping loading of FCL
Build succeeded.
Compilation from IR - skipping loading of FCL
Build succeeded.
Compilation from IR - skipping loading of FCL
Build succeeded.
Compilation from IR - skipping loading of FCL
Build succeeded.
Compilation from IR - skipping loading of FCL
Build succeeded.
Compilation from IR - skipping loading of FCL
Build succeeded.
Compilation from IR - skipping loading of FCL
Build succeeded.
Compilation from IR - skipping loading of FCL
Build succeeded.
Compilation from IR - skipping loading of FCL
Build succeeded.
Compilation from IR - skipping loading of FCL
Build succeeded.
Compilation from IR - skipping loading of FCL
Build succeeded.
Compilation from IR - skipping loading of FCL
Build succeeded.
Compilation from IR - skipping loading of FCL
Build succeeded.
Compilation from IR - skipping loading of FCL
Build succeeded.
Compilation from IR - skipping loading of FCL
Build succeeded.
Compilation from IR - skipping loading of FCL
Build succeeded.
Compilation from IR - skipping loading of FCL
Build succeeded.
Compilation from IR - skipping loading of FCL
Build succeeded.
Compilation from IR - skipping loading of FCL
Build succeeded.
Compilation from IR - skipping loading of FCL
Build succeeded.
Compilation from IR - skipping loading of FCL
Build succeeded.
Compilation from IR - skipping loading of FCL
Build succeeded.
Compilation from IR - skipping loading of FCL

[bmg-g21] warning: in kernel 'typeinfo name for dpct_kernel_name<void strata::kernels::(anonymous namespace)::launch_multi_n<strata::kernels::(anonymous namespace)::IQ4XSTraits, 5>(void const*, void const*, float*, int, int, sycl::_V1::queue*)::native_mmvq_multi_kernel_23124e, strata::kernels::(anonymous namespace)::IQ4XSTraits, dpct_kernel_scalar<5>, dpct_kernel_scalar<4>, dpct_kernel_scalar<4>>': compiled SIMD32 allocated 128 regs and spilled around 137

Build succeeded.
Compilation from IR - skipping loading of FCL
Build succeeded.
Compilation from IR - skipping loading of FCL
Build succeeded.
Compilation from IR - skipping loading of FCL
Build succeeded.
Compilation from IR - skipping loading of FCL
Build succeeded.
Compilation from IR - skipping loading of FCL

[bmg-g21] warning: in kernel 'typeinfo name for dpct_kernel_name<void strata::kernels::(anonymous namespace)::launch_multi_n<strata::kernels::(anonymous namespace)::IQ4XSTraits, 4>(void const*, void const*, float*, int, int, sycl::_V1::queue*)::native_mmvq_multi_kernel_23124e, strata::kernels::(anonymous namespace)::IQ4XSTraits, dpct_kernel_scalar<4>, dpct_kernel_scalar<4>, dpct_kernel_scalar<4>>': compiled SIMD32 allocated 128 regs and spilled around 97

Build succeeded.
Compilation from IR - skipping loading of FCL
Build succeeded.
Compilation from IR - skipping loading of FCL
Build succeeded.
Compilation from IR - skipping loading of FCL
Build succeeded.
Compilation from IR - skipping loading of FCL
Build succeeded.
Compilation from IR - skipping loading of FCL

[bmg-g21] warning: in kernel 'typeinfo name for dpct_kernel_name<void strata::kernels::(anonymous namespace)::launch_multi_n<strata::kernels::(anonymous namespace)::IQ4XSTraits, 3>(void const*, void const*, float*, int, int, sycl::_V1::queue*)::native_mmvq_multi_kernel_23124e, strata::kernels::(anonymous namespace)::IQ4XSTraits, dpct_kernel_scalar<3>, dpct_kernel_scalar<4>, dpct_kernel_scalar<4>>': compiled SIMD32 allocated 128 regs and spilled around 13

Build succeeded.
Compilation from IR - skipping loading of FCL
Build succeeded.
Compilation from IR - skipping loading of FCL
Build succeeded.
Compilation from IR - skipping loading of FCL
Build succeeded.
Compilation from IR - skipping loading of FCL
Build succeeded.
Compilation from IR - skipping loading of FCL
Build succeeded.
Compilation from IR - skipping loading of FCL
Build succeeded.
Compilation from IR - skipping loading of FCL
Build succeeded.
Compilation from IR - skipping loading of FCL
Build succeeded.
Compilation from IR - skipping loading of FCL
Build succeeded.
Compilation from IR - skipping loading of FCL
Build succeeded.
Compilation from IR - skipping loading of FCL
Build succeeded.
Compilation from IR - skipping loading of FCL
Build succeeded.
Compilation from IR - skipping loading of FCL
Build succeeded.
Compilation from IR - skipping loading of FCL
Build succeeded.
Compilation from IR - skipping loading of FCL
Build succeeded.
Compilation from IR - skipping loading of FCL
Build succeeded.
Compilation from IR - skipping loading of FCL
Build succeeded.
Compilation from IR - skipping loading of FCL
Build succeeded.
Compilation from IR - skipping loading of FCL
Build succeeded.
Compilation from IR - skipping loading of FCL
Build succeeded.
Compilation from IR - skipping loading of FCL
Build succeeded.
Compilation from IR - skipping loading of FCL
Build succeeded.
Compilation from IR - skipping loading of FCL
Build succeeded.
Compilation from IR - skipping loading of FCL
Build succeeded.
Compilation from IR - skipping loading of FCL
Build succeeded.
Compilation from IR - skipping loading of FCL
Build succeeded.
Compilation from IR - skipping loading of FCL
Build succeeded.
Compilation from IR - skipping loading of FCL
Build succeeded.
Compilation from IR - skipping loading of FCL
Build succeeded.
Compilation from IR - skipping loading of FCL
Build succeeded.
Compilation from IR - skipping loading of FCL
Build succeeded.
Compilation from IR - skipping loading of FCL
Build succeeded.
Compilation from IR - skipping loading of FCL
Build succeeded.
Compilation from IR - skipping loading of FCL
Build succeeded.
Compilation from IR - skipping loading of FCL
Build succeeded.
Compilation from IR - skipping loading of FCL
Build succeeded.
Compilation from IR - skipping loading of FCL
Build succeeded.
Compilation from IR - skipping loading of FCL
Build succeeded.
Compilation from IR - skipping loading of FCL
Build succeeded.
Compilation from IR - skipping loading of FCL
Build succeeded.
Compilation from IR - skipping loading of FCL
Build succeeded.
Compilation from IR - skipping loading of FCL
Build succeeded.
Compilation from IR - skipping loading of FCL
Build succeeded.
Compilation from IR - skipping loading of FCL
Build succeeded.
Compilation from IR - skipping loading of FCL
Build succeeded.
Compilation from IR - skipping loading of FCL
Build succeeded.
Compilation from IR - skipping loading of FCL
Build succeeded.
Compilation from IR - skipping loading of FCL
Build succeeded.
Compilation from IR - skipping loading of FCL
Build succeeded.
Compilation from IR - skipping loading of FCL
Build succeeded.
Compilation from IR - skipping loading of FCL
Build succeeded.
Compilation from IR - skipping loading of FCL
Build succeeded.
Compilation from IR - skipping loading of FCL
Build succeeded.
Compilation from IR - skipping loading of FCL
Build succeeded.
Compilation from IR - skipping loading of FCL
Build succeeded.
Compilation from IR - skipping loading of FCL
Build succeeded.
Compilation from IR - skipping loading of FCL
Build succeeded.
Compilation from IR - skipping loading of FCL
Build succeeded.
Compilation from IR - skipping loading of FCL
Build succeeded.
Compilation from IR - skipping loading of FCL
Build succeeded.
Compilation from IR - skipping loading of FCL
Build succeeded.
Compilation from IR - skipping loading of FCL
Build succeeded.
Compilation from IR - skipping loading of FCL
Build succeeded.
Compilation from IR - skipping loading of FCL
Build succeeded.
Compilation from IR - skipping loading of FCL
Build succeeded.
Compilation from IR - skipping loading of FCL
Build succeeded.
Compilation from IR - skipping loading of FCL
Build succeeded.
Compilation from IR - skipping loading of FCL
Build succeeded.
Compilation from IR - skipping loading of FCL
Build succeeded.
Compilation from IR - skipping loading of FCL
Build succeeded.
Compilation from IR - skipping loading of FCL
Build succeeded.
Compilation from IR - skipping loading of FCL
Build succeeded.
Compilation from IR - skipping loading of FCL
Build succeeded.
Compilation from IR - skipping loading of FCL
Build succeeded.
Compilation from IR - skipping loading of FCL
Build succeeded.
Compilation from IR - skipping loading of FCL
Build succeeded.
Compilation from IR - skipping loading of FCL
Build succeeded.
Compilation from IR - skipping loading of FCL
Build succeeded.
Compilation from IR - skipping loading of FCL
Build succeeded.
Compilation from IR - skipping loading of FCL
Build succeeded.
Compilation from IR - skipping loading of FCL
Build succeeded.
Compilation from IR - skipping loading of FCL
Build succeeded.
Compilation from IR - skipping loading of FCL
Build succeeded.
Compilation from IR - skipping loading of FCL
Build succeeded.
Compilation from IR - skipping loading of FCL
Build succeeded.
Compilation from IR - skipping loading of FCL
Build succeeded.
Compilation from IR - skipping loading of FCL
Build succeeded.
Compilation from IR - skipping loading of FCL
Build succeeded.
Compilation from IR - skipping loading of FCL
Build succeeded.
Compilation from IR - skipping loading of FCL
Build succeeded.
Compilation from IR - skipping loading of FCL
Build succeeded.
Compilation from IR - skipping loading of FCL
Build succeeded.
Compilation from IR - skipping loading of FCL
Build succeeded.
Compilation from IR - skipping loading of FCL
Build succeeded.
Compilation from IR - skipping loading of FCL
Build succeeded.
8d2ac886f3b8deb18b1bddb5925992317a02564d0a213aa0ad228328721ef04e  build-fastfix/strata
