strata generate: this CPU has no AVX-512: the expert kernels run on AVX-2 (multi-token for the i-quant gate/up rows)
strata generate: native pack: /work/data/packs/swift-iq3_xxs experts (largest blob 2.33 MB), token embedding IQ3_S in mapped host memory (260 MiB)
strata generate: 1466 MiB of weights loaded from /work/data/packs/swift-iq3_xxs (302 canonical tensors skipped: served natively)
strata generate: 300 native projection matrices, 1781.11 MiB of weights
strata generate: the SSD is kept awake while rows are read: one page of the table after 100 ms without a read, until 60 s after the last request (STRATA_SSD_KEEPALIVE=0 turns it off)
strata generate: profile /work/Strata/data/expert-profile.bin: 24576 ranked pairs, built for 24576 slots
strata generate: KV streaming: 32768 of 131072 cells per QSA layer in VRAM, the K/V in 1.55 GiB of pinned RAM
strata generate: PLE on, table 320001536 rows of /work/data/models/swift-IQ3_XXS/Swift-Qwen3.8-Flash-Next-GSQ-RCO-IQ3_XXS-00001-of-00002.gguf
strata mtp: draft layer loaded, 835 MiB of VRAM (experts 675, dense 111), files read in 0.33 s (2376 MiB/s)
strata generate: experimental native Q5_K head, 437043200 bytes
strata generate: GPU 0: Intel(R) Arc(TM) Pro B60 Graphics, compute capability 20.1
strata generate: WARNING: this engine was compiled with CUDA 12.8 headers but loaded a CUDA 0.2 runtime (libcudart): GPU properties can read wrong and some kernels go unused. Rebuild it against one toolkit (cmake -DCUDAToolkit_ROOT=<the toolkit>, with its libcudart.so present) (#542)
strata generate: experts streamed from the GGUF on demand (--stream-experts): no host arena; every expert must fit the VRAM cache
strata generate: expert cache 10831 slots, 17.57 GiB of VRAM; policy is
strata generate: the GPU computes the experts in the cache; it rounds differently from the CPU,
                 so a reply can differ slightly from a run without the cache (same quality:
                 bench/results/2026-09-27-cache-parity).
                 PROFILE, ranked by routing frequency, no eviction.
strata generate: profile fill: 17.57 GiB in 6.0 s (3.13 GB/s, pipelined)
strata generate: pre-filled 10831 of 10831 slots from the profile; slot 0 verified
strata generate: 13745 of 13745 experts missing from VRAM mirrored in pinned host memory (22.40 GiB, 5.1 s); the GPU reads them over PCIe
strata generate: R4 hit path ON - resident experts are computed on the GPU
strata generate: 13 expert-pool workers + the host thread
strata generate: session is up (engine 0.1.39-sycl)
strata generate: token graph hit path: 10831 resident experts, decided on the device
strata serve: the prompt path borrows 1174 CUDA0 cache slots (1.92 GiB)
strata verify trace (#649): on
APLAN_CONFIG device_plan=1 split=0 pcie_mode=0 diag_bytes=16128 A=ZE_BIAS_UNCACHED B=ZE_BIAS_UNCACHED M=ZE_BIAS_UNCACHED seq=ZE_BIAS_UNCACHED plan=ZE_BIAS_UNCACHED diag=ZE_BIAS_UNCACHED
strata verify: window up to 6 tokens, 69.6 MiB of device buffers
strata mtp: draft head over 106299 tokens (178.4 MiB)
strata serve: 649 MiB of VRAM free with everything loaded
strata verify: captured the 6-token window (upload <FIXME: Placeholder>, sync <FIXME: Placeholder>)
APLAN_WINDOW generation=1 T=6 pos=0 failure=0 queues=completed
APLAN ring=1 generation=1 entered=1 decision=1 skip_written=1 n=60 shared_bad=0 res=ffffe38fb58a8000 mirror=ffffe38fa9a10000 hash=1977663314 invalid=0 missing=0 resident=50 mirrored=10 bad_i=-1 bad_e=-1 bad_slot=-1 copy=2 host_seq=1/1/1 host_ns=235326663265337/235326663302241/235326663302279/235326664121364 host_counts=38/52/2 dma=0 A=1/1/1/1/0/1 B=1/1/1/1/0/1 M=1/1/1/1/0/1
APLAN ring=2 generation=1 entered=2 decision=1 skip_written=2 n=60 shared_bad=0 res=ffffe38fb58a8800 mirror=ffffe38fa9a11000 hash=2749064637 invalid=0 missing=0 resident=48 mirrored=12 bad_i=-1 bad_e=-1 bad_slot=-1 copy=2 host_seq=2/2/2 host_ns=235326670718068/235326670725163/235326670725247/235326671180506 host_counts=27/50/2 dma=0 A=2/2/2/2/0/2 B=2/2/2/2/0/2 M=2/2/2/2/0/2
APLAN ring=3 generation=1 entered=3 decision=1 skip_written=3 n=60 shared_bad=0 res=ffffe38fb58a9000 mirror=ffffe38fa9a12000 hash=2912504705 invalid=0 missing=0 resident=41 mirrored=19 bad_i=-1 bad_e=-1 bad_slot=-1 copy=2 host_seq=3/3/3 host_ns=235326675029108/235326675035570/235326675035593/235326675896793 host_counts=29/44/3 dma=0 A=3/3/3/3/0/3 B=3/3/3/3/0/3 M=3/3/3/3/0/3
APLAN ring=4 generation=1 entered=4 decision=1 skip_written=4 n=60 shared_bad=0 res=ffffe38fb58a9800 mirror=ffffe38fa9a13000 hash=582328006 invalid=0 missing=0 resident=46 mirrored=14 bad_i=-1 bad_e=-1 bad_slot=-1 copy=2 host_seq=4/4/4 host_ns=235326681751671/235326681758028/235326681758054/235326682258389 host_counts=24/49/3 dma=0 A=4/4/4/4/0/4 B=4/4/4/4/0/4 M=4/4/4/4/0/4
APLAN ring=5 generation=1 entered=5 decision=1 skip_written=5 n=60 shared_bad=0 res=ffffe38fb58aa000 mirror=ffffe38fa9a14000 hash=3333114417 invalid=0 missing=0 resident=41 mirrored=19 bad_i=-1 bad_e=-1 bad_slot=-1 copy=2 host_seq=5/5/5 host_ns=235326686478781/235326686485447/235326686485472/235326687637278 host_counts=21/44/3 dma=0 A=5/5/5/5/0/5 B=5/5/5/5/0/5 M=5/5/5/5/0/5
APLAN ring=6 generation=1 entered=6 decision=1 skip_written=6 n=60 shared_bad=0 res=ffffe38fb58aa800 mirror=ffffe38fa9a15000 hash=120373067 invalid=0 missing=0 resident=38 mirrored=22 bad_i=-1 bad_e=-1 bad_slot=-1 copy=2 host_seq=6/6/6 host_ns=235326693668806/235326693677249/235326693677387/235326694620388 host_counts=24/41/3 dma=0 A=6/6/6/6/0/6 B=6/6/6/6/0/6 M=6/6/6/6/0/6
APLAN ring=7 generation=1 entered=7 decision=1 skip_written=7 n=60 shared_bad=0 res=ffffe38fb58ab000 mirror=ffffe38fa9a16000 hash=1208253118 invalid=0 missing=0 resident=43 mirrored=17 bad_i=-1 bad_e=-1 bad_slot=-1 copy=2 host_seq=7/7/7 host_ns=235326699445071/235326699451203/235326699451412/235326699936361 host_counts=29/45/2 dma=0 A=7/7/7/7/0/7 B=7/7/7/7/0/7 M=7/7/7/7/0/7
APLAN ring=8 generation=1 entered=8 decision=1 skip_written=8 n=60 shared_bad=0 res=ffffe38fb58ab800 mirror=ffffe38fa9a17000 hash=1939586904 invalid=0 missing=0 resident=35 mirrored=25 bad_i=-1 bad_e=-1 bad_slot=-1 copy=2 host_seq=8/8/8 host_ns=235326703089542/235326703095248/235326703095270/235326703834855 host_counts=23/39/3 dma=0 A=8/8/8/8/0/8 B=8/8/8/8/0/8 M=8/8/8/8/0/8
APLAN ring=9 generation=1 entered=9 decision=1 skip_written=9 n=60 shared_bad=0 res=ffffe38fb58ac000 mirror=ffffe38fa9a18000 hash=3009317296 invalid=0 missing=0 resident=45 mirrored=15 bad_i=-1 bad_e=-1 bad_slot=-1 copy=2 host_seq=9/9/9 host_ns=235326707890519/235326707895356/235326707895377/235326708542153 host_counts=19/47/2 dma=0 A=9/9/9/9/0/9 B=9/9/9/9/0/9 M=9/9/9/9/0/9
APLAN ring=10 generation=1 entered=10 decision=1 skip_written=10 n=60 shared_bad=0 res=ffffe38fb58ac800 mirror=ffffe38fa9a19000 hash=1896617277 invalid=0 missing=0 resident=39 mirrored=21 bad_i=-1 bad_e=-1 bad_slot=-1 copy=2 host_seq=10/10/10 host_ns=235326712320748/235326712326001/235326712326021/235326713100797 host_counts=25/44/3 dma=0 A=10/10/10/10/0/10 B=10/10/10/10/0/10 M=10/10/10/10/0/10
APLAN ring=11 generation=1 entered=11 decision=1 skip_written=11 n=60 shared_bad=0 res=ffffe38fb58ad000 mirror=ffffe38fa9a1a000 hash=3776481250 invalid=0 missing=0 resident=30 mirrored=30 bad_i=-1 bad_e=-1 bad_slot=-1 copy=2 host_seq=11/11/11 host_ns=235326717555245/235326717559873/235326717559890/235326718545324 host_counts=15/36/5 dma=0 A=11/11/11/11/0/11 B=11/11/11/11/0/11 M=11/11/11/11/0/11
APLAN ring=12 generation=1 entered=12 decision=1 skip_written=12 n=60 shared_bad=0 res=ffffe38fb58ad800 mirror=ffffe38fa9a1b000 hash=2807079473 invalid=0 missing=0 resident=24 mirrored=36 bad_i=-1 bad_e=-1 bad_slot=-1 copy=2 host_seq=12/12/12 host_ns=235326724323047/235326724328089/235326724328107/235326725276997 host_counts=12/30/6 dma=0 A=12/12/12/12/0/12 B=12/12/12/12/0/12 M=12/12/12/12/0/12
APLAN ring=13 generation=1 entered=13 decision=1 skip_written=13 n=60 shared_bad=0 res=ffffe38fb58ae000 mirror=ffffe38fa9a1c000 hash=2750009731 invalid=0 missing=0 resident=32 mirrored=28 bad_i=-1 bad_e=-1 bad_slot=-1 copy=2 host_seq=13/13/13 host_ns=235326731140657/235326731145612/235326731145633/235326731983895 host_counts=21/39/4 dma=0 A=13/13/13/13/0/13 B=13/13/13/13/0/13 M=13/13/13/13/0/13
APLAN ring=14 generation=1 entered=14 decision=1 skip_written=14 n=60 shared_bad=0 res=ffffe38fb58ae800 mirror=ffffe38fa9a1d000 hash=3852581462 invalid=0 missing=0 resident=25 mirrored=35 bad_i=-1 bad_e=-1 bad_slot=-1 copy=2 host_seq=14/14/14 host_ns=235326737603336/235326737607472/235326737607489/235326738530236 host_counts=10/32/5 dma=0 A=14/14/14/14/0/14 B=14/14/14/14/0/14 M=14/14/14/14/0/14
APLAN ring=15 generation=1 entered=15 decision=1 skip_written=15 n=60 shared_bad=0 res=ffffe38fb58af000 mirror=ffffe38fa9a1e000 hash=250775508 invalid=0 missing=0 resident=20 mirrored=40 bad_i=-1 bad_e=-1 bad_slot=-1 copy=2 host_seq=15/15/15 host_ns=235326744261018/235326744265571/235326744265593/235326745389137 host_counts=14/30/5 dma=0 A=15/15/15/15/0/15 B=15/15/15/15/0/15 M=15/15/15/15/0/15
APLAN ring=16 generation=1 entered=16 decision=1 skip_written=16 n=60 shared_bad=0 res=ffffe38fb58af800 mirror=ffffe38fa9a1f000 hash=2258218885 invalid=0 missing=0 resident=26 mirrored=34 bad_i=-1 bad_e=-1 bad_slot=-1 copy=2 host_seq=16/16/16 host_ns=235326751476374/235326751480649/235326751480668/235326752449779 host_counts=13/33/5 dma=0 A=16/16/16/16/0/16 B=16/16/16/16/0/16 M=16/16/16/16/0/16
APLAN ring=17 generation=1 entered=17 decision=1 skip_written=17 n=60 shared_bad=0 res=ffffe38fb58b0000 mirror=ffffe38fa9a20000 hash=1147471432 invalid=0 missing=0 resident=37 mirrored=23 bad_i=-1 bad_e=-1 bad_slot=-1 copy=2 host_seq=17/17/17 host_ns=235326758981135/235326758985838/235326758985857/235326759647997 host_counts=19/41/4 dma=0 A=17/17/17/17/0/17 B=17/17/17/17/0/17 M=17/17/17/17/0/17
APLAN ring=18 generation=1 entered=18 decision=1 skip_written=18 n=60 shared_bad=0 res=ffffe38fb58b0800 mirror=ffffe38fa9a21000 hash=470314217 invalid=0 missing=0 resident=28 mirrored=32 bad_i=-1 bad_e=-1 bad_slot=-1 copy=2 host_seq=18/18/18 host_ns=235326764028684/235326764033324/235326764033395/235326765287383 host_counts=15/36/5 dma=0 A=18/18/18/18/0/18 B=18/18/18/18/0/18 M=18/18/18/18/0/18
APLAN ring=19 generation=1 entered=19 decision=1 skip_written=19 n=60 shared_bad=0 res=ffffe38fb58b1000 mirror=ffffe38fa9a22000 hash=458336843 invalid=0 missing=0 resident=33 mirrored=27 bad_i=-1 bad_e=-1 bad_slot=-1 copy=2 host_seq=19/19/19 host_ns=235326770940391/235326770948941/235326770948976/235326772215200 host_counts=22/41/4 dma=0 A=19/19/19/19/0/19 B=19/19/19/19/0/19 M=19/19/19/19/0/19
APLAN ring=20 generation=1 entered=20 decision=1 skip_written=20 n=60 shared_bad=0 res=ffffe38fb58b1800 mirror=ffffe38fa9a23000 hash=4286557905 invalid=0 missing=0 resident=27 mirrored=33 bad_i=-1 bad_e=-1 bad_slot=-1 copy=2 host_seq=20/20/20 host_ns=235326779032848/235326779039110/235326779039281/235326780114420 host_counts=12/36/5 dma=0 A=20/20/20/20/0/20 B=20/20/20/20/0/20 M=20/20/20/20/0/20
APLAN ring=21 generation=1 entered=21 decision=1 skip_written=21 n=60 shared_bad=0 res=ffffe38fb58b2000 mirror=ffffe38fa9a24000 hash=1014067710 invalid=0 missing=0 resident=35 mirrored=25 bad_i=-1 bad_e=-1 bad_slot=-1 copy=2 host_seq=21/21/21 host_ns=235326786233356/235326786239346/235326786239463/235326787435917 host_counts=20/39/4 dma=0 A=21/21/21/21/0/21 B=21/21/21/21/0/21 M=21/21/21/21/0/21
APLAN ring=22 generation=1 entered=22 decision=1 skip_written=22 n=60 shared_bad=0 res=ffffe38fb58b2800 mirror=ffffe38fa9a25000 hash=3104717596 invalid=0 missing=0 resident=33 mirrored=27 bad_i=-1 bad_e=-1 bad_slot=-1 copy=2 host_seq=22/22/22 host_ns=235326794044945/235326794051994/235326794052018/235326794884632 host_counts=17/40/4 dma=0 A=22/22/22/22/0/22 B=22/22/22/22/0/22 M=22/22/22/22/0/22
APLAN ring=23 generation=1 entered=23 decision=1 skip_written=23 n=60 shared_bad=0 res=ffffe38fb58b3000 mirror=ffffe38fa9a26000 hash=623567325 invalid=0 missing=0 resident=31 mirrored=29 bad_i=-1 bad_e=-1 bad_slot=-1 copy=2 host_seq=23/23/23 host_ns=235326799898801/235326799904239/235326799904265/235326801302524 host_counts=22/37/5 dma=0 A=23/23/23/23/0/23 B=23/23/23/23/0/23 M=23/23/23/23/0/23
APLAN ring=24 generation=1 entered=24 decision=1 skip_written=24 n=60 shared_bad=0 res=ffffe38fb58b3800 mirror=ffffe38fa9a27000 hash=188998869 invalid=0 missing=0 resident=37 mirrored=23 bad_i=-1 bad_e=-1 bad_slot=-1 copy=2 host_seq=24/24/24 host_ns=235326809316899/235326809322370/235326809322446/235326810332248 host_counts=16/43/4 dma=0 A=24/24/24/24/0/24 B=24/24/24/24/0/24 M=24/24/24/24/0/24
APLAN ring=25 generation=1 entered=25 decision=1 skip_written=25 n=60 shared_bad=0 res=ffffe38fb58b4000 mirror=ffffe38fa9a28000 hash=2394528552 invalid=0 missing=0 resident=47 mirrored=13 bad_i=-1 bad_e=-1 bad_slot=-1 copy=2 host_seq=25/25/25 host_ns=235326816523379/235326816528569/235326816528588/235326817139980 host_counts=26/49/2 dma=0 A=25/25/25/25/0/25 B=25/25/25/25/0/25 M=25/25/25/25/0/25
APLAN ring=26 generation=1 entered=26 decision=1 skip_written=26 n=60 shared_bad=0 res=ffffe38fb58b4800 mirror=ffffe38fa9a29000 hash=2190330586 invalid=0 missing=0 resident=29 mirrored=31 bad_i=-1 bad_e=-1 bad_slot=-1 copy=2 host_seq=26/26/26 host_ns=235326821043545/235326821048514/235326821048531/235326821988009 host_counts=19/36/5 dma=0 A=26/26/26/26/0/26 B=26/26/26/26/0/26 M=26/26/26/26/0/26
APLAN ring=27 generation=1 entered=27 decision=1 skip_written=27 n=60 shared_bad=0 res=ffffe38fb58b5000 mirror=ffffe38fa9a2a000 hash=579855935 invalid=0 missing=0 resident=27 mirrored=33 bad_i=-1 bad_e=-1 bad_slot=-1 copy=2 host_seq=27/27/27 host_ns=235326828059768/235326828064499/235326828064519/235326829005145 host_counts=13/34/4 dma=0 A=27/27/27/27/0/27 B=27/27/27/27/0/27 M=27/27/27/27/0/27
APLAN ring=28 generation=1 entered=28 decision=1 skip_written=28 n=60 shared_bad=0 res=ffffe38fb58b5800 mirror=ffffe38fa9a2b000 hash=3037871303 invalid=0 missing=0 resident=24 mirrored=36 bad_i=-1 bad_e=-1 bad_slot=-1 copy=2 host_seq=28/28/28 host_ns=235326834769402/235326834774699/235326834774718/235326835611256 host_counts=14/30/5 dma=0 A=28/28/28/28/0/28 B=28/28/28/28/0/28 M=28/28/28/28/0/28
APLAN ring=29 generation=1 entered=29 decision=1 skip_written=29 n=60 shared_bad=0 res=ffffe38fb58b6000 mirror=ffffe38fa9a2c000 hash=2121004954 invalid=0 missing=0 resident=25 mirrored=35 bad_i=-1 bad_e=-1 bad_slot=-1 copy=2 host_seq=29/29/29 host_ns=235326841078473/235326841083328/235326841083353/235326842627715 host_counts=18/31/5 dma=0 A=29/29/29/29/0/29 B=29/29/29/29/0/29 M=29/29/29/29/0/29
APLAN ring=30 generation=1 entered=30 decision=1 skip_written=30 n=60 shared_bad=0 res=ffffe38fb58b6800 mirror=ffffe38fa9a2d000 hash=2473154551 invalid=0 missing=0 resident=26 mirrored=34 bad_i=-1 bad_e=-1 bad_slot=-1 copy=2 host_seq=30/30/30 host_ns=235326852585442/235326852590744/235326852590769/235326853738395 host_counts=10/32/5 dma=0 A=30/30/30/30/0/30 B=30/30/30/30/0/30 M=30/30/30/30/0/30
APLAN ring=31 generation=1 entered=31 decision=1 skip_written=31 n=60 shared_bad=0 res=ffffe38fb58b7000 mirror=ffffe38fa9a2e000 hash=601582018 invalid=0 missing=0 resident=27 mirrored=33 bad_i=-1 bad_e=-1 bad_slot=-1 copy=2 host_seq=31/31/31 host_ns=235326861608114/235326861621236/235326861621321/235326863391614 host_counts=16/35/4 dma=0 A=31/31/31/31/0/31 B=31/31/31/31/0/31 M=31/31/31/31/0/31
APLAN ring=32 generation=1 entered=32 decision=1 skip_written=32 n=60 shared_bad=0 res=ffffe38fb58b7800 mirror=ffffe38fa9a2f000 hash=2617224852 invalid=0 missing=0 resident=30 mirrored=30 bad_i=-1 bad_e=-1 bad_slot=-1 copy=2 host_seq=32/32/32 host_ns=235326872053442/235326872061753/235326872061888/235326873296331 host_counts=17/37/5 dma=0 A=32/32/32/32/0/32 B=32/32/32/32/0/32 M=32/32/32/32/0/32
APLAN ring=33 generation=1 entered=33 decision=1 skip_written=33 n=60 shared_bad=0 res=ffffe38fb58b8000 mirror=ffffe38fa9a30000 hash=1998157344 invalid=0 missing=0 resident=42 mirrored=18 bad_i=-1 bad_e=-1 bad_slot=-1 copy=2 host_seq=33/33/33 host_ns=235326880158128/235326880164078/235326880164095/235326880971070 host_counts=22/48/3 dma=0 A=33/33/33/33/0/33 B=33/33/33/33/0/33 M=33/33/33/33/0/33
APLAN ring=34 generation=1 entered=34 decision=1 skip_written=34 n=60 shared_bad=0 res=ffffe38fb58b8800 mirror=ffffe38fa9a31000 hash=1661779400 invalid=0 missing=0 resident=29 mirrored=31 bad_i=-1 bad_e=-1 bad_slot=-1 copy=2 host_seq=34/34/34 host_ns=235326886355925/235326886361876/235326886361893/235326887607241 host_counts=12/35/4 dma=0 A=34/34/34/34/0/34 B=34/34/34/34/0/34 M=34/34/34/34/0/34
APLAN ring=35 generation=1 entered=35 decision=1 skip_written=35 n=60 shared_bad=0 res=ffffe38fb58b9000 mirror=ffffe38fa9a32000 hash=2843855782 invalid=0 missing=0 resident=33 mirrored=27 bad_i=-1 bad_e=-1 bad_slot=-1 copy=2 host_seq=35/35/35 host_ns=235326894195808/235326894201243/235326894201317/235326895618272 host_counts=19/38/4 dma=0 A=35/35/35/35/0/35 B=35/35/35/35/0/35 M=35/35/35/35/0/35
APLAN ring=36 generation=1 entered=36 decision=1 skip_written=36 n=60 shared_bad=0 res=ffffe38fb58b9800 mirror=ffffe38fa9a33000 hash=3290173878 invalid=0 missing=0 resident=33 mirrored=27 bad_i=-1 bad_e=-1 bad_slot=-1 copy=2 host_seq=36/36/36 host_ns=235326903138732/235326903143984/235326903144003/235326904016606 host_counts=15/41/4 dma=0 A=36/36/36/36/0/36 B=36/36/36/36/0/36 M=36/36/36/36/0/36
APLAN ring=37 generation=1 entered=37 decision=1 skip_written=37 n=60 shared_bad=0 res=ffffe38fb58ba000 mirror=ffffe38fa9a34000 hash=868837886 invalid=0 missing=0 resident=46 mirrored=14 bad_i=-1 bad_e=-1 bad_slot=-1 copy=2 host_seq=37/37/37 host_ns=235326911385427/235326911391561/235326911391653/235326911946256 host_counts=24/49/3 dma=0 A=37/37/37/37/0/37 B=37/37/37/37/0/37 M=37/37/37/37/0/37
APLAN ring=38 generation=1 entered=38 decision=1 skip_written=38 n=60 shared_bad=0 res=ffffe38fb58ba800 mirror=ffffe38fa9a35000 hash=4140880767 invalid=0 missing=0 resident=33 mirrored=27 bad_i=-1 bad_e=-1 bad_slot=-1 copy=2 host_seq=38/38/38 host_ns=235326916506481/235326916511447/235326916511477/235326917628347 host_counts=15/39/4 dma=0 A=38/38/38/38/0/38 B=38/38/38/38/0/38 M=38/38/38/38/0/38
APLAN ring=39 generation=1 entered=39 decision=1 skip_written=39 n=60 shared_bad=0 res=ffffe38fb58bb000 mirror=ffffe38fa9a36000 hash=3697527905 invalid=0 missing=0 resident=33 mirrored=27 bad_i=-1 bad_e=-1 bad_slot=-1 copy=2 host_seq=39/39/39 host_ns=235326925340096/235326925345727/235326925345744/235326926505116 host_counts=22/39/5 dma=0 A=39/39/39/39/0/39 B=39/39/39/39/0/39 M=39/39/39/39/0/39
APLAN ring=40 generation=1 entered=40 decision=1 skip_written=40 n=60 shared_bad=0 res=ffffe38fb58bb800 mirror=ffffe38fa9a37000 hash=449337418 invalid=0 missing=0 resident=51 mirrored=9 bad_i=-1 bad_e=-1 bad_slot=-1 copy=2 host_seq=40/40/40 host_ns=235326934553255/235326934558564/235326934558585/235326935188260 host_counts=23/52/1 dma=0 A=40/40/40/40/0/40 B=40/40/40/40/0/40 M=40/40/40/40/0/40
APLAN ring=41 generation=1 entered=41 decision=1 skip_written=41 n=60 shared_bad=0 res=ffffe38fb58bc000 mirror=ffffe38fa9a38000 hash=3816896512 invalid=0 missing=0 resident=44 mirrored=16 bad_i=-1 bad_e=-1 bad_slot=-1 copy=2 host_seq=41/41/41 host_ns=235326938144943/235326938150154/235326938150173/235326938588832 host_counts=25/46/2 dma=0 A=41/41/41/41/0/41 B=41/41/41/41/0/41 M=41/41/41/41/0/41
APLAN ring=42 generation=1 entered=42 decision=1 skip_written=42 n=60 shared_bad=0 res=ffffe38fb58bc800 mirror=ffffe38fa9a39000 hash=1641347548 invalid=0 missing=0 resident=42 mirrored=18 bad_i=-1 bad_e=-1 bad_slot=-1 copy=2 host_seq=42/42/42 host_ns=235326942345945/235326942351624/235326942351656/235326943024154 host_counts=23/45/3 dma=0 A=42/42/42/42/0/42 B=42/42/42/42/0/42 M=42/42/42/42/0/42
APLAN ring=43 generation=1 entered=43 decision=1 skip_written=43 n=60 shared_bad=0 res=ffffe38fb58bd000 mirror=ffffe38fa9a3a000 hash=1716672863 invalid=0 missing=0 resident=43 mirrored=17 bad_i=-1 bad_e=-1 bad_slot=-1 copy=2 host_seq=43/43/43 host_ns=235326948130001/235326948135098/235326948135119/235326948738115 host_counts=26/45/2 dma=0 A=43/43/43/43/0/43 B=43/43/43/43/0/43 M=43/43/43/43/0/43
APLAN ring=44 generation=1 entered=44 decision=1 skip_written=44 n=60 shared_bad=0 res=ffffe38fb58bd800 mirror=ffffe38fa9a3b000 hash=3188473122 invalid=0 missing=0 resident=47 mirrored=13 bad_i=-1 bad_e=-1 bad_slot=-1 copy=2 host_seq=44/44/44 host_ns=235326952891531/235326952896045/235326952896062/235326953504922 host_counts=20/49/2 dma=0 A=44/44/44/44/0/44 B=44/44/44/44/0/44 M=44/44/44/44/0/44
APLAN ring=45 generation=1 entered=45 decision=1 skip_written=45 n=60 shared_bad=0 res=ffffe38fb58be000 mirror=ffffe38fa9a3c000 hash=3557654816 invalid=0 missing=0 resident=51 mirrored=9 bad_i=-1 bad_e=-1 bad_slot=-1 copy=2 host_seq=45/45/45 host_ns=235326957762450/235326957768066/235326957768089/235326958233978 host_counts=27/53/2 dma=0 A=45/45/45/45/0/45 B=45/45/45/45/0/45 M=45/45/45/45/0/45
APLAN ring=46 generation=1 entered=46 decision=1 skip_written=46 n=60 shared_bad=0 res=ffffe38fb58be800 mirror=ffffe38fa9a3d000 hash=163206265 invalid=0 missing=0 resident=51 mirrored=9 bad_i=-1 bad_e=-1 bad_slot=-1 copy=2 host_seq=46/46/46 host_ns=235326962324726/235326962329713/235326962329740/235326962551129 host_counts=30/54/1 dma=0 A=46/46/46/46/0/46 B=46/46/46/46/0/46 M=46/46/46/46/0/46
APLAN ring=47 generation=1 entered=47 decision=1 skip_written=47 n=60 shared_bad=0 res=ffffe38fb58bf000 mirror=ffffe38fa9a3e000 hash=338328914 invalid=0 missing=0 resident=49 mirrored=11 bad_i=-1 bad_e=-1 bad_slot=-1 copy=2 host_seq=47/47/47 host_ns=235326964998206/235326965004395/235326965004418/235326965439868 host_counts=25/52/2 dma=0 A=47/47/47/47/0/47 B=47/47/47/47/0/47 M=47/47/47/47/0/47
APLAN ring=48 generation=1 entered=48 decision=1 skip_written=48 n=60 shared_bad=0 res=ffffe38fb58bf800 mirror=ffffe38fa9a3f000 hash=4185954770 invalid=0 missing=0 resident=38 mirrored=22 bad_i=-1 bad_e=-1 bad_slot=-1 copy=2 host_seq=48/48/48 host_ns=235326969442242/235326969448205/235326969448225/235326970222909 host_counts=24/42/3 dma=0 A=48/48/48/48/0/48 B=48/48/48/48/0/48 M=48/48/48/48/0/48
strata verify: captured the 4-token window (upload <FIXME: Placeholder>, sync <FIXME: Placeholder>)
strata verify: captured the 1-token window (upload <FIXME: Placeholder>, sync <FIXME: Placeholder>)
APLAN_EXCHANGE generation=1 phase=cpu_committed copies=complete layer=2 in=403 out=43 slot=2822 host=0x7b851bd6c400
APLAN_EXCHANGE generation=1 phase=cpu_committed copies=complete layer=43 in=388 out=206 slot=8130 host=0x7b85d9041000
APLAN_EXCHANGE generation=1 phase=cpu_committed copies=complete layer=29 in=181 out=29 slot=8195 host=0x7b8510d33c00
APLAN_EXCHANGE generation=1 phase=cpu_committed copies=complete layer=25 in=349 out=39 slot=4274 host=0x7b858ed37c00
APLAN_EXCHANGE generation=1 phase=cpu_committed copies=complete layer=20 in=248 out=137 slot=8384 host=0x7b85c5b32400
APLAN_EXCHANGE generation=1 phase=cpu_committed copies=complete layer=41 in=354 out=84 slot=6690 host=0x7b859b2adc00
APLAN_EXCHANGE generation=1 phase=cpu_committed copies=complete layer=40 in=309 out=58 slot=1696 host=0x7b852b4f5000
APLAN_EXCHANGE generation=1 phase=cpu_committed copies=complete layer=14 in=117 out=13 slot=3635 host=0x7b826d6fec00
APLAN_EXCHANGE generation=1 phase=cpu_committed copies=complete layer=41 in=508 out=23 slot=2154 host=0x7b855144e400
APLAN_EXCHANGE generation=1 phase=cpu_committed copies=complete layer=36 in=157 out=85 slot=7988 host=0x7b85b1c0e400
APLAN_EXCHANGE generation=1 phase=cpu_committed copies=complete layer=16 in=487 out=53 slot=9159 host=0x7b858ac2dc00
APLAN_EXCHANGE generation=1 phase=cpu_committed copies=complete layer=9 in=360 out=39 slot=4665 host=0x7b850cb10800
APLAN_EXCHANGE generation=1 phase=cpu_committed copies=complete layer=29 in=395 out=36 slot=6674 host=0x7b845296d000
APLAN_EXCHANGE generation=1 phase=cpu_committed copies=complete layer=47 in=186 out=9 slot=6622 host=0x7b85b965ec00
APLAN_EXCHANGE generation=1 phase=cpu_committed copies=complete layer=13 in=224 out=29 slot=7713 host=0x7b8545ac8800
APLAN_EXCHANGE generation=1 phase=cpu_committed copies=complete layer=14 in=409 out=51 slot=2834 host=0x7b85a5ae4400
APLAN_EXCHANGE generation=1 phase=cpu_committed copies=complete layer=34 in=496 out=30 slot=10668 host=0x7b851458cc00
APLAN_EXCHANGE generation=1 phase=cpu_committed copies=complete layer=45 in=443 out=25 slot=171 host=0x7b852d273000
APLAN_EXCHANGE generation=1 phase=cpu_committed copies=complete layer=38 in=113 out=13 slot=8407 host=0x7b85b2c12400
APLAN_EXCHANGE generation=1 phase=cpu_committed copies=complete layer=30 in=119 out=77 slot=2401 host=0x7b85f27c6000
APLAN_EXCHANGE generation=1 phase=cpu_committed copies=complete layer=37 in=6 out=42 slot=7650 host=0x7b85659bec00
APLAN_EXCHANGE generation=1 phase=cpu_committed copies=complete layer=29 in=211 out=5 slot=10306 host=0x7b841dbb2c00
APLAN_EXCHANGE generation=1 phase=cpu_committed copies=complete layer=15 in=101 out=74 slot=8079 host=0x7b8344492000
APLAN_EXCHANGE generation=1 phase=cpu_committed copies=complete layer=15 in=289 out=129 slot=474 host=0x7b85e853fc00
APLAN_EXCHANGE generation=1 phase=cpu_committed copies=complete layer=18 in=496 out=45 slot=9554 host=0x7b852166fc00
APLAN_EXCHANGE generation=1 phase=cpu_committed copies=complete layer=6 in=223 out=81 slot=2714 host=0x7b85430ab400
APLAN_EXCHANGE generation=1 phase=cpu_committed copies=complete layer=35 in=144 out=112 slot=1266 host=0x7b845be79400
APLAN_EXCHANGE generation=1 phase=cpu_committed copies=complete layer=35 in=173 out=89 slot=8451 host=0x7b8564568800
APLAN_EXCHANGE generation=1 phase=cpu_committed copies=complete layer=28 in=277 out=84 slot=3653 host=0x7b8525835400
APLAN_EXCHANGE generation=1 phase=cpu_committed copies=complete layer=11 in=185 out=13 slot=5643 host=0x7b85e5e4f000
APLAN_EXCHANGE generation=1 phase=cpu_committed copies=complete layer=1 in=175 out=42 slot=3050 host=0x7b8406e32000
APLAN_EXCHANGE generation=1 phase=cpu_committed copies=complete layer=34 in=46 out=95 slot=6314 host=0x7b845a69f000
APLAN_EXCHANGE generation=1 phase=cpu_committed copies=complete layer=41 in=268 out=94 slot=115 host=0x7b853dffb000
APLAN_EXCHANGE generation=1 phase=cpu_committed copies=complete layer=23 in=42 out=97 slot=8029 host=0x7b858d35d000
APLAN_EXCHANGE generation=1 phase=cpu_committed copies=complete layer=11 in=268 out=44 slot=7587 host=0x7b843ef63400
APLAN_EXCHANGE generation=1 phase=cpu_committed copies=complete layer=26 in=203 out=15 slot=10519 host=0x7b841bb3a400
APLAN_EXCHANGE generation=1 phase=cpu_committed copies=complete layer=30 in=117 out=51 slot=3605 host=0x7b837a638400
APLAN_EXCHANGE generation=1 phase=cpu_committed copies=complete layer=8 in=244 out=53 slot=5639 host=0x7b8479471c00
APLAN_EXCHANGE generation=1 phase=cpu_committed copies=complete layer=14 in=473 out=103 slot=5096 host=0x7b84429b0400
APLAN_EXCHANGE generation=1 phase=cpu_committed copies=complete layer=11 in=108 out=18 slot=3070 host=0x7b8544df1000
APLAN_EXCHANGE generation=1 phase=cpu_committed copies=complete layer=31 in=101 out=119 slot=4703 host=0x7b85aedb7c00
APLAN_EXCHANGE generation=1 phase=cpu_committed copies=complete layer=18 in=46 out=72 slot=6162 host=0x7b85e980c400
APLAN_EXCHANGE generation=1 phase=cpu_committed copies=complete layer=14 in=119 out=99 slot=6959 host=0x7b855918cc00
APLAN_EXCHANGE generation=1 phase=cpu_committed copies=complete layer=40 in=501 out=39 slot=4565 host=0x7b85ff83ec00
APLAN_EXCHANGE generation=1 phase=cpu_committed copies=complete layer=27 in=138 out=45 slot=6191 host=0x7b844fa61400
APLAN_EXCHANGE generation=1 phase=cpu_committed copies=complete layer=28 in=290 out=6 slot=229 host=0x7b83733e3800
APLAN_EXCHANGE generation=1 phase=cpu_committed copies=complete layer=35 in=509 out=50 slot=7515 host=0x7b84252f6000
APLAN_EXCHANGE generation=1 phase=cpu_committed copies=complete layer=32 in=353 out=11 slot=1769 host=0x7b85276e5800
APLAN_EXCHANGE generation=1 phase=cpu_committed copies=complete layer=26 in=508 out=44 slot=9423 host=0x7b85abadd000
APLAN_EXCHANGE generation=1 phase=cpu_committed copies=complete layer=20 in=131 out=48 slot=2070 host=0x7b85eb50d400
APLAN_EXCHANGE generation=1 phase=cpu_committed copies=complete layer=22 in=456 out=32 slot=5660 host=0x7b858d194c00
APLAN_EXCHANGE generation=1 phase=cpu_committed copies=complete layer=10 in=508 out=30 slot=6142 host=0x7b840f227400
APLAN_EXCHANGE generation=1 phase=cpu_committed copies=complete layer=34 in=142 out=109 slot=2619 host=0x7b838ce37400
APLAN_EXCHANGE generation=1 phase=cpu_committed copies=complete layer=36 in=248 out=91 slot=8470 host=0x7b84a2f8f000
APLAN_EXCHANGE generation=1 phase=cpu_committed copies=complete layer=20 in=434 out=125 slot=1597 host=0x7b84482f2400
APLAN_EXCHANGE generation=1 phase=cpu_committed copies=complete layer=26 in=106 out=91 slot=8399 host=0x7b85248e6800
APLAN_EXCHANGE generation=1 phase=cpu_committed copies=complete layer=36 in=434 out=49 slot=9508 host=0x7b84a3b02400
APLAN_EXCHANGE generation=1 phase=cpu_committed copies=complete layer=36 in=345 out=21 slot=9998 host=0x7b854fdac800
APLAN_EXCHANGE generation=1 phase=cpu_committed copies=complete layer=7 in=458 out=76 slot=6729 host=0x7b851d76c800
APLAN_EXCHANGE generation=1 phase=cpu_committed copies=complete layer=29 in=121 out=58 slot=8419 host=0x7b841d7f0400
APLAN_EXCHANGE generation=1 phase=cpu_committed copies=complete layer=39 in=132 out=60 slot=373 host=0x7b8283fbcc00
APLAN_EXCHANGE generation=1 phase=cpu_committed copies=complete layer=41 in=186 out=97 slot=3043 host=0x7b859af68400
APLAN_EXCHANGE generation=1 phase=cpu_committed copies=complete layer=22 in=113 out=55 slot=6763 host=0x7b855bdc9c00
APLAN_EXCHANGE generation=1 phase=cpu_committed copies=complete layer=10 in=325 out=36 slot=8248 host=0x7b8544b41800
APLAN_EXCHANGE generation=1 phase=cpu_committed copies=complete layer=24 in=9 out=31 slot=8522 host=0x7b85c7eea000
APLAN_EXCHANGE generation=1 phase=cpu_committed copies=complete layer=27 in=108 out=55 slot=4835 host=0x7b854b28d400
APLAN_EXCHANGE generation=1 phase=cpu_committed copies=complete layer=20 in=345 out=133 slot=3543 host=0x7b858c3ef000
APLAN_EXCHANGE generation=1 phase=cpu_committed copies=complete layer=1 in=400 out=52 slot=7675 host=0x7b84bb780800
APLAN_EXCHANGE generation=1 phase=cpu_committed copies=complete layer=24 in=244 out=51 slot=5046 host=0x7b84e3e2e800
APLAN_EXCHANGE generation=1 phase=cpu_committed copies=complete layer=3 in=476 out=52 slot=5477 host=0x7b840980a800
APLAN_EXCHANGE generation=1 phase=cpu_committed copies=complete layer=28 in=39 out=152 slot=7506 host=0x7b8450690000
APLAN_EXCHANGE generation=1 phase=cpu_committed copies=complete layer=31 in=100 out=139 slot=2569 host=0x7b8455258000
APLAN_EXCHANGE generation=1 phase=cpu_committed copies=complete layer=15 in=212 out=25 slot=834 host=0x7b8413062800
APLAN_EXCHANGE generation=1 phase=cpu_committed copies=complete layer=30 in=137 out=147 slot=2615 host=0x7b85605c2c00
APLAN_EXCHANGE generation=1 phase=cpu_committed copies=complete layer=42 in=217 out=30 slot=5377 host=0x7b858011c000
APLAN_EXCHANGE generation=1 phase=cpu_committed copies=complete layer=32 in=58 out=45 slot=4622 host=0x7b852703b400
APLAN_EXCHANGE generation=1 phase=cpu_committed copies=complete layer=34 in=188 out=79 slot=7867 host=0x7b838d2a8c00
APLAN_EXCHANGE generation=1 phase=cpu_committed copies=complete layer=16 in=277 out=63 slot=969 host=0x7b8483830800
APLAN_EXCHANGE generation=1 phase=cpu_committed copies=complete layer=7 in=452 out=40 slot=433 host=0x7b8331bbe800
APLAN_EXCHANGE generation=1 phase=cpu_committed copies=complete layer=8 in=262 out=93 slot=3871 host=0x7b813a2fa400
APLAN_EXCHANGE generation=1 phase=cpu_committed copies=complete layer=27 in=185 out=118 slot=924 host=0x7b836ed0a000
APLAN_EXCHANGE generation=1 phase=cpu_committed copies=complete layer=8 in=9 out=21 slot=7359 host=0x7b8478d50c00
APLAN_EXCHANGE generation=1 phase=cpu_committed copies=complete layer=39 in=329 out=72 slot=8815 host=0x7b819606f800
APLAN_EXCHANGE generation=1 phase=cpu_committed copies=complete layer=35 in=349 out=77 slot=5603 host=0x7b85f9fb2000
APLAN_EXCHANGE generation=1 phase=cpu_committed copies=complete layer=2 in=61 out=2 slot=7137 host=0x7b859fae5400
APLAN_EXCHANGE generation=1 phase=cpu_committed copies=complete layer=47 in=376 out=129 slot=6919 host=0x7b81d9ac8c00
APLAN_EXCHANGE generation=1 phase=cpu_committed copies=complete layer=47 in=427 out=150 slot=9135 host=0x7b859e870400
APLAN_EXCHANGE generation=1 phase=cpu_committed copies=complete layer=2 in=12 out=47 slot=5152 host=0x7b85df033800
APLAN_EXCHANGE generation=1 phase=cpu_committed copies=complete layer=25 in=142 out=44 slot=6295 host=0x7b858ebe0000
APLAN_EXCHANGE generation=1 phase=cpu_committed copies=complete layer=2 in=83 out=0 slot=4516 host=0x7b84bc11f000
APLAN_EXCHANGE generation=1 phase=cpu_committed copies=complete layer=31 in=212 out=39 slot=280 host=0x7b85ccac4c00
APLAN_EXCHANGE generation=1 phase=cpu_committed copies=complete layer=19 in=64 out=77 slot=4605 host=0x7b85eaba7000
APLAN_EXCHANGE generation=1 phase=cpu_committed copies=complete layer=40 in=365 out=16 slot=9128 host=0x7b81c8b6c000
APLAN_EXCHANGE generation=1 phase=cpu_committed copies=complete layer=42 in=61 out=43 slot=3514 host=0x7b852bd2f400
APLAN_EXCHANGE generation=1 phase=cpu_committed copies=complete layer=45 in=134 out=28 slot=4370 host=0x7b84307ac800
APLAN_EXCHANGE generation=1 phase=cpu_committed copies=complete layer=12 in=90 out=14 slot=9023 host=0x7b824947ac00
APLAN_MIRROR generation=1 phase=mirror_uploaded entries=24576
APLAN_RESIDENCY upload=1 generation=1 adapt_every=4 adapt_swaps=96 holes=0 first_layer=-1 first_expert=-1 hash=3779887635
strata verify: captured the 2-token window (upload <FIXME: Placeholder>, sync <FIXME: Placeholder>)
APLAN_EXCHANGE generation=2 phase=cpu_committed copies=complete layer=10 in=405 out=67 slot=5492 host=0x7b8339485400
APLAN_EXCHANGE generation=2 phase=cpu_committed copies=complete layer=11 in=30 out=70 slot=9407 host=0x7b83fc9ef800
APLAN_EXCHANGE generation=2 phase=cpu_committed copies=complete layer=3 in=336 out=54 slot=3574 host=0x7b819e46b000
APLAN_EXCHANGE generation=2 phase=cpu_committed copies=complete layer=31 in=417 out=64 slot=8563 host=0x7b8076c67800
APLAN_EXCHANGE generation=2 phase=cpu_committed copies=complete layer=38 in=172 out=59 slot=6325 host=0x7b82be422800
APLAN_EXCHANGE generation=2 phase=cpu_committed copies=complete layer=33 in=209 out=30 slot=5759 host=0x7b849d4ef000
APLAN_EXCHANGE generation=2 phase=cpu_committed copies=complete layer=15 in=465 out=79 slot=9217 host=0x7b80be8f0800
APLAN_EXCHANGE generation=2 phase=cpu_committed copies=complete layer=9 in=455 out=14 slot=3067 host=0x7b80af1e4c00
APLAN_EXCHANGE generation=2 phase=cpu_committed copies=complete layer=40 in=166 out=74 slot=6421 host=0x7b82b6893400
APLAN_EXCHANGE generation=2 phase=cpu_committed copies=complete layer=23 in=132 out=25 slot=3141 host=0x7b835fdc8000
APLAN_EXCHANGE generation=2 phase=cpu_committed copies=complete layer=43 in=37 out=120 slot=6013 host=0x7b83b5e26000
APLAN_EXCHANGE generation=2 phase=cpu_committed copies=complete layer=29 in=7 out=34 slot=2564 host=0x7b854b882400
APLAN_EXCHANGE generation=2 phase=cpu_committed copies=complete layer=15 in=417 out=66 slot=264 host=0x7b8076527400
APLAN_EXCHANGE generation=2 phase=cpu_committed copies=complete layer=16 in=494 out=121 slot=3590 host=0x7b80eab17800
APLAN_EXCHANGE generation=2 phase=cpu_committed copies=complete layer=25 in=455 out=14 slot=4013 host=0x7b80af775c00
APLAN_EXCHANGE generation=2 phase=cpu_committed copies=complete layer=32 in=494 out=40 slot=9369 host=0x7b80eb445800
APLAN_EXCHANGE generation=2 phase=cpu_committed copies=complete layer=27 in=370 out=0 slot=4356 host=0x7b81cf936400
APLAN_EXCHANGE generation=2 phase=cpu_committed copies=complete layer=20 in=444 out=71 slot=9273 host=0x7b809d070c00
APLAN_EXCHANGE generation=2 phase=cpu_committed copies=complete layer=35 in=75 out=44 slot=1183 host=0x7b84a0064000
APLAN_EXCHANGE generation=2 phase=cpu_committed copies=complete layer=18 in=302 out=55 slot=8199 host=0x7b834eae7400
APLAN_EXCHANGE generation=2 phase=cpu_committed copies=complete layer=9 in=3 out=53 slot=4666 host=0x7b83d4a3d000
APLAN_EXCHANGE generation=2 phase=cpu_committed copies=complete layer=31 in=465 out=117 slot=7755 host=0x7b80bf143c00
APLAN_EXCHANGE generation=2 phase=cpu_committed copies=complete layer=32 in=477 out=51 slot=7209 host=0x7b80d2df0800
APLAN_EXCHANGE generation=2 phase=cpu_committed copies=complete layer=24 in=453 out=87 slot=1763 host=0x7b80ac46f400
APLAN_EXCHANGE generation=2 phase=cpu_committed copies=complete layer=14 in=335 out=85 slot=6363 host=0x7b819d102400
APLAN_EXCHANGE generation=2 phase=cpu_committed copies=complete layer=27 in=30 out=59 slot=1249 host=0x7b83fce35400
APLAN_EXCHANGE generation=2 phase=cpu_committed copies=complete layer=19 in=427 out=122 slot=3240 host=0x7b80845f5400
APLAN_EXCHANGE generation=2 phase=cpu_committed copies=complete layer=11 in=489 out=105 slot=2495 host=0x7b80e34f3c00
APLAN_EXCHANGE generation=2 phase=cpu_committed copies=complete layer=41 in=440 out=83 slot=10439 host=0x7b842c3da000
APLAN_EXCHANGE generation=2 phase=cpu_committed copies=complete layer=31 in=301 out=131 slot=8148 host=0x7b84f25eb800
APLAN_EXCHANGE generation=2 phase=cpu_committed copies=complete layer=28 in=388 out=21 slot=51 host=0x7b81e8454400
APLAN_EXCHANGE generation=2 phase=cpu_committed copies=complete layer=15 in=132 out=128 slot=1346 host=0x7b8282f67800
APLAN_EXCHANGE generation=2 phase=cpu_committed copies=complete layer=9 in=365 out=63 slot=4584 host=0x7b81c7e17800
APLAN_EXCHANGE generation=2 phase=cpu_committed copies=complete layer=14 in=449 out=32 slot=6752 host=0x7b80a4ac1400
APLAN_EXCHANGE generation=2 phase=cpu_committed copies=complete layer=31 in=132 out=62 slot=9501 host=0x7b82839f3800
APLAN_EXCHANGE generation=2 phase=cpu_committed copies=complete layer=16 in=477 out=68 slot=10059 host=0x7b80d2a02400
APLAN_EXCHANGE generation=2 phase=cpu_committed copies=complete layer=3 in=91 out=78 slot=4115 host=0x7b84bdb7d000
APLAN_EXCHANGE generation=2 phase=cpu_committed copies=complete layer=43 in=215 out=73 slot=4444 host=0x7b84b00f5400
APLAN_EXCHANGE generation=2 phase=cpu_committed copies=complete layer=40 in=19 out=88 slot=178 host=0x7b83ec337400
APLAN_EXCHANGE generation=2 phase=cpu_committed copies=complete layer=13 in=7 out=12 slot=5417 host=0x7b85c1f68000
APLAN_EXCHANGE generation=2 phase=cpu_committed copies=complete layer=32 in=74 out=13 slot=9909 host=0x7b8561a70800
APLAN_EXCHANGE generation=2 phase=cpu_committed copies=complete layer=37 in=346 out=71 slot=8778 host=0x7b839b14a800
APLAN_EXCHANGE generation=2 phase=cpu_committed copies=complete layer=36 in=467 out=18 slot=8391 host=0x7b80c2168c00
APLAN_EXCHANGE generation=2 phase=cpu_committed copies=complete layer=41 in=386 out=50 slot=10111 host=0x7b83aedd8000
APLAN_EXCHANGE generation=2 phase=cpu_committed copies=complete layer=40 in=265 out=18 slot=7658 host=0x7b852b384400
APLAN_EXCHANGE generation=2 phase=cpu_committed copies=complete layer=12 in=388 out=3 slot=7474 host=0x7b81e799c800
APLAN_EXCHANGE generation=2 phase=cpu_committed copies=complete layer=30 in=449 out=20 slot=5756 host=0x7b80a56e9c00
APLAN_EXCHANGE generation=2 phase=cpu_committed copies=complete layer=8 in=480 out=54 slot=8830 host=0x7b80d6430000
APLAN_EXCHANGE generation=2 phase=cpu_committed copies=complete layer=4 in=48 out=45 slot=536 host=0x7b8213c34800
APLAN_EXCHANGE generation=2 phase=cpu_committed copies=complete layer=4 in=321 out=39 slot=9776 host=0x7b818a126c00
APLAN_EXCHANGE generation=2 phase=cpu_committed copies=complete layer=16 in=363 out=31 slot=1016 host=0x7b81c4dc6c00
APLAN_EXCHANGE generation=2 phase=cpu_committed copies=complete layer=27 in=489 out=117 slot=5748 host=0x7b80e3c34000
APLAN_EXCHANGE generation=2 phase=cpu_committed copies=complete layer=20 in=343 out=49 slot=9345 host=0x7b81a8309400
APLAN_EXCHANGE generation=2 phase=cpu_committed copies=complete layer=17 in=337 out=55 slot=6473 host=0x7b81a00bd000
APLAN_EXCHANGE generation=2 phase=cpu_committed copies=complete layer=14 in=36 out=102 slot=4598 host=0x7b84412dc800
APLAN_EXCHANGE generation=2 phase=cpu_committed copies=complete layer=35 in=427 out=51 slot=1426 host=0x7b8084ede800
APLAN_EXCHANGE generation=2 phase=cpu_committed copies=complete layer=13 in=121 out=3 slot=5330 host=0x7b8589b04000
APLAN_EXCHANGE generation=2 phase=cpu_committed copies=complete layer=21 in=6 out=57 slot=7944 host=0x7b85229a0400
APLAN_EXCHANGE generation=2 phase=cpu_committed copies=complete layer=36 in=367 out=59 slot=10323 host=0x7b8396a90400
APLAN_EXCHANGE generation=2 phase=cpu_committed copies=complete layer=3 in=59 out=90 slot=2304 host=0x7b821fddb800
APLAN_EXCHANGE generation=2 phase=cpu_committed copies=complete layer=15 in=301 out=111 slot=3819 host=0x7b816ee43800
APLAN_EXCHANGE generation=2 phase=cpu_committed copies=complete layer=32 in=363 out=36 slot=9983 host=0x7b81c537d400
APLAN_EXCHANGE generation=2 phase=cpu_committed copies=complete layer=4 in=98 out=16 slot=6937 host=0x7b82538a3c00
APLAN_EXCHANGE generation=2 phase=cpu_committed copies=complete layer=5 in=121 out=62 slot=9530 host=0x7b832c3c7c00
APLAN_EXCHANGE generation=2 phase=cpu_committed copies=complete layer=8 in=453 out=63 slot=10609 host=0x7b80abf87000
APLAN_EXCHANGE generation=2 phase=cpu_committed copies=complete layer=20 in=460 out=106 slot=5813 host=0x7b80b6333000
APLAN_EXCHANGE generation=2 phase=cpu_committed copies=complete layer=4 in=10 out=23 slot=10475 host=0x7b856c6e6800
APLAN_EXCHANGE generation=2 phase=cpu_committed copies=complete layer=41 in=22 out=133 slot=10223 host=0x7b83f19c3800
APLAN_EXCHANGE generation=2 phase=cpu_committed copies=complete layer=36 in=343 out=133 slot=4848 host=0x7b81a91af400
APLAN_EXCHANGE generation=2 phase=cpu_committed copies=complete layer=7 in=420 out=99 slot=8747 host=0x7b84785d8400
APLAN_EXCHANGE generation=2 phase=cpu_committed copies=complete layer=39 in=133 out=63 slot=3269 host=0x7b8285846000
APLAN_EXCHANGE generation=2 phase=cpu_committed copies=complete layer=29 in=250 out=59 slot=7204 host=0x7b8377112000
APLAN_EXCHANGE generation=2 phase=cpu_committed copies=complete layer=2 in=237 out=18 slot=10251 host=0x7b85548d8400
APLAN_EXCHANGE generation=2 phase=cpu_committed copies=complete layer=41 in=468 out=88 slot=9129 host=0x7b80c41b5800
APLAN_EXCHANGE generation=2 phase=cpu_committed copies=complete layer=30 in=322 out=53 slot=4213 host=0x7b818c4d8400
APLAN_EXCHANGE generation=2 phase=cpu_committed copies=complete layer=9 in=142 out=12 slot=9782 host=0x7b8544333000
APLAN_EXCHANGE generation=2 phase=cpu_committed copies=complete layer=40 in=67 out=8 slot=9042 host=0x7b822bbf2000
APLAN_EXCHANGE generation=2 phase=cpu_committed copies=complete layer=26 in=264 out=32 slot=4834 host=0x7b85c9aa6000
APLAN_EXCHANGE generation=2 phase=cpu_committed copies=complete layer=19 in=349 out=25 slot=4264 host=0x7b85c52b9800
APLAN_EXCHANGE generation=2 phase=cpu_committed copies=complete layer=19 in=194 out=127 slot=4481 host=0x7b82dcb51400
APLAN_EXCHANGE generation=2 phase=cpu_committed copies=complete layer=43 in=405 out=146 slot=6427 host=0x7b81fecff800
APLAN_EXCHANGE generation=2 phase=cpu_committed copies=complete layer=25 in=3 out=20 slot=8125 host=0x7b83691b4c00
APLAN_EXCHANGE generation=2 phase=cpu_committed copies=complete layer=38 in=413 out=3 slot=2082 host=0x7b839f399800
APLAN_EXCHANGE generation=2 phase=cpu_committed copies=complete layer=46 in=361 out=82 slot=9856 host=0x7b81c2f5b400
APLAN_EXCHANGE generation=2 phase=cpu_committed copies=complete layer=23 in=288 out=63 slot=6585 host=0x7b815e898000
APLAN_EXCHANGE generation=2 phase=cpu_committed copies=complete layer=25 in=207 out=79 slot=10183 host=0x7b82edc0c000
APLAN_EXCHANGE generation=2 phase=cpu_committed copies=complete layer=34 in=302 out=33 slot=9089 host=0x7b817080b800
APLAN_EXCHANGE generation=2 phase=cpu_committed copies=complete layer=27 in=497 out=2 slot=7502 host=0x7b80ee701000
APLAN_EXCHANGE generation=2 phase=cpu_committed copies=complete layer=3 in=478 out=23 slot=4722 host=0x7b80d35e6000
APLAN_EXCHANGE generation=2 phase=cpu_committed copies=complete layer=26 in=412 out=47 slot=7961 host=0x7b806ef29000
APLAN_EXCHANGE generation=2 phase=cpu_committed copies=complete layer=40 in=61 out=98 slot=8362 host=0x7b8306ce7400
APLAN_EXCHANGE generation=2 phase=cpu_committed copies=complete layer=43 in=13 out=131 slot=9677 host=0x7b842d629800
APLAN_EXCHANGE generation=2 phase=cpu_committed copies=complete layer=30 in=473 out=5 slot=8440 host=0x7b841fbff800
APLAN_EXCHANGE generation=2 phase=cpu_committed copies=complete layer=35 in=430 out=128 slot=9993 host=0x7b808a6f4800
APLAN_EXCHANGE generation=2 phase=cpu_committed copies=complete layer=24 in=422 out=63 slot=8764 host=0x7b848dfc4800
APLAN_EXCHANGE generation=2 phase=cpu_committed copies=complete layer=45 in=154 out=65 slot=4789 host=0x7b82a3614c00
APLAN_MIRROR generation=2 phase=mirror_uploaded entries=24576
APLAN_RESIDENCY upload=2 generation=2 adapt_every=4 adapt_swaps=96 holes=0 first_layer=-1 first_expert=-1 hash=4267157197
strata verify: captured the 3-token window (upload <FIXME: Placeholder>, sync <FIXME: Placeholder>)
APLAN_EXCHANGE generation=3 phase=cpu_committed copies=complete layer=41 in=93 out=52 slot=2001 host=0x7b824d0d4c00
APLAN_EXCHANGE generation=3 phase=cpu_committed copies=complete layer=36 in=444 out=110 slot=9376 host=0x7b809dcac000
APLAN_EXCHANGE generation=3 phase=cpu_committed copies=complete layer=44 in=84 out=75 slot=8627 host=0x7b8242bab800
APLAN_EXCHANGE generation=3 phase=cpu_committed copies=complete layer=39 in=411 out=68 slot=8452 host=0x7b806dc82000
APLAN_EXCHANGE generation=3 phase=cpu_committed copies=complete layer=45 in=345 out=69 slot=10230 host=0x7b81aca46c00
APLAN_EXCHANGE generation=3 phase=cpu_committed copies=complete layer=33 in=189 out=54 slot=1937 host=0x7b82d5559400
APLAN_EXCHANGE generation=3 phase=cpu_committed copies=complete layer=36 in=263 out=69 slot=441 host=0x7b813c502c00
APLAN_EXCHANGE generation=3 phase=cpu_committed copies=complete layer=36 in=460 out=137 slot=8506 host=0x7b80b6ff7c00
APLAN_EXCHANGE generation=3 phase=cpu_committed copies=complete layer=46 in=100 out=59 slot=222 host=0x7b8257f45000
APLAN_EXCHANGE generation=3 phase=cpu_committed copies=complete layer=40 in=130 out=6 slot=876 host=0x7b8280b45800
APLAN_EXCHANGE generation=3 phase=cpu_committed copies=complete layer=40 in=289 out=45 slot=9512 host=0x7b85d647ac00
APLAN_EXCHANGE generation=3 phase=cpu_committed copies=complete layer=41 in=64 out=79 slot=10222 host=0x7b82281ca800
APLAN_EXCHANGE generation=3 phase=cpu_committed copies=complete layer=8 in=472 out=66 slot=4329 host=0x7b80c82d8800
APLAN_EXCHANGE generation=3 phase=cpu_committed copies=complete layer=25 in=365 out=12 slot=10404 host=0x7b81c8470800
APLAN_EXCHANGE generation=3 phase=cpu_committed copies=complete layer=6 in=469 out=53 slot=5711 host=0x7b80c4e48400
APLAN_EXCHANGE generation=3 phase=cpu_committed copies=complete layer=42 in=444 out=66 slot=6330 host=0x7b809e24fc00
APLAN_EXCHANGE generation=3 phase=cpu_committed copies=complete layer=43 in=136 out=190 slot=6014 host=0x7b8289f90000
APLAN_EXCHANGE generation=3 phase=cpu_committed copies=complete layer=44 in=25 out=59 slot=2868 host=0x7b83f6728000
APLAN_EXCHANGE generation=3 phase=cpu_committed copies=complete layer=46 in=375 out=37 slot=2870 host=0x7b81d83c3000
APLAN_EXCHANGE generation=3 phase=cpu_committed copies=complete layer=41 in=481 out=108 slot=9923 host=0x7b830beb7000
APLAN_EXCHANGE generation=3 phase=cpu_committed copies=complete layer=24 in=504 out=65 slot=9645 host=0x7b80f9690c00
APLAN_EXCHANGE generation=3 phase=cpu_committed copies=complete layer=44 in=464 out=39 slot=8035 host=0x7b80bdcd4800
APLAN_EXCHANGE generation=3 phase=cpu_committed copies=complete layer=45 in=327 out=32 slot=6521 host=0x7b8317429000
APLAN_EXCHANGE generation=3 phase=cpu_committed copies=complete layer=44 in=182 out=70 slot=3673 host=0x7b82ccbf8800
APLAN_EXCHANGE generation=3 phase=cpu_committed copies=complete layer=17 in=189 out=57 slot=8177 host=0x7b82d4f00400
APLAN_EXCHANGE generation=3 phase=cpu_committed copies=complete layer=14 in=322 out=24 slot=2553 host=0x7b818b965000
APLAN_EXCHANGE generation=3 phase=cpu_committed copies=complete layer=25 in=116 out=28 slot=10646 host=0x7b826bdad800
APLAN_EXCHANGE generation=3 phase=cpu_committed copies=complete layer=19 in=476 out=21 slot=4410 host=0x7b80d11ab000
APLAN_EXCHANGE generation=3 phase=cpu_committed copies=complete layer=39 in=339 out=9 slot=10549 host=0x7b85d5577000
APLAN_EXCHANGE generation=3 phase=cpu_committed copies=complete layer=33 in=258 out=62 slot=7415 host=0x7b8133222c00
APLAN_EXCHANGE generation=3 phase=cpu_committed copies=complete layer=30 in=457 out=47 slot=9433 host=0x7b80b23c5800
APLAN_EXCHANGE generation=3 phase=cpu_committed copies=complete layer=10 in=307 out=47 slot=7057 host=0x7b84cbe06c00
APLAN_EXCHANGE generation=3 phase=cpu_committed copies=complete layer=45 in=312 out=10 slot=5141 host=0x7b817d4a2800
APLAN_EXCHANGE generation=3 phase=cpu_committed copies=complete layer=39 in=421 out=96 slot=566 host=0x7b85d573f400
APLAN_EXCHANGE generation=3 phase=cpu_committed copies=complete layer=35 in=194 out=11 slot=9505 host=0x7b82dcee1c00
APLAN_EXCHANGE generation=3 phase=cpu_committed copies=complete layer=31 in=97 out=66 slot=123 host=0x7b84550a8c00
APLAN_EXCHANGE generation=3 phase=cpu_committed copies=complete layer=17 in=179 out=39 slot=2352 host=0x7b834af74800
APLAN_EXCHANGE generation=3 phase=cpu_committed copies=complete layer=24 in=472 out=33 slot=3835 host=0x7b80c8f1a000
APLAN_EXCHANGE generation=3 phase=cpu_committed copies=complete layer=5 in=271 out=94 slot=192 host=0x7b8147b36800
APLAN_EXCHANGE generation=3 phase=cpu_committed copies=complete layer=33 in=179 out=86 slot=4215 host=0x7b82c6a2b000
APLAN_EXCHANGE generation=3 phase=cpu_committed copies=complete layer=40 in=338 out=22 slot=9380 host=0x7b81a1920c00
APLAN_EXCHANGE generation=3 phase=cpu_committed copies=complete layer=10 in=124 out=39 slot=4808 host=0x7b8277306800
APLAN_EXCHANGE generation=3 phase=cpu_committed copies=complete layer=3 in=435 out=4 slot=8513 host=0x7b8091467400
APLAN_EXCHANGE generation=3 phase=cpu_committed copies=complete layer=26 in=307 out=39 slot=986 host=0x7b8175d07c00
APLAN_EXCHANGE generation=3 phase=cpu_committed copies=complete layer=12 in=10 out=42 slot=7368 host=0x7b843f6dbc00
APLAN_EXCHANGE generation=3 phase=cpu_committed copies=complete layer=23 in=388 out=87 slot=972 host=0x7b81e7f85000
APLAN_EXCHANGE generation=3 phase=cpu_committed copies=complete layer=36 in=128 out=109 slot=9749 host=0x7b827dd46800
APLAN_EXCHANGE generation=3 phase=cpu_committed copies=complete layer=27 in=218 out=24 slot=6389 host=0x7b82fbce6800
APLAN_EXCHANGE generation=3 phase=cpu_committed copies=complete layer=30 in=300 out=67 slot=7973 host=0x7b85ae3af000
APLAN_EXCHANGE generation=3 phase=cpu_committed copies=complete layer=33 in=242 out=51 slot=8935 host=0x7b811c0ec000
APLAN_EXCHANGE generation=3 phase=cpu_committed copies=complete layer=20 in=263 out=98 slot=5194 host=0x7b813bd8a400
APLAN_EXCHANGE generation=3 phase=cpu_committed copies=complete layer=11 in=218 out=38 slot=5803 host=0x7b82fb749000
APLAN_EXCHANGE generation=3 phase=cpu_committed copies=complete layer=19 in=430 out=57 slot=10778 host=0x7b84d99cd400
APLAN_EXCHANGE generation=3 phase=cpu_committed copies=complete layer=31 in=386 out=76 slot=8931 host=0x7b8579908400
APLAN_EXCHANGE generation=3 phase=cpu_committed copies=complete layer=44 in=126 out=43 slot=1656 host=0x7b827b611000
APLAN_EXCHANGE generation=3 phase=cpu_committed copies=complete layer=6 in=177 out=55 slot=10144 host=0x7b82c2f2f000
APLAN_EXCHANGE generation=3 phase=cpu_committed copies=complete layer=32 in=176 out=50 slot=5123 host=0x7b84584cec00
APLAN_EXCHANGE generation=3 phase=cpu_committed copies=complete layer=15 in=360 out=13 slot=8102 host=0x7b81bf9dd800
APLAN_EXCHANGE generation=3 phase=cpu_committed copies=complete layer=47 in=102 out=27 slot=2232 host=0x7b825ae50c00
APLAN_EXCHANGE generation=3 phase=cpu_committed copies=complete layer=16 in=200 out=101 slot=298 host=0x7b84d421b400
APLAN_EXCHANGE generation=3 phase=cpu_committed copies=complete layer=23 in=231 out=69 slot=5510 host=0x7b8361fa4c00
APLAN_EXCHANGE generation=3 phase=cpu_committed copies=complete layer=45 in=11 out=45 slot=8906 host=0x7b83e0032400
APLAN_EXCHANGE generation=3 phase=cpu_committed copies=complete layer=10 in=412 out=18 slot=10047 host=0x7b806e639800
APLAN_EXCHANGE generation=3 phase=cpu_committed copies=complete layer=15 in=9 out=81 slot=1592 host=0x7b83dca56c00
APLAN_EXCHANGE generation=3 phase=cpu_committed copies=complete layer=23 in=185 out=13 slot=5590 host=0x7b82d0d34800
APLAN_EXCHANGE generation=3 phase=cpu_committed copies=complete layer=33 in=49 out=42 slot=1280 host=0x7b8214d1fc00
APLAN_EXCHANGE generation=3 phase=cpu_committed copies=complete layer=10 in=451 out=5 slot=10754 host=0x7b80a8e42800
APLAN_EXCHANGE generation=3 phase=cpu_committed copies=complete layer=22 in=38 out=28 slot=9115 host=0x7b820721b000
APLAN_EXCHANGE generation=3 phase=cpu_committed copies=complete layer=41 in=107 out=135 slot=10113 host=0x7b82608de000
APLAN_EXCHANGE generation=3 phase=cpu_committed copies=complete layer=31 in=9 out=46 slot=9826 host=0x7b84f0948400
APLAN_EXCHANGE generation=3 phase=cpu_committed copies=complete layer=7 in=225 out=85 slot=1261 host=0x7b8302fa5800
APLAN_EXCHANGE generation=3 phase=cpu_committed copies=complete layer=44 in=484 out=101 slot=7230 host=0x7b80dcccd400
APLAN_EXCHANGE generation=3 phase=cpu_committed copies=complete layer=32 in=211 out=3 slot=374 host=0x7b849ab93800
APLAN_EXCHANGE generation=3 phase=cpu_committed copies=complete layer=3 in=415 out=30 slot=4866 host=0x7b84beceb800
APLAN_EXCHANGE generation=3 phase=cpu_committed copies=complete layer=5 in=166 out=44 slot=5560 host=0x7b82b5850c00
APLAN_EXCHANGE generation=3 phase=cpu_committed copies=complete layer=14 in=457 out=73 slot=7476 host=0x7b80b1e7f800
APLAN_EXCHANGE generation=3 phase=cpu_committed copies=complete layer=46 in=210 out=69 slot=8863 host=0x7b82f2718800
APLAN_EXCHANGE generation=3 phase=cpu_committed copies=complete layer=41 in=73 out=80 slot=7533 host=0x7b85d6c12800
APLAN_EXCHANGE generation=3 phase=cpu_committed copies=complete layer=5 in=405 out=25 slot=9867 host=0x7b8475c5d800
APLAN_EXCHANGE generation=3 phase=cpu_committed copies=complete layer=7 in=467 out=70 slot=2547 host=0x7b80c1860400
APLAN_EXCHANGE generation=3 phase=cpu_committed copies=complete layer=32 in=342 out=0 slot=8375 host=0x7b81a7043000
APLAN_EXCHANGE generation=3 phase=cpu_committed copies=complete layer=31 in=360 out=83 slot=121 host=0x7b81c0388800
APLAN_EXCHANGE generation=3 phase=cpu_committed copies=complete layer=29 in=228 out=31 slot=9364 host=0x7b8107f76400
APLAN_EXCHANGE generation=3 phase=cpu_committed copies=complete layer=16 in=358 out=32 slot=8667 host=0x7b81bc653c00
APLAN_EXCHANGE generation=3 phase=cpu_committed copies=complete layer=24 in=480 out=82 slot=9070 host=0x7b80d708a800
APLAN_EXCHANGE generation=3 phase=cpu_committed copies=complete layer=7 in=453 out=115 slot=6454 host=0x7b80abe48400
APLAN_EXCHANGE generation=3 phase=cpu_committed copies=complete layer=46 in=166 out=51 slot=2025 host=0x7b82b6dba000
APLAN_EXCHANGE generation=3 phase=cpu_committed copies=complete layer=4 in=378 out=19 slot=9318 host=0x7b81daf95c00
APLAN_EXCHANGE generation=3 phase=cpu_committed copies=complete layer=5 in=141 out=17 slot=9257 host=0x7b8290733400
APLAN_EXCHANGE generation=3 phase=cpu_committed copies=complete layer=38 in=38 out=53 slot=3401 host=0x7b82078e4800
APLAN_EXCHANGE generation=3 phase=cpu_committed copies=complete layer=41 in=183 out=124 slot=10694 host=0x7b8567a82400
APLAN_EXCHANGE generation=3 phase=cpu_committed copies=complete layer=7 in=146 out=119 slot=2491 host=0x7b8297aa1400
APLAN_EXCHANGE generation=3 phase=cpu_committed copies=complete layer=46 in=441 out=27 slot=4999 host=0x7b83cadabc00
APLAN_EXCHANGE generation=3 phase=cpu_committed copies=complete layer=9 in=120 out=4 slot=2450 host=0x7b84c9dccc00
APLAN_EXCHANGE generation=3 phase=cpu_committed copies=complete layer=47 in=240 out=72 slot=8740 host=0x7b811a342400
APLAN_EXCHANGE generation=3 phase=cpu_committed copies=complete layer=35 in=252 out=25 slot=7109 host=0x7b842446f400
APLAN_MIRROR generation=3 phase=mirror_uploaded entries=24576
APLAN_RESIDENCY upload=3 generation=3 adapt_every=4 adapt_swaps=96 holes=0 first_layer=-1 first_expert=-1 hash=689299167
APLAN_EXCHANGE generation=4 phase=cpu_committed copies=complete layer=37 in=396 out=72 slot=6322 host=0x7b81f1b48000
APLAN_EXCHANGE generation=4 phase=cpu_committed copies=complete layer=15 in=97 out=85 slot=3427 host=0x7b8251f26c00
APLAN_EXCHANGE generation=4 phase=cpu_committed copies=complete layer=35 in=171 out=48 slot=6411 host=0x7b845c08c800
APLAN_EXCHANGE generation=4 phase=cpu_committed copies=complete layer=17 in=242 out=31 slot=8879 host=0x7b811bdb3000
APLAN_EXCHANGE generation=4 phase=cpu_committed copies=complete layer=46 in=376 out=23 slot=8346 host=0x7b81d98e7800
APLAN_EXCHANGE generation=4 phase=cpu_committed copies=complete layer=21 in=396 out=23 slot=8385 host=0x7b81f13b0400
APLAN_EXCHANGE generation=4 phase=cpu_committed copies=complete layer=35 in=476 out=30 slot=7871 host=0x7b8393263000
APLAN_EXCHANGE generation=4 phase=cpu_committed copies=complete layer=39 in=218 out=6 slot=871 host=0x7b82fc271400
APLAN_EXCHANGE generation=4 phase=cpu_committed copies=complete layer=13 in=228 out=13 slot=6842 host=0x7b810769fc00
APLAN_EXCHANGE generation=4 phase=cpu_committed copies=complete layer=17 in=258 out=71 slot=8383 host=0x7b8132d60000
APLAN_EXCHANGE generation=4 phase=cpu_committed copies=complete layer=4 in=88 out=20 slot=10035 host=0x7b8246a8f800
APLAN_EXCHANGE generation=4 phase=cpu_committed copies=complete layer=46 in=130 out=10 slot=5848 host=0x7b82812a5000
APLAN_EXCHANGE generation=4 phase=cpu_committed copies=complete layer=17 in=167 out=91 slot=10280 host=0x7b834ae03c00
APLAN_EXCHANGE generation=4 phase=cpu_committed copies=complete layer=15 in=386 out=54 slot=1273 host=0x7b81e4f08800
APLAN_EXCHANGE generation=4 phase=cpu_committed copies=complete layer=44 in=382 out=49 slot=318 host=0x7b83c1709400
APLAN_EXCHANGE generation=4 phase=cpu_committed copies=complete layer=41 in=3 out=0 slot=981 host=0x7b85d68cd000
APLAN_EXCHANGE generation=4 phase=cpu_committed copies=complete layer=24 in=240 out=48 slot=2178 host=0x7b811990dc00
APLAN_EXCHANGE generation=4 phase=cpu_committed copies=complete layer=7 in=153 out=81 slot=5795 host=0x7b82a1431c00
APLAN_EXCHANGE generation=4 phase=cpu_committed copies=complete layer=31 in=20 out=36 slot=1229 host=0x7b83ed975000
APLAN_EXCHANGE generation=4 phase=cpu_committed copies=complete layer=30 in=412 out=24 slot=3346 host=0x7b806f099c00
APLAN_EXCHANGE generation=4 phase=cpu_committed copies=complete layer=33 in=326 out=57 slot=7414 host=0x7b8191cfac00
APLAN_EXCHANGE generation=4 phase=cpu_committed copies=complete layer=37 in=37 out=57 slot=2620 host=0x7b8206294000
APLAN_EXCHANGE generation=4 phase=cpu_committed copies=complete layer=8 in=340 out=92 slot=9538 host=0x7b81a366cc00
APLAN_EXCHANGE generation=4 phase=cpu_committed copies=complete layer=23 in=133 out=58 slot=713 host=0x7b835ff90400
APLAN_EXCHANGE generation=4 phase=cpu_committed copies=complete layer=25 in=120 out=4 slot=763 host=0x7b8271fdf000
APLAN_EXCHANGE generation=4 phase=cpu_committed copies=complete layer=34 in=230 out=72 slot=4023 host=0x7b838db8bc00
APLAN_EXCHANGE generation=4 phase=cpu_committed copies=complete layer=45 in=274 out=74 slot=4860 host=0x7b814cc7cc00
APLAN_EXCHANGE generation=4 phase=cpu_committed copies=complete layer=16 in=211 out=96 slot=9272 host=0x7b82f2e7e400
APLAN_EXCHANGE generation=4 phase=cpu_committed copies=complete layer=26 in=151 out=60 slot=7094 host=0x7b829f730c00
APLAN_EXCHANGE generation=4 phase=cpu_committed copies=complete layer=4 in=215 out=25 slot=6717 host=0x7b82f788a800
APLAN_EXCHANGE generation=4 phase=cpu_committed copies=complete layer=9 in=227 out=55 slot=2520 host=0x7b8105cf0c00
APLAN_EXCHANGE generation=4 phase=cpu_committed copies=complete layer=42 in=152 out=62 slot=1300 host=0x7b846554dc00
APLAN_EXCHANGE generation=4 phase=cpu_committed copies=complete layer=8 in=421 out=36 slot=10147 host=0x7b83346b0400
APLAN_EXCHANGE generation=4 phase=cpu_committed copies=complete layer=18 in=230 out=89 slot=8269 host=0x7b810b538c00
APLAN_EXCHANGE generation=4 phase=cpu_committed copies=complete layer=45 in=46 out=29 slot=7544 host=0x7b8211fcfc00
APLAN_EXCHANGE generation=4 phase=cpu_committed copies=complete layer=29 in=99 out=12 slot=1122 host=0x7b8255e4f800
APLAN_EXCHANGE generation=4 phase=cpu_committed copies=complete layer=33 in=167 out=73 slot=2403 host=0x7b82b7f2ec00
APLAN_EXCHANGE generation=4 phase=cpu_committed copies=complete layer=39 in=381 out=32 slot=9379 host=0x7b81de45e400
APLAN_EXCHANGE generation=4 phase=cpu_committed copies=complete layer=47 in=56 out=82 slot=1875 host=0x7b821d354000
APLAN_EXCHANGE generation=4 phase=cpu_committed copies=complete layer=20 in=128 out=36 slot=6973 host=0x7b827d20b800
APLAN_EXCHANGE generation=4 phase=cpu_committed copies=complete layer=23 in=421 out=72 slot=8462 host=0x7b850f36bc00
APLAN_EXCHANGE generation=4 phase=cpu_committed copies=complete layer=27 in=81 out=70 slot=9284 host=0x7b848fabec00
APLAN_EXCHANGE generation=4 phase=cpu_committed copies=complete layer=6 in=443 out=66 slot=4521 host=0x7b809b024000
APLAN_EXCHANGE generation=4 phase=cpu_committed copies=complete layer=24 in=421 out=67 slot=7739 host=0x7b807c2fa000
APLAN_EXCHANGE generation=4 phase=cpu_committed copies=complete layer=23 in=411 out=83 slot=7620 host=0x7b8363fb9400
APLAN_EXCHANGE generation=4 phase=cpu_committed copies=complete layer=32 in=83 out=10 slot=10204 host=0x7b8579e9f800
APLAN_EXCHANGE generation=4 phase=cpu_committed copies=complete layer=24 in=340 out=81 slot=1103 host=0x7b81a3973c00
APLAN_EXCHANGE generation=4 phase=cpu_committed copies=complete layer=9 in=173 out=29 slot=8833 host=0x7b82bee18800
APLAN_EXCHANGE generation=4 phase=cpu_committed copies=complete layer=2 in=343 out=7 slot=2923 host=0x7b8322849800
APLAN_EXCHANGE generation=4 phase=cpu_committed copies=complete layer=15 in=40 out=83 slot=643 host=0x7b820900fc00
APLAN_EXCHANGE generation=4 phase=cpu_committed copies=complete layer=25 in=311 out=30 slot=3246 host=0x7b817afc5000
APLAN_EXCHANGE generation=4 phase=cpu_committed copies=complete layer=35 in=491 out=122 slot=1232 host=0x7b80e71e3c00
APLAN_EXCHANGE generation=4 phase=cpu_committed copies=complete layer=26 in=268 out=20 slot=8926 host=0x7b8142cac400
APLAN_EXCHANGE generation=4 phase=cpu_committed copies=complete layer=11 in=276 out=100 slot=6952 host=0x7b814e80d000
APLAN_EXCHANGE generation=4 phase=cpu_committed copies=complete layer=13 in=99 out=16 slot=6955 host=0x7b825570f400
APLAN_EXCHANGE generation=4 phase=cpu_committed copies=complete layer=29 in=92 out=14 slot=8280 host=0x7b824ba6b400
APLAN_EXCHANGE generation=4 phase=cpu_committed copies=complete layer=40 in=258 out=7 slot=8088 host=0x7b852b213800
APLAN_EXCHANGE generation=4 phase=cpu_committed copies=complete layer=16 in=83 out=34 slot=7378 host=0x7b858a871800
APLAN_EXCHANGE generation=4 phase=cpu_committed copies=complete layer=10 in=151 out=35 slot=8750 host=0x7b829eecac00
APLAN_EXCHANGE generation=4 phase=cpu_committed copies=complete layer=27 in=276 out=33 slot=4550 host=0x7b814ef66400
APLAN_EXCHANGE generation=4 phase=cpu_committed copies=complete layer=25 in=173 out=76 slot=6990 host=0x7b82bf3e8000
APLAN_EXCHANGE generation=4 phase=cpu_committed copies=complete layer=19 in=171 out=24 slot=2463 host=0x7b82bc378000
APLAN_EXCHANGE generation=4 phase=cpu_committed copies=complete layer=16 in=73 out=108 slot=6058 host=0x7b8234207000
APLAN_EXCHANGE generation=4 phase=cpu_committed copies=complete layer=4 in=318 out=9 slot=377 host=0x7b84c0ca2400
APLAN_EXCHANGE generation=4 phase=cpu_committed copies=complete layer=20 in=462 out=20 slot=936 host=0x7b84dc50a000
APLAN_EXCHANGE generation=4 phase=cpu_committed copies=complete layer=17 in=326 out=30 slot=1165 host=0x7b81914f2800
APLAN_EXCHANGE generation=4 phase=cpu_committed copies=complete layer=40 in=504 out=53 slot=6513 host=0x7b80f9be9800
APLAN_EXCHANGE generation=4 phase=cpu_committed copies=complete layer=9 in=116 out=44 slot=7150 host=0x7b826b366400
APLAN_EXCHANGE generation=4 phase=cpu_committed copies=complete layer=30 in=163 out=15 slot=7860 host=0x7b82b2657000
APLAN_EXCHANGE generation=4 phase=cpu_committed copies=complete layer=8 in=240 out=88 slot=9404 host=0x7b81192ffc00
APLAN_EXCHANGE generation=4 phase=cpu_committed copies=complete layer=21 in=37 out=72 slot=5038 host=0x7b8205be3800
APLAN_EXCHANGE generation=4 phase=cpu_committed copies=complete layer=36 in=462 out=106 slot=6319 host=0x7b80baa00000
APLAN_EXCHANGE generation=4 phase=cpu_committed copies=complete layer=1 in=218 out=87 slot=10468 host=0x7b84070af800
APLAN_EXCHANGE generation=4 phase=cpu_committed copies=complete layer=6 in=467 out=49 slot=5482 host=0x7b80c1721800
APLAN_EXCHANGE generation=4 phase=cpu_committed copies=complete layer=31 in=40 out=38 slot=5283 host=0x7b8454b9b000
APLAN_EXCHANGE generation=4 phase=cpu_committed copies=complete layer=22 in=61 out=64 slot=5971 host=0x7b8223353000
APLAN_EXCHANGE generation=4 phase=cpu_committed copies=complete layer=26 in=447 out=64 slot=5592 host=0x7b80a1b38800
APLAN_EXCHANGE generation=4 phase=cpu_committed copies=complete layer=38 in=61 out=1 slot=10680 host=0x7b839c67b800
APLAN_EXCHANGE generation=4 phase=cpu_committed copies=complete layer=28 in=486 out=42 slot=6496 host=0x7b80df1d6800
APLAN_EXCHANGE generation=4 phase=cpu_committed copies=complete layer=46 in=212 out=113 slot=5614 host=0x7b82f4a1b000
APLAN_EXCHANGE generation=4 phase=cpu_committed copies=complete layer=10 in=268 out=2 slot=3933 host=0x7b8338f26400
APLAN_EXCHANGE generation=4 phase=cpu_committed copies=complete layer=14 in=163 out=67 slot=1734 host=0x7b82b1f36000
APLAN_EXCHANGE generation=4 phase=cpu_committed copies=complete layer=34 in=502 out=40 slot=7106 host=0x7b80f6d86800
APLAN_EXCHANGE generation=4 phase=cpu_committed copies=complete layer=14 in=289 out=47 slot=9480 host=0x7b815face800
APLAN_EXCHANGE generation=4 phase=cpu_committed copies=complete layer=39 in=426 out=89 slot=10215 host=0x7b8083755800
APLAN_EXCHANGE generation=4 phase=cpu_committed copies=complete layer=31 in=412 out=79 slot=10420 host=0x7b806f2d2800
APLAN_EXCHANGE generation=4 phase=cpu_committed copies=complete layer=3 in=502 out=69 slot=8364 host=0x7b80f5aa1000
APLAN_EXCHANGE generation=4 phase=cpu_committed copies=complete layer=14 in=412 out=110 slot=10620 host=0x7b806e791400
APLAN_EXCHANGE generation=4 phase=cpu_committed copies=complete layer=18 in=495 out=56 slot=2067 host=0x7b80ec03c000
APLAN_EXCHANGE generation=4 phase=cpu_committed copies=complete layer=15 in=20 out=64 slot=8164 host=0x7b83ed192400
APLAN_EXCHANGE generation=4 phase=cpu_committed copies=complete layer=32 in=358 out=20 slot=7410 host=0x7b81bd205800
APLAN_EXCHANGE generation=4 phase=cpu_committed copies=complete layer=5 in=148 out=41 slot=8662 host=0x7b832c7cf000
APLAN_EXCHANGE generation=4 phase=cpu_committed copies=complete layer=36 in=14 out=93 slot=1415 host=0x7b8393e66000
APLAN_EXCHANGE generation=4 phase=cpu_committed copies=complete layer=5 in=86 out=4 slot=5398 host=0x7b8244434c00
APLAN_EXCHANGE generation=4 phase=cpu_committed copies=complete layer=3 in=33 out=35 slot=4867 host=0x7b84000f0c00
APLAN_EXCHANGE generation=4 phase=cpu_committed copies=complete layer=2 in=348 out=64 slot=2876 host=0x7b843659e800
APLAN_MIRROR generation=4 phase=mirror_uploaded entries=24576
APLAN_RESIDENCY upload=4 generation=4 adapt_every=4 adapt_swaps=96 holes=0 first_layer=-1 first_expert=-1 hash=3650661033
APLAN_EXCHANGE generation=5 phase=cpu_committed copies=complete layer=21 in=151 out=45 slot=4484 host=0x7b829f2a0000
APLAN_EXCHANGE generation=5 phase=cpu_committed copies=complete layer=32 in=73 out=21 slot=10092 host=0x7b85127c3c00
APLAN_EXCHANGE generation=5 phase=cpu_committed copies=complete layer=35 in=27 out=24 slot=1794 host=0x7b849fe50c00
APLAN_EXCHANGE generation=5 phase=cpu_committed copies=complete layer=19 in=76 out=78 slot=2841 host=0x7b8238074400
APLAN_EXCHANGE generation=5 phase=cpu_committed copies=complete layer=3 in=133 out=62 slot=9256 host=0x7b82845d1000
APLAN_EXCHANGE generation=5 phase=cpu_committed copies=complete layer=23 in=386 out=60 slot=795 host=0x7b8363c28c00
APLAN_EXCHANGE generation=5 phase=cpu_committed copies=complete layer=23 in=218 out=35 slot=8970 host=0x7b82fbb1e400
APLAN_EXCHANGE generation=5 phase=cpu_committed copies=complete layer=24 in=71 out=55 slot=8612 host=0x7b823163a800
APLAN_EXCHANGE generation=5 phase=cpu_committed copies=complete layer=17 in=49 out=70 slot=5501 host=0x7b8214694c00
APLAN_EXCHANGE generation=5 phase=cpu_committed copies=complete layer=26 in=124 out=5 slot=9648 host=0x7b8277897800
APLAN_EXCHANGE generation=5 phase=cpu_committed copies=complete layer=35 in=76 out=32 slot=7419 host=0x7b8238505000
APLAN_EXCHANGE generation=5 phase=cpu_committed copies=complete layer=19 in=491 out=32 slot=8584 host=0x7b8352c29800
APLAN_EXCHANGE generation=5 phase=cpu_committed copies=complete layer=10 in=447 out=19 slot=7363 host=0x7b80a0e5ac00
APLAN_EXCHANGE generation=5 phase=cpu_committed copies=complete layer=39 in=386 out=0 slot=10685 host=0x7b81e5e57400
APLAN_EXCHANGE generation=5 phase=cpu_committed copies=complete layer=4 in=407 out=29 slot=10589 host=0x7b8200c2cc00
APLAN_EXCHANGE generation=5 phase=cpu_committed copies=complete layer=8 in=504 out=51 slot=5796 host=0x7b8334dd1400
APLAN_EXCHANGE generation=5 phase=cpu_committed copies=complete layer=43 in=383 out=105 slot=1028 host=0x7b8311ada800
APLAN_EXCHANGE generation=5 phase=cpu_committed copies=complete layer=14 in=63 out=86 slot=997 host=0x7b8341202400
APLAN_EXCHANGE generation=5 phase=cpu_committed copies=complete layer=15 in=279 out=37 slot=2244 host=0x7b815239f000
APLAN_EXCHANGE generation=5 phase=cpu_committed copies=complete layer=37 in=402 out=45 slot=3099 host=0x7b85d3c25c00
APLAN_EXCHANGE generation=5 phase=cpu_committed copies=complete layer=10 in=161 out=21 slot=9873 host=0x7b8531e92800
APLAN_EXCHANGE generation=5 phase=cpu_committed copies=complete layer=5 in=249 out=81 slot=10358 host=0x7b81251f7400
APLAN_EXCHANGE generation=5 phase=cpu_committed copies=complete layer=25 in=5 out=50 slot=8558 host=0x7b83d76d1800
APLAN_EXCHANGE generation=5 phase=cpu_committed copies=complete layer=11 in=497 out=5 slot=5956 host=0x7b80ee32bc00
APLAN_EXCHANGE generation=5 phase=cpu_committed copies=complete layer=30 in=206 out=72 slot=1003 host=0x7b85f2c37800
APLAN_EXCHANGE generation=5 phase=cpu_committed copies=complete layer=12 in=166 out=7 slot=5876 host=0x7b82b5b00400
APLAN_EXCHANGE generation=5 phase=cpu_committed copies=complete layer=35 in=168 out=113 slot=365 host=0x7b82b94d6800
APLAN_EXCHANGE generation=5 phase=cpu_committed copies=complete layer=43 in=455 out=31 slot=9005 host=0x7b80b02a4400
APLAN_EXCHANGE generation=5 phase=cpu_committed copies=complete layer=2 in=175 out=55 slot=4184 host=0x7b8471ed7800
APLAN_EXCHANGE generation=5 phase=cpu_committed copies=complete layer=6 in=178 out=46 slot=172 host=0x7b82c485ac00
APLAN_EXCHANGE generation=5 phase=cpu_committed copies=complete layer=34 in=159 out=90 slot=9372 host=0x7b82abea1000
APLAN_EXCHANGE generation=5 phase=cpu_committed copies=complete layer=43 in=422 out=137 slot=3360 host=0x7b8602304c00
APLAN_EXCHANGE generation=5 phase=cpu_committed copies=complete layer=18 in=502 out=48 slot=5422 host=0x7b80f64b6400
APLAN_EXCHANGE generation=5 phase=cpu_committed copies=complete layer=6 in=406 out=65 slot=5483 host=0x7b81ff4f5000
APLAN_EXCHANGE generation=5 phase=cpu_committed copies=complete layer=19 in=168 out=71 slot=3432 host=0x7b82b8cce400
APLAN_EXCHANGE generation=5 phase=cpu_committed copies=complete layer=41 in=464 out=44 slot=1698 host=0x7b85171c9c00
APLAN_EXCHANGE generation=5 phase=cpu_committed copies=complete layer=34 in=466 out=42 slot=2365 host=0x7b80c0c0c000
APLAN_EXCHANGE generation=5 phase=cpu_committed copies=complete layer=4 in=387 out=84 slot=5555 host=0x7b81e65aa400
APLAN_EXCHANGE generation=5 phase=cpu_committed copies=complete layer=38 in=449 out=32 slot=4562 host=0x7b80a614a000
APLAN_EXCHANGE generation=5 phase=cpu_committed copies=complete layer=41 in=182 out=16 slot=1331 host=0x7b82cc81d000
APLAN_EXCHANGE generation=5 phase=cpu_committed copies=complete layer=7 in=412 out=37 slot=3986 host=0x7b8478499800
APLAN_EXCHANGE generation=5 phase=cpu_committed copies=complete layer=31 in=41 out=13 slot=8389 host=0x7b820b075800
APLAN_EXCHANGE generation=5 phase=cpu_committed copies=complete layer=5 in=360 out=28 slot=10740 host=0x7b832cfdd800
APLAN_EXCHANGE generation=5 phase=cpu_committed copies=complete layer=23 in=426 out=78 slot=169 host=0x7b8082fab000
APLAN_EXCHANGE generation=5 phase=cpu_committed copies=complete layer=32 in=67 out=35 slot=549 host=0x7b8498eb1c00
APLAN_EXCHANGE generation=5 phase=cpu_committed copies=complete layer=44 in=77 out=88 slot=9678 host=0x7b8239beb800
APLAN_EXCHANGE generation=5 phase=cpu_committed copies=complete layer=30 in=289 out=34 slot=8060 host=0x7b81603f0000
APLAN_EXCHANGE generation=5 phase=cpu_committed copies=complete layer=42 in=34 out=46 slot=8861 host=0x7b840234a800
APLAN_EXCHANGE generation=5 phase=cpu_committed copies=complete layer=43 in=334 out=45 slot=8572 host=0x7b819c889800
APLAN_EXCHANGE generation=5 phase=cpu_committed copies=complete layer=43 in=384 out=85 slot=23 host=0x7b8568747000
APLAN_EXCHANGE generation=5 phase=cpu_committed copies=complete layer=37 in=330 out=62 slot=4561 host=0x7b819773d000
APLAN_EXCHANGE generation=5 phase=cpu_committed copies=complete layer=12 in=486 out=24 slot=3324 host=0x7b80de996000
APLAN_EXCHANGE generation=5 phase=cpu_committed copies=complete layer=23 in=326 out=4 slot=165 host=0x7b819182b800
APLAN_EXCHANGE generation=5 phase=cpu_committed copies=complete layer=16 in=67 out=65 slot=6368 host=0x7b83477d7000
APLAN_EXCHANGE generation=5 phase=cpu_committed copies=complete layer=16 in=176 out=35 slot=1286 host=0x7b82c2076400
APLAN_EXCHANGE generation=5 phase=cpu_committed copies=complete layer=9 in=5 out=41 slot=622 host=0x7b83d7102000
APLAN_EXCHANGE generation=5 phase=cpu_committed copies=complete layer=24 in=314 out=53 slot=5821 host=0x7b858e52f800
APLAN_EXCHANGE generation=5 phase=cpu_committed copies=complete layer=34 in=311 out=81 slot=9989 host=0x7b817b494400
APLAN_EXCHANGE generation=5 phase=cpu_committed copies=complete layer=3 in=166 out=15 slot=10034 host=0x7b82b5712000
APLAN_EXCHANGE generation=5 phase=cpu_committed copies=complete layer=44 in=68 out=6 slot=8007 host=0x7b822dbfa000
APLAN_EXCHANGE generation=5 phase=cpu_committed copies=complete layer=1 in=99 out=33 slot=5545 host=0x7b831f66f000
APLAN_EXCHANGE generation=5 phase=cpu_committed copies=complete layer=3 in=179 out=67 slot=3804 host=0x7b82c5be2c00
APLAN_EXCHANGE generation=5 phase=cpu_committed copies=complete layer=2 in=108 out=28 slot=1100 host=0x7b8407f49000
APLAN_EXCHANGE generation=5 phase=cpu_committed copies=complete layer=44 in=509 out=120 slot=1029 host=0x7b80ff7af400
APLAN_EXCHANGE generation=5 phase=cpu_committed copies=complete layer=38 in=505 out=11 slot=2022 host=0x7b839fee1000
APLAN_EXCHANGE generation=5 phase=cpu_committed copies=complete layer=47 in=93 out=36 slot=3915 host=0x7b85b9238400
APLAN_EXCHANGE generation=5 phase=cpu_committed copies=complete layer=16 in=118 out=70 slot=7168 host=0x7b858a9b0400
APLAN_EXCHANGE generation=5 phase=cpu_committed copies=complete layer=2 in=178 out=92 slot=8826 host=0x7b8584fd8400
APLAN_EXCHANGE generation=5 phase=cpu_committed copies=complete layer=34 in=495 out=48 slot=7215 host=0x7b80ec85d400
APLAN_EXCHANGE generation=5 phase=cpu_committed copies=complete layer=37 in=74 out=77 slot=7112 host=0x7b8235abc000
APLAN_EXCHANGE generation=5 phase=cpu_committed copies=complete layer=27 in=158 out=66 slot=5201 host=0x7b8537b0d800
APLAN_EXCHANGE generation=5 phase=cpu_committed copies=complete layer=6 in=232 out=131 slot=6548 host=0x7b810e00b400
APLAN_EXCHANGE generation=5 phase=cpu_committed copies=complete layer=13 in=92 out=2 slot=4140 host=0x7b824b664000
APLAN_EXCHANGE generation=5 phase=cpu_committed copies=complete layer=37 in=151 out=53 slot=1253 host=0x7b829fc19000
APLAN_EXCHANGE generation=5 phase=cpu_committed copies=complete layer=22 in=449 out=22 slot=6289 host=0x7b844a539400
APLAN_EXCHANGE generation=5 phase=cpu_committed copies=complete layer=23 in=329 out=6 slot=985 host=0x7b844b70bc00
APLAN_EXCHANGE generation=5 phase=cpu_committed copies=complete layer=16 in=342 out=11 slot=395 host=0x7b81a6100c00
APLAN_EXCHANGE generation=5 phase=cpu_committed copies=complete layer=43 in=242 out=145 slot=9602 host=0x7b859c516400
APLAN_EXCHANGE generation=5 phase=cpu_committed copies=complete layer=15 in=49 out=60 slot=6854 host=0x7b84d1842c00
APLAN_EXCHANGE generation=5 phase=cpu_committed copies=complete layer=20 in=303 out=105 slot=7493 host=0x7b8171aac400
APLAN_EXCHANGE generation=5 phase=cpu_committed copies=complete layer=42 in=251 out=67 slot=2482 host=0x7b859bb58800
APLAN_EXCHANGE generation=5 phase=cpu_committed copies=complete layer=27 in=441 out=65 slot=8677 host=0x7b809a26b800
APLAN_EXCHANGE generation=5 phase=cpu_committed copies=complete layer=15 in=421 out=98 slot=1156 host=0x7b807bb17400
APLAN_EXCHANGE generation=5 phase=cpu_committed copies=complete layer=27 in=109 out=74 slot=9361 host=0x7b858fd6dc00
APLAN_EXCHANGE generation=5 phase=cpu_committed copies=complete layer=19 in=151 out=91 slot=8640 host=0x7b8415a9f000
APLAN_EXCHANGE generation=5 phase=cpu_committed copies=complete layer=36 in=303 out=120 slot=7989 host=0x7b81722ae400
APLAN_EXCHANGE generation=5 phase=cpu_committed copies=complete layer=25 in=99 out=33 slot=9420 host=0x7b8255cf7c00
APLAN_EXCHANGE generation=5 phase=cpu_committed copies=complete layer=19 in=178 out=34 slot=5100 host=0x7b82c4db9c00
APLAN_EXCHANGE generation=5 phase=cpu_committed copies=complete layer=35 in=153 out=36 slot=1507 host=0x7b82a1bc9800
APLAN_EXCHANGE generation=5 phase=cpu_committed copies=complete layer=42 in=422 out=73 slot=10332 host=0x7b83b36d7800
APLAN_EXCHANGE generation=5 phase=cpu_committed copies=complete layer=12 in=302 out=53 slot=8836 host=0x7b8532e4b800
APLAN_EXCHANGE generation=5 phase=cpu_committed copies=complete layer=23 in=339 out=102 slot=10401 host=0x7b844bc64800
APLAN_EXCHANGE generation=5 phase=cpu_committed copies=complete layer=16 in=122 out=43 slot=2421 host=0x7b8274934400
APLAN_EXCHANGE generation=5 phase=cpu_committed copies=complete layer=32 in=464 out=16 slot=706 host=0x7b80bd8d3800
APLAN_EXCHANGE generation=5 phase=cpu_committed copies=complete layer=7 in=55 out=39 slot=3868 host=0x7b821b478000
APLAN_EXCHANGE generation=5 phase=cpu_committed copies=complete layer=6 in=389 out=57 slot=2276 host=0x7b847732b000
APLAN_MIRROR generation=5 phase=mirror_uploaded entries=24576
APLAN_RESIDENCY upload=5 generation=5 adapt_every=4 adapt_swaps=96 holes=0 first_layer=-1 first_expert=-1 hash=2023058211
APLAN_EXCHANGE generation=6 phase=cpu_committed copies=complete layer=32 in=84 out=17 slot=362 host=0x7b8242972c00
APLAN_EXCHANGE generation=6 phase=cpu_committed copies=complete layer=35 in=245 out=116 slot=9992 host=0x7b842425c000
APLAN_EXCHANGE generation=6 phase=cpu_committed copies=complete layer=41 in=364 out=87 slot=6111 host=0x7b8506b49c00
APLAN_EXCHANGE generation=6 phase=cpu_committed copies=complete layer=35 in=255 out=91 slot=9184 host=0x7b812f4b5c00
APLAN_EXCHANGE generation=6 phase=cpu_committed copies=complete layer=43 in=46 out=76 slot=2195 host=0x7b842d862400
APLAN_EXCHANGE generation=6 phase=cpu_committed copies=complete layer=12 in=298 out=73 slot=10492 host=0x7b816b17f400
APLAN_EXCHANGE generation=6 phase=cpu_committed copies=complete layer=31 in=12 out=58 slot=190 host=0x7b8496918c00
APLAN_EXCHANGE generation=6 phase=cpu_committed copies=complete layer=35 in=262 out=130 slot=977 host=0x7b84a1311400
APLAN_EXCHANGE generation=6 phase=cpu_committed copies=complete layer=30 in=254 out=44 slot=532 host=0x7b8592ea5c00
APLAN_EXCHANGE generation=6 phase=cpu_committed copies=complete layer=30 in=292 out=55 slot=5757 host=0x7b841f555400
APLAN_EXCHANGE generation=6 phase=cpu_committed copies=complete layer=37 in=79 out=32 slot=6103 host=0x7b842621f400
APLAN_EXCHANGE generation=6 phase=cpu_committed copies=complete layer=31 in=283 out=1 slot=2568 host=0x7b85f416ec00
APLAN_EXCHANGE generation=6 phase=cpu_committed copies=complete layer=16 in=256 out=17 slot=382 host=0x7b81306d9800
APLAN_EXCHANGE generation=6 phase=cpu_committed copies=complete layer=18 in=0 out=37 slot=2318 host=0x7b84d6bd4800
APLAN_EXCHANGE generation=6 phase=cpu_committed copies=complete layer=19 in=271 out=11 slot=8519 host=0x7b8351555c00
APLAN_EXCHANGE generation=6 phase=cpu_committed copies=complete layer=28 in=166 out=85 slot=10524 host=0x7b82b6421c00
APLAN_EXCHANGE generation=6 phase=cpu_committed copies=complete layer=22 in=172 out=3 slot=1990 host=0x7b855c15a400
APLAN_EXCHANGE generation=6 phase=cpu_committed copies=complete layer=44 in=181 out=129 slot=6331 host=0x7b84b2a4a800
APLAN_EXCHANGE generation=6 phase=cpu_committed copies=complete layer=3 in=441 out=32 slot=10737 host=0x7b85425b5000
APLAN_EXCHANGE generation=6 phase=cpu_committed copies=complete layer=22 in=72 out=1 slot=7835 host=0x7b854957fc00
APLAN_EXCHANGE generation=6 phase=cpu_committed copies=complete layer=31 in=486 out=85 slot=1811 host=0x7b8380f26c00
APLAN_EXCHANGE generation=6 phase=cpu_committed copies=complete layer=27 in=379 out=35 slot=7632 host=0x7b84905f3800
APLAN_EXCHANGE generation=6 phase=cpu_committed copies=complete layer=11 in=379 out=20 slot=8692 host=0x7b840faf7800
APLAN_EXCHANGE generation=6 phase=cpu_committed copies=complete layer=27 in=154 out=39 slot=4357 host=0x7b82a2fa2c00
APLAN_EXCHANGE generation=6 phase=cpu_committed copies=complete layer=46 in=323 out=73 slot=177 host=0x7b846ec47c00
APLAN_EXCHANGE generation=6 phase=cpu_committed copies=complete layer=30 in=36 out=73 slot=7861 host=0x7b84edf9b800
APLAN_EXCHANGE generation=6 phase=cpu_committed copies=complete layer=13 in=465 out=4 slot=3232 host=0x7b80be65a000
APLAN_EXCHANGE generation=6 phase=cpu_committed copies=complete layer=43 in=60 out=118 slot=620 host=0x7b8601377800
APLAN_EXCHANGE generation=6 phase=cpu_committed copies=complete layer=40 in=40 out=96 slot=929 host=0x7b84294dac00
APLAN_EXCHANGE generation=6 phase=cpu_committed copies=complete layer=46 in=291 out=38 slot=8136 host=0x7b846ea66800
APLAN_EXCHANGE generation=6 phase=cpu_committed copies=complete layer=27 in=470 out=63 slot=2017 host=0x7b84e8f3c800
APLAN_EXCHANGE generation=6 phase=cpu_committed copies=complete layer=18 in=244 out=33 slot=9880 host=0x7b85c4791400
APLAN_EXCHANGE generation=6 phase=cpu_committed copies=complete layer=33 in=505 out=31 slot=8813 host=0x7b85f773dc00
APLAN_EXCHANGE generation=6 phase=cpu_committed copies=complete layer=45 in=49 out=9 slot=9008 host=0x7b85da313c00
APLAN_EXCHANGE generation=6 phase=cpu_committed copies=complete layer=15 in=399 out=32 slot=329 host=0x7b8482952400
APLAN_EXCHANGE generation=6 phase=cpu_committed copies=complete layer=4 in=306 out=30 slot=8911 host=0x7b8174f29c00
APLAN_EXCHANGE generation=6 phase=cpu_committed copies=complete layer=16 in=42 out=21 slot=5183 host=0x7b820c361400
APLAN_EXCHANGE generation=6 phase=cpu_committed copies=complete layer=20 in=164 out=59 slot=9412 host=0x7b82b38fe000
APLAN_EXCHANGE generation=6 phase=cpu_committed copies=complete layer=34 in=244 out=45 slot=10669 host=0x7b845ad49400
APLAN_EXCHANGE generation=6 phase=cpu_committed copies=complete layer=47 in=26 out=0 slot=5920 host=0x7b83f8341c00
APLAN_EXCHANGE generation=6 phase=cpu_committed copies=complete layer=29 in=465 out=13 slot=4972 host=0x7b8378982400
APLAN_EXCHANGE generation=6 phase=cpu_committed copies=complete layer=11 in=269 out=24 slot=5321 host=0x7b843f0a2000
APLAN_EXCHANGE generation=6 phase=cpu_committed copies=complete layer=28 in=399 out=26 slot=10194 host=0x7b849235ec00
APLAN_EXCHANGE generation=6 phase=cpu_committed copies=complete layer=41 in=224 out=85 slot=3613 host=0x7b830a973400
APLAN_EXCHANGE generation=6 phase=cpu_committed copies=complete layer=40 in=70 out=29 slot=4092 host=0x7b8567009000
APLAN_EXCHANGE generation=6 phase=cpu_committed copies=complete layer=14 in=87 out=23 slot=6273 host=0x7b8245d15800
APLAN_EXCHANGE generation=6 phase=cpu_committed copies=complete layer=3 in=147 out=39 slot=10587 host=0x7b82987f5c00
APLAN_EXCHANGE generation=6 phase=cpu_committed copies=complete layer=33 in=148 out=43 slot=7640 host=0x7b849cf96400
APLAN_EXCHANGE generation=6 phase=cpu_committed copies=complete layer=32 in=200 out=43 slot=1995 host=0x7b82e506c400
APLAN_EXCHANGE generation=6 phase=cpu_committed copies=complete layer=7 in=30 out=22 slot=2716 host=0x7b83fc8b0c00
APLAN_EXCHANGE generation=6 phase=cpu_committed copies=complete layer=1 in=93 out=78 slot=9393 host=0x7b8584307000
APLAN_EXCHANGE generation=6 phase=cpu_committed copies=complete layer=27 in=269 out=20 slot=9653 host=0x7b85764cf800
APLAN_EXCHANGE generation=6 phase=cpu_committed copies=complete layer=42 in=206 out=59 slot=10446 host=0x7b82ed0f0400
APLAN_EXCHANGE generation=6 phase=cpu_committed copies=complete layer=34 in=395 out=101 slot=9239 host=0x7b8563ee3c00
APLAN_EXCHANGE generation=6 phase=cpu_committed copies=complete layer=14 in=419 out=55 slot=4745 host=0x7b8570909c00
APLAN_EXCHANGE generation=6 phase=cpu_committed copies=complete layer=45 in=72 out=56 slot=3565 host=0x7b84b3c87400
APLAN_EXCHANGE generation=6 phase=cpu_committed copies=complete layer=45 in=180 out=84 slot=1485 host=0x7b82c8d4cc00
APLAN_EXCHANGE generation=6 phase=cpu_committed copies=complete layer=43 in=449 out=161 slot=1233 host=0x7b80a66d4c00
APLAN_EXCHANGE generation=6 phase=cpu_committed copies=complete layer=9 in=207 out=30 slot=1927 host=0x7b8335d77800
APLAN_EXCHANGE generation=6 phase=cpu_committed copies=complete layer=22 in=505 out=13 slot=8542 host=0x7b835edbdc00
APLAN_EXCHANGE generation=6 phase=cpu_committed copies=complete layer=44 in=303 out=125 slot=5611 host=0x7b8581006c00
APLAN_EXCHANGE generation=6 phase=cpu_committed copies=complete layer=11 in=158 out=54 slot=9153 host=0x7b85e5d10400
APLAN_EXCHANGE generation=6 phase=cpu_committed copies=complete layer=2 in=124 out=3 slot=9939 host=0x7b8584c47c00
APLAN_EXCHANGE generation=6 phase=cpu_committed copies=complete layer=9 in=61 out=33 slot=9705 host=0x7b8222ad4000
APLAN_EXCHANGE generation=6 phase=cpu_committed copies=complete layer=25 in=19 out=42 slot=166 host=0x7b83eb6e3000
APLAN_EXCHANGE generation=6 phase=cpu_committed copies=complete layer=3 in=87 out=86 slot=2127 host=0x7b8245bd6c00
APLAN_EXCHANGE generation=6 phase=cpu_committed copies=complete layer=10 in=456 out=56 slot=4535 host=0x7b80b0d23c00
APLAN_EXCHANGE generation=6 phase=cpu_committed copies=complete layer=36 in=164 out=33 slot=2698 host=0x7b82b424b400
APLAN_EXCHANGE generation=6 phase=cpu_committed copies=complete layer=42 in=74 out=4 slot=9092 host=0x7b8235e97800
APLAN_EXCHANGE generation=6 phase=cpu_committed copies=complete layer=25 in=227 out=53 slot=2468 host=0x7b81064e0000
APLAN_EXCHANGE generation=6 phase=cpu_committed copies=complete layer=47 in=380 out=112 slot=104 host=0x7b846fa38800
APLAN_EXCHANGE generation=6 phase=cpu_committed copies=complete layer=26 in=145 out=2 slot=2901 host=0x7b8296c1a800
APLAN_EXCHANGE generation=6 phase=cpu_committed copies=complete layer=19 in=252 out=67 slot=2804 host=0x7b8535361400
APLAN_EXCHANGE generation=6 phase=cpu_committed copies=complete layer=1 in=203 out=24 slot=7343 host=0x7b852fae7400
APLAN_EXCHANGE generation=6 phase=cpu_committed copies=complete layer=38 in=498 out=47 slot=4221 host=0x7b850645ac00
APLAN_EXCHANGE generation=6 phase=cpu_committed copies=complete layer=35 in=352 out=123 slot=1964 host=0x7b81b50b9800
APLAN_EXCHANGE generation=6 phase=cpu_committed copies=complete layer=24 in=297 out=39 slot=10513 host=0x7b816a1f2000
APLAN_EXCHANGE generation=6 phase=cpu_committed copies=complete layer=42 in=292 out=104 slot=1401 host=0x7b8164376800
APLAN_EXCHANGE generation=6 phase=cpu_committed copies=complete layer=11 in=52 out=7 slot=6356 host=0x7b8217293400
APLAN_EXCHANGE generation=6 phase=cpu_committed copies=complete layer=43 in=419 out=24 slot=10447 host=0x7b83bcf74400
APLAN_EXCHANGE generation=6 phase=cpu_committed copies=complete layer=12 in=425 out=74 slot=2063 host=0x7b847e598c00
APLAN_EXCHANGE generation=6 phase=cpu_committed copies=complete layer=3 in=177 out=36 slot=10352 host=0x7b82c2c98800
APLAN_EXCHANGE generation=6 phase=cpu_committed copies=complete layer=20 in=16 out=18 slot=8585 host=0x7b83e5e17c00
APLAN_EXCHANGE generation=6 phase=cpu_committed copies=complete layer=25 in=478 out=88 slot=5981 host=0x7b836bf5c400
APLAN_EXCHANGE generation=6 phase=cpu_committed copies=complete layer=28 in=425 out=110 slot=8189 host=0x7b84ead5d000
APLAN_EXCHANGE generation=6 phase=cpu_committed copies=complete layer=16 in=44 out=0 slot=6276 host=0x7b820eb8a800
APLAN_EXCHANGE generation=6 phase=cpu_committed copies=complete layer=9 in=228 out=56 slot=10750 host=0x7b843d0cc000
APLAN_EXCHANGE generation=6 phase=cpu_committed copies=complete layer=21 in=486 out=29 slot=9887 host=0x7b80dec5e800
APLAN_EXCHANGE generation=6 phase=cpu_committed copies=complete layer=35 in=64 out=10 slot=347 host=0x7b84fbc8e000
APLAN_EXCHANGE generation=6 phase=cpu_committed copies=complete layer=42 in=500 out=142 slot=8626 host=0x7b80f3ff1c00
APLAN_EXCHANGE generation=6 phase=cpu_committed copies=complete layer=4 in=503 out=51 slot=4463 host=0x7b832b9f1000
APLAN_EXCHANGE generation=6 phase=cpu_committed copies=complete layer=18 in=475 out=95 slot=4960 host=0x7b850e17a000
APLAN_EXCHANGE generation=6 phase=cpu_committed copies=complete layer=28 in=298 out=18 slot=3146 host=0x7b816bd75c00
APLAN_EXCHANGE generation=6 phase=cpu_committed copies=complete layer=22 in=389 out=47 slot=3953 host=0x7b841923c800
APLAN_EXCHANGE generation=6 phase=cpu_committed copies=complete layer=38 in=389 out=12 slot=9245 host=0x7b81e967e400
APLAN_EXCHANGE generation=6 phase=cpu_committed copies=complete layer=2 in=478 out=86 slot=5548 host=0x7b832368b800
APLAN_MIRROR generation=6 phase=mirror_uploaded entries=24576
APLAN_RESIDENCY upload=6 generation=6 adapt_every=4 adapt_swaps=96 holes=0 first_layer=-1 first_expert=-1 hash=908672095
strata decode timing: 26 windows, avg T 2.69, 2.46 tokens/window, 144.96 ms/window = verify 121.59 (GPU-reach wait 100.51 + per-layer host 14.32 [plan 0.11 actq 0.31 jobs 0.30 CPU 13.54] + stage 0.33) + commit/emit 1.64 + draft 21.61; per layer-window: CPU experts 4.07 (6.38 entries), VRAM hits 19.61, PCIe 0.86
strata serve: prompt 65 tokens = 0 reused + 65 read in 2593 ms (25.1 tok/s), 64 generated in 3769 ms (17.0 tok/s), drafts accepted 39 of 44, 1 checkpoints
strata serve: decode expert cache hit rate: 75.5% (24479 hits / 32443 lookups); 1157 more read by the GPU over PCIe or from another GPU (3.4% of all 33600 routed)
strata serve: KV streaming: 98.55% of 27396 block reads hit VRAM, 1.6 MiB read from RAM
strata serve: suffix drafts: 1 windows, 5 of 5 drafts accepted
strata generate: this CPU has no AVX-512: the expert kernels run on AVX-2 (multi-token for the i-quant gate/up rows)
strata generate: native pack: /work/data/packs/swift-iq3_xxs experts (largest blob 2.33 MB), token embedding IQ3_S in mapped host memory (260 MiB)
strata generate: 1466 MiB of weights loaded from /work/data/packs/swift-iq3_xxs (302 canonical tensors skipped: served natively)
strata generate: 300 native projection matrices, 1781.11 MiB of weights
strata generate: the SSD is kept awake while rows are read: one page of the table after 100 ms without a read, until 60 s after the last request (STRATA_SSD_KEEPALIVE=0 turns it off)
strata generate: profile /work/Strata/data/expert-profile.bin: 24576 ranked pairs, built for 24576 slots
strata generate: KV streaming: 32768 of 131072 cells per QSA layer in VRAM, the K/V in 1.55 GiB of pinned RAM
strata generate: PLE on, table 320001536 rows of /work/data/models/swift-IQ3_XXS/Swift-Qwen3.8-Flash-Next-GSQ-RCO-IQ3_XXS-00001-of-00002.gguf
strata mtp: draft layer loaded, 835 MiB of VRAM (experts 675, dense 111), files read in 0.32 s (2471 MiB/s)
strata generate: experimental native Q5_K head, 437043200 bytes
strata generate: GPU 0: Intel(R) Arc(TM) Pro B60 Graphics, compute capability 20.1
strata generate: WARNING: this engine was compiled with CUDA 12.8 headers but loaded a CUDA 0.2 runtime (libcudart): GPU properties can read wrong and some kernels go unused. Rebuild it against one toolkit (cmake -DCUDAToolkit_ROOT=<the toolkit>, with its libcudart.so present) (#542)
strata generate: experts streamed from the GGUF on demand (--stream-experts): no host arena; every expert must fit the VRAM cache
strata generate: expert cache 10831 slots, 17.57 GiB of VRAM; policy is
strata generate: the GPU computes the experts in the cache; it rounds differently from the CPU,
                 so a reply can differ slightly from a run without the cache (same quality:
                 bench/results/2026-09-27-cache-parity).
                 PROFILE, ranked by routing frequency, no eviction.
strata generate: profile fill: 17.57 GiB in 4.3 s (4.42 GB/s, pipelined)
strata generate: pre-filled 10831 of 10831 slots from the profile; slot 0 verified
strata generate: 13745 of 13745 experts missing from VRAM mirrored in pinned host memory (22.40 GiB, 7.7 s); the GPU reads them over PCIe
strata generate: R4 hit path ON - resident experts are computed on the GPU
strata generate: 13 expert-pool workers + the host thread
strata generate: session is up (engine 0.1.39-sycl)
strata generate: token graph hit path: 10831 resident experts, decided on the device
strata serve: the prompt path borrows 1174 CUDA0 cache slots (1.92 GiB)
strata verify trace (#649): on
APLAN_CONFIG device_plan=1 split=0 pcie_mode=0 diag_bytes=16128 A=ZE_BIAS_UNCACHED B=ZE_BIAS_UNCACHED M=ZE_BIAS_UNCACHED seq=ZE_BIAS_UNCACHED plan=ZE_BIAS_UNCACHED diag=ZE_BIAS_UNCACHED
strata verify: window up to 6 tokens, 69.6 MiB of device buffers
strata mtp: draft head over 106299 tokens (178.4 MiB)
strata serve: 655 MiB of VRAM free with everything loaded
strata verify: captured the 6-token window (upload <FIXME: Placeholder>, sync <FIXME: Placeholder>)
APLAN_WINDOW generation=1 T=6 pos=0 failure=0 queues=completed
APLAN ring=1 generation=1 entered=1 decision=1 skip_written=1 n=60 shared_bad=0 res=ffffe38fb58a8000 mirror=ffffe38fa9a10000 hash=3585813190 invalid=0 missing=0 resident=48 mirrored=12 bad_i=-1 bad_e=-1 bad_slot=-1 copy=2 host_seq=1/1/1 host_ns=235438954676142/235438954777982/235438954778015/235438955997869 host_counts=43/50/2 dma=0 A=1/1/1/1/0/1 B=1/1/1/1/0/1 M=1/1/1/1/0/1
APLAN ring=2 generation=1 entered=2 decision=1 skip_written=2 n=60 shared_bad=0 res=ffffe38fb58a8800 mirror=ffffe38fa9a11000 hash=3357569161 invalid=0 missing=0 resident=48 mirrored=12 bad_i=-1 bad_e=-1 bad_slot=-1 copy=2 host_seq=2/2/2 host_ns=235438962499098/235438962509976/235438962510003/235438963169040 host_counts=27/50/2 dma=0 A=2/2/2/2/0/2 B=2/2/2/2/0/2 M=2/2/2/2/0/2
APLAN ring=3 generation=1 entered=3 decision=1 skip_written=3 n=60 shared_bad=0 res=ffffe38fb58a9000 mirror=ffffe38fa9a12000 hash=3789928169 invalid=0 missing=0 resident=38 mirrored=22 bad_i=-1 bad_e=-1 bad_slot=-1 copy=2 host_seq=3/3/3 host_ns=235438966696753/235438966703676/235438966703701/235438967823095 host_counts=25/42/3 dma=0 A=3/3/3/3/0/3 B=3/3/3/3/0/3 M=3/3/3/3/0/3
APLAN ring=4 generation=1 entered=4 decision=1 skip_written=4 n=60 shared_bad=0 res=ffffe38fb58a9800 mirror=ffffe38fa9a13000 hash=1744123827 invalid=0 missing=0 resident=46 mirrored=14 bad_i=-1 bad_e=-1 bad_slot=-1 copy=2 host_seq=4/4/4 host_ns=235438973739910/235438973749167/235438973749182/235438974326804 host_counts=21/50/3 dma=0 A=4/4/4/4/0/4 B=4/4/4/4/0/4 M=4/4/4/4/0/4
APLAN ring=5 generation=1 entered=5 decision=1 skip_written=5 n=60 shared_bad=0 res=ffffe38fb58aa000 mirror=ffffe38fa9a14000 hash=782396934 invalid=0 missing=0 resident=40 mirrored=20 bad_i=-1 bad_e=-1 bad_slot=-1 copy=2 host_seq=5/5/5 host_ns=235438978551670/235438978559016/235438978559033/235438979571481 host_counts=22/45/4 dma=0 A=5/5/5/5/0/5 B=5/5/5/5/0/5 M=5/5/5/5/0/5
APLAN ring=6 generation=1 entered=6 decision=1 skip_written=6 n=60 shared_bad=0 res=ffffe38fb58aa800 mirror=ffffe38fa9a15000 hash=1479763554 invalid=0 missing=0 resident=44 mirrored=16 bad_i=-1 bad_e=-1 bad_slot=-1 copy=2 host_seq=6/6/6 host_ns=235438985824928/235438985839053/235438985839111/235438986515900 host_counts=33/47/3 dma=0 A=6/6/6/6/0/6 B=6/6/6/6/0/6 M=6/6/6/6/0/6
APLAN ring=7 generation=1 entered=7 decision=1 skip_written=7 n=60 shared_bad=0 res=ffffe38fb58ab000 mirror=ffffe38fa9a16000 hash=3363872902 invalid=0 missing=0 resident=38 mirrored=22 bad_i=-1 bad_e=-1 bad_slot=-1 copy=2 host_seq=7/7/7 host_ns=235438990637730/235438990645095/235438990645113/235438991475653 host_counts=27/41/3 dma=0 A=7/7/7/7/0/7 B=7/7/7/7/0/7 M=7/7/7/7/0/7
APLAN ring=8 generation=1 entered=8 decision=1 skip_written=8 n=60 shared_bad=0 res=ffffe38fb58ab800 mirror=ffffe38fa9a17000 hash=3043208864 invalid=0 missing=0 resident=34 mirrored=26 bad_i=-1 bad_e=-1 bad_slot=-1 copy=2 host_seq=8/8/8 host_ns=235438995784738/235438995791729/235438995791874/235438996471377 host_counts=26/40/3 dma=0 A=8/8/8/8/0/8 B=8/8/8/8/0/8 M=8/8/8/8/0/8
APLAN ring=9 generation=1 entered=9 decision=1 skip_written=9 n=60 shared_bad=0 res=ffffe38fb58ac000 mirror=ffffe38fa9a18000 hash=3508078949 invalid=0 missing=0 resident=34 mirrored=26 bad_i=-1 bad_e=-1 bad_slot=-1 copy=2 host_seq=9/9/9 host_ns=235439000345492/235439000353170/235439000353303/235439001276368 host_counts=17/40/3 dma=0 A=9/9/9/9/0/9 B=9/9/9/9/0/9 M=9/9/9/9/0/9
APLAN ring=10 generation=1 entered=10 decision=1 skip_written=10 n=60 shared_bad=0 res=ffffe38fb58ac800 mirror=ffffe38fa9a19000 hash=3143206364 invalid=0 missing=0 resident=36 mirrored=24 bad_i=-1 bad_e=-1 bad_slot=-1 copy=2 host_seq=10/10/10 host_ns=235439006467231/235439006474529/235439006474546/235439007450800 host_counts=22/43/5 dma=0 A=10/10/10/10/0/10 B=10/10/10/10/0/10 M=10/10/10/10/0/10
APLAN ring=11 generation=1 entered=11 decision=1 skip_written=11 n=60 shared_bad=0 res=ffffe38fb58ad000 mirror=ffffe38fa9a1a000 hash=744632490 invalid=0 missing=0 resident=31 mirrored=29 bad_i=-1 bad_e=-1 bad_slot=-1 copy=2 host_seq=11/11/11 host_ns=235439012983167/235439012989338/235439012989434/235439013957130 host_counts=18/37/5 dma=0 A=11/11/11/11/0/11 B=11/11/11/11/0/11 M=11/11/11/11/0/11
APLAN ring=12 generation=1 entered=12 decision=1 skip_written=12 n=60 shared_bad=0 res=ffffe38fb58ad800 mirror=ffffe38fa9a1b000 hash=2723594351 invalid=0 missing=0 resident=31 mirrored=29 bad_i=-1 bad_e=-1 bad_slot=-1 copy=2 host_seq=12/12/12 host_ns=235439019557133/235439019563215/235439019563264/235439020373402 host_counts=18/39/5 dma=0 A=12/12/12/12/0/12 B=12/12/12/12/0/12 M=12/12/12/12/0/12
APLAN ring=13 generation=1 entered=13 decision=1 skip_written=13 n=60 shared_bad=0 res=ffffe38fb58ae000 mirror=ffffe38fa9a1c000 hash=2780217314 invalid=0 missing=0 resident=31 mirrored=29 bad_i=-1 bad_e=-1 bad_slot=-1 copy=2 host_seq=13/13/13 host_ns=235439026016628/235439026022659/235439026022679/235439026851598 host_counts=19/39/5 dma=0 A=13/13/13/13/0/13 B=13/13/13/13/0/13 M=13/13/13/13/0/13
APLAN ring=14 generation=1 entered=14 decision=1 skip_written=14 n=60 shared_bad=0 res=ffffe38fb58ae800 mirror=ffffe38fa9a1d000 hash=3246264675 invalid=0 missing=0 resident=32 mirrored=28 bad_i=-1 bad_e=-1 bad_slot=-1 copy=2 host_seq=14/14/14 host_ns=235439032853272/235439032859285/235439032859307/235439033696964 host_counts=17/37/5 dma=0 A=14/14/14/14/0/14 B=14/14/14/14/0/14 M=14/14/14/14/0/14
APLAN ring=15 generation=1 entered=15 decision=1 skip_written=15 n=60 shared_bad=0 res=ffffe38fb58af000 mirror=ffffe38fa9a1e000 hash=67116054 invalid=0 missing=0 resident=29 mirrored=31 bad_i=-1 bad_e=-1 bad_slot=-1 copy=2 host_seq=15/15/15 host_ns=235439038806159/235439038813456/235439038813476/235439040181289 host_counts=19/34/5 dma=0 A=15/15/15/15/0/15 B=15/15/15/15/0/15 M=15/15/15/15/0/15
APLAN ring=16 generation=1 entered=16 decision=1 skip_written=16 n=60 shared_bad=0 res=ffffe38fb58af800 mirror=ffffe38fa9a1f000 hash=1269901263 invalid=0 missing=0 resident=25 mirrored=35 bad_i=-1 bad_e=-1 bad_slot=-1 copy=2 host_seq=16/16/16 host_ns=235439046351075/235439046356569/235439046356586/235439047718817 host_counts=13/32/6 dma=0 A=16/16/16/16/0/16 B=16/16/16/16/0/16 M=16/16/16/16/0/16
APLAN ring=17 generation=1 entered=17 decision=1 skip_written=17 n=60 shared_bad=0 res=ffffe38fb58b0000 mirror=ffffe38fa9a20000 hash=1955082309 invalid=0 missing=0 resident=38 mirrored=22 bad_i=-1 bad_e=-1 bad_slot=-1 copy=2 host_seq=17/17/17 host_ns=235439054880505/235439054885833/235439054885924/235439055629891 host_counts=19/41/3 dma=0 A=17/17/17/17/0/17 B=17/17/17/17/0/17 M=17/17/17/17/0/17
APLAN ring=18 generation=1 entered=18 decision=1 skip_written=18 n=60 shared_bad=0 res=ffffe38fb58b0800 mirror=ffffe38fa9a21000 hash=3040834448 invalid=0 missing=0 resident=40 mirrored=20 bad_i=-1 bad_e=-1 bad_slot=-1 copy=2 host_seq=18/18/18 host_ns=235439059481748/235439059487251/235439059487345/235439060324449 host_counts=19/44/4 dma=0 A=18/18/18/18/0/18 B=18/18/18/18/0/18 M=18/18/18/18/0/18
APLAN ring=19 generation=1 entered=19 decision=1 skip_written=19 n=60 shared_bad=0 res=ffffe38fb58b1000 mirror=ffffe38fa9a22000 hash=2302728321 invalid=0 missing=0 resident=36 mirrored=24 bad_i=-1 bad_e=-1 bad_slot=-1 copy=2 host_seq=19/19/19 host_ns=235439065847854/235439065860381/235439065860829/235439067477637 host_counts=22/42/4 dma=0 A=19/19/19/19/0/19 B=19/19/19/19/0/19 M=19/19/19/19/0/19
APLAN ring=20 generation=1 entered=20 decision=1 skip_written=20 n=60 shared_bad=0 res=ffffe38fb58b1800 mirror=ffffe38fa9a23000 hash=2670447413 invalid=0 missing=0 resident=32 mirrored=28 bad_i=-1 bad_e=-1 bad_slot=-1 copy=2 host_seq=20/20/20 host_ns=235439074043296/235439074049022/235439074049040/235439075253949 host_counts=18/39/5 dma=0 A=20/20/20/20/0/20 B=20/20/20/20/0/20 M=20/20/20/20/0/20
APLAN ring=21 generation=1 entered=21 decision=1 skip_written=21 n=60 shared_bad=0 res=ffffe38fb58b2000 mirror=ffffe38fa9a24000 hash=664924685 invalid=0 missing=0 resident=37 mirrored=23 bad_i=-1 bad_e=-1 bad_slot=-1 copy=2 host_seq=21/21/21 host_ns=235439081164577/235439081170420/235439081170442/235439082195780 host_counts=22/42/4 dma=0 A=21/21/21/21/0/21 B=21/21/21/21/0/21 M=21/21/21/21/0/21
APLAN ring=22 generation=1 entered=22 decision=1 skip_written=22 n=60 shared_bad=0 res=ffffe38fb58b2800 mirror=ffffe38fa9a25000 hash=438676886 invalid=0 missing=0 resident=39 mirrored=21 bad_i=-1 bad_e=-1 bad_slot=-1 copy=2 host_seq=22/22/22 host_ns=235439087959670/235439087965964/235439087965996/235439088691814 host_counts=25/43/4 dma=0 A=22/22/22/22/0/22 B=22/22/22/22/0/22 M=22/22/22/22/0/22
APLAN ring=23 generation=1 entered=23 decision=1 skip_written=23 n=60 shared_bad=0 res=ffffe38fb58b3000 mirror=ffffe38fa9a26000 hash=1329303790 invalid=0 missing=0 resident=37 mirrored=23 bad_i=-1 bad_e=-1 bad_slot=-1 copy=2 host_seq=23/23/23 host_ns=235439093649163/235439093657240/235439093657258/235439095249843 host_counts=32/43/4 dma=0 A=23/23/23/23/0/23 B=23/23/23/23/0/23 M=23/23/23/23/0/23
APLAN ring=24 generation=1 entered=24 decision=1 skip_written=24 n=60 shared_bad=0 res=ffffe38fb58b3800 mirror=ffffe38fa9a27000 hash=1262384226 invalid=0 missing=0 resident=32 mirrored=28 bad_i=-1 bad_e=-1 bad_slot=-1 copy=2 host_seq=24/24/24 host_ns=235439101918851/235439101928514/235439101928530/235439103448058 host_counts=20/38/5 dma=0 A=24/24/24/24/0/24 B=24/24/24/24/0/24 M=24/24/24/24/0/24
APLAN ring=25 generation=1 entered=25 decision=1 skip_written=25 n=60 shared_bad=0 res=ffffe38fb58b4000 mirror=ffffe38fa9a28000 hash=2813712433 invalid=0 missing=0 resident=43 mirrored=17 bad_i=-1 bad_e=-1 bad_slot=-1 copy=2 host_seq=25/25/25 host_ns=235439110846725/235439110853322/235439110853342/235439111638490 host_counts=23/47/2 dma=0 A=25/25/25/25/0/25 B=25/25/25/25/0/25 M=25/25/25/25/0/25
APLAN ring=26 generation=1 entered=26 decision=1 skip_written=26 n=60 shared_bad=0 res=ffffe38fb58b4800 mirror=ffffe38fa9a29000 hash=176566421 invalid=0 missing=0 resident=36 mirrored=24 bad_i=-1 bad_e=-1 bad_slot=-1 copy=2 host_seq=26/26/26 host_ns=235439115963933/235439115970530/235439115970547/235439116882871 host_counts=23/40/4 dma=0 A=26/26/26/26/0/26 B=26/26/26/26/0/26 M=26/26/26/26/0/26
APLAN ring=27 generation=1 entered=27 decision=1 skip_written=27 n=60 shared_bad=0 res=ffffe38fb58b5000 mirror=ffffe38fa9a2a000 hash=118484657 invalid=0 missing=0 resident=28 mirrored=32 bad_i=-1 bad_e=-1 bad_slot=-1 copy=2 host_seq=27/27/27 host_ns=235439122101579/235439122107086/235439122107104/235439122989830 host_counts=19/34/4 dma=0 A=27/27/27/27/0/27 B=27/27/27/27/0/27 M=27/27/27/27/0/27
APLAN ring=28 generation=1 entered=28 decision=1 skip_written=28 n=60 shared_bad=0 res=ffffe38fb58b5800 mirror=ffffe38fa9a2b000 hash=1837921708 invalid=0 missing=0 resident=34 mirrored=26 bad_i=-1 bad_e=-1 bad_slot=-1 copy=2 host_seq=28/28/28 host_ns=235439128622930/235439128629493/235439128629510/235439129456534 host_counts=21/39/4 dma=0 A=28/28/28/28/0/28 B=28/28/28/28/0/28 M=28/28/28/28/0/28
APLAN ring=29 generation=1 entered=29 decision=1 skip_written=29 n=60 shared_bad=0 res=ffffe38fb58b6000 mirror=ffffe38fa9a2c000 hash=1657617542 invalid=0 missing=0 resident=26 mirrored=34 bad_i=-1 bad_e=-1 bad_slot=-1 copy=2 host_seq=29/29/29 host_ns=235439134283739/235439134289019/235439134289039/235439135872127 host_counts=19/33/5 dma=0 A=29/29/29/29/0/29 B=29/29/29/29/0/29 M=29/29/29/29/0/29
APLAN ring=30 generation=1 entered=30 decision=1 skip_written=30 n=60 shared_bad=0 res=ffffe38fb58b6800 mirror=ffffe38fa9a2d000 hash=2920573617 invalid=0 missing=0 resident=25 mirrored=35 bad_i=-1 bad_e=-1 bad_slot=-1 copy=2 host_seq=30/30/30 host_ns=235439144598270/235439144603792/235439144603809/235439145976147 host_counts=13/30/5 dma=0 A=30/30/30/30/0/30 B=30/30/30/30/0/30 M=30/30/30/30/0/30
APLAN ring=31 generation=1 entered=31 decision=1 skip_written=31 n=60 shared_bad=0 res=ffffe38fb58b7000 mirror=ffffe38fa9a2e000 hash=1752882371 invalid=0 missing=0 resident=29 mirrored=31 bad_i=-1 bad_e=-1 bad_slot=-1 copy=2 host_seq=31/31/31 host_ns=235439154128264/235439154133602/235439154133620/235439155763259 host_counts=20/35/6 dma=0 A=31/31/31/31/0/31 B=31/31/31/31/0/31 M=31/31/31/31/0/31
APLAN ring=32 generation=1 entered=32 decision=1 skip_written=32 n=60 shared_bad=0 res=ffffe38fb58b7800 mirror=ffffe38fa9a2f000 hash=1642253517 invalid=0 missing=0 resident=29 mirrored=31 bad_i=-1 bad_e=-1 bad_slot=-1 copy=2 host_seq=32/32/32 host_ns=235439166081205/235439166087563/235439166087580/235439167259721 host_counts=21/36/5 dma=0 A=32/32/32/32/0/32 B=32/32/32/32/0/32 M=32/32/32/32/0/32
APLAN ring=33 generation=1 entered=33 decision=1 skip_written=33 n=60 shared_bad=0 res=ffffe38fb58b8000 mirror=ffffe38fa9a30000 hash=915770267 invalid=0 missing=0 resident=39 mirrored=21 bad_i=-1 bad_e=-1 bad_slot=-1 copy=2 host_seq=33/33/33 host_ns=235439174769529/235439174778765/235439174778884/235439176028308 host_counts=18/42/3 dma=0 A=33/33/33/33/0/33 B=33/33/33/33/0/33 M=33/33/33/33/0/33
APLAN ring=34 generation=1 entered=34 decision=1 skip_written=34 n=60 shared_bad=0 res=ffffe38fb58b8800 mirror=ffffe38fa9a31000 hash=1539387690 invalid=0 missing=0 resident=31 mirrored=29 bad_i=-1 bad_e=-1 bad_slot=-1 copy=2 host_seq=34/34/34 host_ns=235439182413778/235439182420744/235439182420807/235439183852905 host_counts=16/37/5 dma=0 A=34/34/34/34/0/34 B=34/34/34/34/0/34 M=34/34/34/34/0/34
APLAN ring=35 generation=1 entered=35 decision=1 skip_written=35 n=60 shared_bad=0 res=ffffe38fb58b9000 mirror=ffffe38fa9a32000 hash=3044988874 invalid=0 missing=0 resident=39 mirrored=21 bad_i=-1 bad_e=-1 bad_slot=-1 copy=2 host_seq=35/35/35 host_ns=235439191591988/235439191599032/235439191599052/235439192732942 host_counts=22/44/4 dma=0 A=35/35/35/35/0/35 B=35/35/35/35/0/35 M=35/35/35/35/0/35
APLAN ring=36 generation=1 entered=36 decision=1 skip_written=36 n=60 shared_bad=0 res=ffffe38fb58b9800 mirror=ffffe38fa9a33000 hash=4167852237 invalid=0 missing=0 resident=33 mirrored=27 bad_i=-1 bad_e=-1 bad_slot=-1 copy=2 host_seq=36/36/36 host_ns=235439199979970/235439199988786/235439199988804/235439201270703 host_counts=18/37/4 dma=0 A=36/36/36/36/0/36 B=36/36/36/36/0/36 M=36/36/36/36/0/36
APLAN ring=37 generation=1 entered=37 decision=1 skip_written=37 n=60 shared_bad=0 res=ffffe38fb58ba000 mirror=ffffe38fa9a34000 hash=1103499707 invalid=0 missing=0 resident=41 mirrored=19 bad_i=-1 bad_e=-1 bad_slot=-1 copy=2 host_seq=37/37/37 host_ns=235439209045411/235439209053067/235439209053087/235439209846325 host_counts=24/45/3 dma=0 A=37/37/37/37/0/37 B=37/37/37/37/0/37 M=37/37/37/37/0/37
APLAN ring=38 generation=1 entered=38 decision=1 skip_written=38 n=60 shared_bad=0 res=ffffe38fb58ba800 mirror=ffffe38fa9a35000 hash=3928062524 invalid=0 missing=0 resident=34 mirrored=26 bad_i=-1 bad_e=-1 bad_slot=-1 copy=2 host_seq=38/38/38 host_ns=235439214309025/235439214315520/235439214315537/235439215458734 host_counts=18/37/3 dma=0 A=38/38/38/38/0/38 B=38/38/38/38/0/38 M=38/38/38/38/0/38
APLAN ring=39 generation=1 entered=39 decision=1 skip_written=39 n=60 shared_bad=0 res=ffffe38fb58bb000 mirror=ffffe38fa9a36000 hash=3091070849 invalid=0 missing=0 resident=39 mirrored=21 bad_i=-1 bad_e=-1 bad_slot=-1 copy=2 host_seq=39/39/39 host_ns=235439222578054/235439222585463/235439222585482/235439223521964 host_counts=31/44/5 dma=0 A=39/39/39/39/0/39 B=39/39/39/39/0/39 M=39/39/39/39/0/39
APLAN ring=40 generation=1 entered=40 decision=1 skip_written=40 n=60 shared_bad=0 res=ffffe38fb58bb800 mirror=ffffe38fa9a37000 hash=2003187586 invalid=0 missing=0 resident=44 mirrored=16 bad_i=-1 bad_e=-1 bad_slot=-1 copy=2 host_seq=40/40/40 host_ns=235439230998951/235439231007602/235439231007620/235439232118207 host_counts=24/47/3 dma=0 A=40/40/40/40/0/40 B=40/40/40/40/0/40 M=40/40/40/40/0/40
APLAN ring=41 generation=1 entered=41 decision=1 skip_written=41 n=60 shared_bad=0 res=ffffe38fb58bc000 mirror=ffffe38fa9a38000 hash=2189278285 invalid=0 missing=0 resident=34 mirrored=26 bad_i=-1 bad_e=-1 bad_slot=-1 copy=2 host_seq=41/41/41 host_ns=235439237551793/235439237559387/235439237559404/235439238535607 host_counts=24/38/4 dma=0 A=41/41/41/41/0/41 B=41/41/41/41/0/41 M=41/41/41/41/0/41
APLAN ring=42 generation=1 entered=42 decision=1 skip_written=42 n=60 shared_bad=0 res=ffffe38fb58bc800 mirror=ffffe38fa9a39000 hash=1366140000 invalid=0 missing=0 resident=36 mirrored=24 bad_i=-1 bad_e=-1 bad_slot=-1 copy=2 host_seq=42/42/42 host_ns=235439244092375/235439244102451/235439244102504/235439245384447 host_counts=24/40/4 dma=0 A=42/42/42/42/0/42 B=42/42/42/42/0/42 M=42/42/42/42/0/42
APLAN ring=43 generation=1 entered=43 decision=1 skip_written=43 n=60 shared_bad=0 res=ffffe38fb58bd000 mirror=ffffe38fa9a3a000 hash=3274947175 invalid=0 missing=0 resident=41 mirrored=19 bad_i=-1 bad_e=-1 bad_slot=-1 copy=2 host_seq=43/43/43 host_ns=235439251617901/235439251624971/235439251624988/235439252354393 host_counts=31/44/3 dma=0 A=43/43/43/43/0/43 B=43/43/43/43/0/43 M=43/43/43/43/0/43
APLAN ring=44 generation=1 entered=44 decision=1 skip_written=44 n=60 shared_bad=0 res=ffffe38fb58bd800 mirror=ffffe38fa9a3b000 hash=2319075637 invalid=0 missing=0 resident=41 mirrored=19 bad_i=-1 bad_e=-1 bad_slot=-1 copy=2 host_seq=44/44/44 host_ns=235439257204774/235439257210534/235439257210552/235439258109795 host_counts=25/44/3 dma=0 A=44/44/44/44/0/44 B=44/44/44/44/0/44 M=44/44/44/44/0/44
APLAN ring=45 generation=1 entered=45 decision=1 skip_written=45 n=60 shared_bad=0 res=ffffe38fb58be000 mirror=ffffe38fa9a3c000 hash=921571475 invalid=0 missing=0 resident=45 mirrored=15 bad_i=-1 bad_e=-1 bad_slot=-1 copy=2 host_seq=45/45/45 host_ns=235439264134987/235439264141551/235439264141569/235439265482832 host_counts=33/48/3 dma=0 A=45/45/45/45/0/45 B=45/45/45/45/0/45 M=45/45/45/45/0/45
APLAN ring=46 generation=1 entered=46 decision=1 skip_written=46 n=60 shared_bad=0 res=ffffe38fb58be800 mirror=ffffe38fa9a3d000 hash=1897405791 invalid=0 missing=0 resident=46 mirrored=14 bad_i=-1 bad_e=-1 bad_slot=-1 copy=2 host_seq=46/46/46 host_ns=235439271600944/235439271610670/235439271610687/235439272408843 host_counts=30/48/2 dma=0 A=46/46/46/46/0/46 B=46/46/46/46/0/46 M=46/46/46/46/0/46
APLAN ring=47 generation=1 entered=47 decision=1 skip_written=47 n=60 shared_bad=0 res=ffffe38fb58bf000 mirror=ffffe38fa9a3e000 hash=4269769929 invalid=0 missing=0 resident=39 mirrored=21 bad_i=-1 bad_e=-1 bad_slot=-1 copy=2 host_seq=47/47/47 host_ns=235439276143286/235439276155289/235439276155383/235439277523397 host_counts=28/43/4 dma=0 A=47/47/47/47/0/47 B=47/47/47/47/0/47 M=47/47/47/47/0/47
APLAN ring=48 generation=1 entered=48 decision=1 skip_written=48 n=60 shared_bad=0 res=ffffe38fb58bf800 mirror=ffffe38fa9a3f000 hash=3039420259 invalid=0 missing=0 resident=45 mirrored=15 bad_i=-1 bad_e=-1 bad_slot=-1 copy=2 host_seq=48/48/48 host_ns=235439283849589/235439283856362/235439283856380/235439284578287 host_counts=34/50/3 dma=0 A=48/48/48/48/0/48 B=48/48/48/48/0/48 M=48/48/48/48/0/48
strata verify: captured the 1-token window (upload <FIXME: Placeholder>, sync <FIXME: Placeholder>)
strata verify: captured the 4-token window (upload <FIXME: Placeholder>, sync <FIXME: Placeholder>)
APLAN_EXCHANGE generation=1 phase=cpu_committed copies=complete layer=40 in=365 out=58 slot=1696 host=0x7ac770b6c000
APLAN_EXCHANGE generation=1 phase=cpu_committed copies=complete layer=39 in=132 out=60 slot=373 host=0x7ac82bfbcc00
APLAN_EXCHANGE generation=1 phase=cpu_committed copies=complete layer=43 in=215 out=73 slot=4444 host=0x7aca580f5400
APLAN_EXCHANGE generation=1 phase=cpu_committed copies=complete layer=43 in=37 out=84 slot=548 host=0x7ac95de26000
APLAN_EXCHANGE generation=1 phase=cpu_committed copies=complete layer=25 in=455 out=39 slot=4274 host=0x7ac657775c00
APLAN_EXCHANGE generation=1 phase=cpu_committed copies=complete layer=40 in=265 out=77 slot=1522 host=0x7acad3384400
APLAN_EXCHANGE generation=1 phase=cpu_committed copies=complete layer=36 in=343 out=18 slot=8391 host=0x7ac7511af400
APLAN_EXCHANGE generation=1 phase=cpu_committed copies=complete layer=15 in=417 out=65 slot=66 host=0x7ac61e527400
APLAN_EXCHANGE generation=1 phase=cpu_committed copies=complete layer=32 in=494 out=20 slot=7410 host=0x7ac693445800
APLAN_EXCHANGE generation=1 phase=cpu_committed copies=complete layer=40 in=166 out=39 slot=4565 host=0x7ac85e893400
APLAN_EXCHANGE generation=1 phase=cpu_committed copies=complete layer=41 in=22 out=20 slot=8683 host=0x7ac9999c3800
APLAN_EXCHANGE generation=1 phase=cpu_committed copies=complete layer=31 in=465 out=37 slot=1505 host=0x7ac667143c00
APLAN_EXCHANGE generation=1 phase=cpu_committed copies=complete layer=31 in=417 out=68 slot=10314 host=0x7ac61ec67800
APLAN_EXCHANGE generation=1 phase=cpu_committed copies=complete layer=46 in=100 out=54 slot=8782 host=0x7ac7fff45000
APLAN_EXCHANGE generation=1 phase=cpu_committed copies=complete layer=24 in=453 out=31 slot=8522 host=0x7ac65446f400
APLAN_EXCHANGE generation=1 phase=cpu_committed copies=complete layer=44 in=182 out=39 slot=8035 host=0x7ac874bf8800
APLAN_EXCHANGE generation=1 phase=cpu_committed copies=complete layer=40 in=130 out=53 slot=6513 host=0x7ac828b45800
APLAN_EXCHANGE generation=1 phase=cpu_committed copies=complete layer=41 in=93 out=49 slot=6110 host=0x7ac7f50d4c00
APLAN_EXCHANGE generation=1 phase=cpu_committed copies=complete layer=41 in=481 out=23 slot=2154 host=0x7ac8b3eb7000
APLAN_EXCHANGE generation=1 phase=cpu_committed copies=complete layer=30 in=449 out=20 slot=5756 host=0x7ac64d6e9c00
APLAN_EXCHANGE generation=1 phase=cpu_committed copies=complete layer=23 in=132 out=57 slot=7496 host=0x7ac907dc8000
APLAN_EXCHANGE generation=1 phase=cpu_committed copies=complete layer=44 in=484 out=54 slot=4096 host=0x7ac684ccd400
APLAN_EXCHANGE generation=1 phase=cpu_committed copies=complete layer=44 in=84 out=70 slot=3673 host=0x7ac7eabab800
APLAN_EXCHANGE generation=1 phase=cpu_committed copies=complete layer=15 in=465 out=74 slot=8079 host=0x7ac6668f0800
APLAN_EXCHANGE generation=1 phase=cpu_committed copies=complete layer=36 in=263 out=49 slot=9508 host=0x7ac6e4502c00
APLAN_EXCHANGE generation=1 phase=cpu_committed copies=complete layer=16 in=494 out=53 slot=9159 host=0x7ac692b17800
APLAN_EXCHANGE generation=1 phase=cpu_committed copies=complete layer=31 in=301 out=131 slot=8148 host=0x7aca9a5eb800
APLAN_EXCHANGE generation=1 phase=cpu_committed copies=complete layer=20 in=343 out=48 slot=2070 host=0x7ac750309400
APLAN_EXCHANGE generation=1 phase=cpu_committed copies=complete layer=20 in=444 out=57 slot=3434 host=0x7ac645070c00
APLAN_EXCHANGE generation=1 phase=cpu_committed copies=complete layer=28 in=388 out=18 slot=3146 host=0x7ac790454400
APLAN_EXCHANGE generation=1 phase=cpu_committed copies=complete layer=15 in=132 out=51 slot=4064 host=0x7ac82af67800
APLAN_EXCHANGE generation=1 phase=cpu_committed copies=complete layer=36 in=444 out=21 slot=9998 host=0x7ac645cac000
APLAN_EXCHANGE generation=1 phase=cpu_committed copies=complete layer=11 in=489 out=13 slot=5643 host=0x7ac68b4f3c00
APLAN_EXCHANGE generation=1 phase=cpu_committed copies=complete layer=4 in=48 out=39 slot=9776 host=0x7ac7bbc34800
APLAN_EXCHANGE generation=1 phase=cpu_committed copies=complete layer=14 in=449 out=23 slot=6273 host=0x7ac64cac1400
APLAN_EXCHANGE generation=1 phase=cpu_committed copies=complete layer=3 in=336 out=62 slot=9256 host=0x7ac74646b000
APLAN_EXCHANGE generation=1 phase=cpu_committed copies=complete layer=3 in=91 out=52 slot=5477 host=0x7aca65b7d000
APLAN_EXCHANGE generation=1 phase=cpu_committed copies=complete layer=32 in=477 out=45 slot=4622 host=0x7ac67adf0800
APLAN_EXCHANGE generation=1 phase=cpu_committed copies=complete layer=39 in=133 out=72 slot=8815 host=0x7ac82d846000
APLAN_EXCHANGE generation=1 phase=cpu_committed copies=complete layer=9 in=365 out=39 slot=4665 host=0x7ac76fe17800
APLAN_EXCHANGE generation=1 phase=cpu_committed copies=complete layer=9 in=455 out=44 slot=7150 host=0x7ac6571e4c00
APLAN_EXCHANGE generation=1 phase=cpu_committed copies=complete layer=14 in=457 out=51 slot=2834 host=0x7ac659e7f800
APLAN_EXCHANGE generation=1 phase=cpu_committed copies=complete layer=35 in=194 out=50 slot=7515 host=0x7ac884ee1c00
APLAN_EXCHANGE generation=1 phase=cpu_committed copies=complete layer=35 in=427 out=44 slot=1183 host=0x7ac62cede800
APLAN_EXCHANGE generation=1 phase=cpu_committed copies=complete layer=43 in=405 out=85 slot=23 host=0x7ac7a6cff800
APLAN_EXCHANGE generation=1 phase=cpu_committed copies=complete layer=30 in=322 out=51 slot=3605 host=0x7ac7344d8400
APLAN_EXCHANGE generation=1 phase=cpu_committed copies=complete layer=15 in=421 out=63 slot=5805 host=0x7ac623b17400
APLAN_EXCHANGE generation=1 phase=cpu_committed copies=complete layer=12 in=388 out=14 slot=9023 host=0x7ac78f99c800
APLAN_EXCHANGE generation=1 phase=cpu_committed copies=complete layer=19 in=194 out=21 slot=4410 host=0x7ac884b51400
APLAN_EXCHANGE generation=1 phase=cpu_committed copies=complete layer=31 in=132 out=106 slot=6894 host=0x7ac82b9f3800
APLAN_EXCHANGE generation=1 phase=cpu_committed copies=complete layer=8 in=472 out=53 slot=5639 host=0x7ac6702d8800
APLAN_EXCHANGE generation=1 phase=cpu_committed copies=complete layer=8 in=453 out=61 slot=2594 host=0x7ac653f87000
APLAN_EXCHANGE generation=1 phase=cpu_committed copies=complete layer=16 in=477 out=63 slot=969 host=0x7ac67aa02400
APLAN_EXCHANGE generation=1 phase=cpu_committed copies=complete layer=40 in=289 out=44 slot=401 host=0x7acb7e47ac00
APLAN_EXCHANGE generation=1 phase=cpu_committed copies=complete layer=32 in=363 out=12 slot=5365 host=0x7ac76d37d400
APLAN_EXCHANGE generation=1 phase=cpu_committed copies=complete layer=17 in=189 out=55 slot=6473 host=0x7ac87cf00400
APLAN_EXCHANGE generation=1 phase=cpu_committed copies=complete layer=25 in=365 out=44 slot=6295 host=0x7ac770470800
APLAN_EXCHANGE generation=1 phase=cpu_committed copies=complete layer=45 in=345 out=25 slot=171 host=0x7ac754a46c00
APLAN_EXCHANGE generation=1 phase=cpu_committed copies=complete layer=45 in=327 out=64 slot=2704 host=0x7ac8bf429000
APLAN_EXCHANGE generation=1 phase=cpu_committed copies=complete layer=45 in=312 out=65 slot=4789 host=0x7ac7254a2800
APLAN_EXCHANGE generation=1 phase=cpu_committed copies=complete layer=45 in=154 out=43 slot=8597 host=0x7ac84b614c00
APLAN_EXCHANGE generation=1 phase=cpu_committed copies=complete layer=47 in=102 out=9 slot=6622 host=0x7ac802e50c00
APLAN_EXCHANGE generation=1 phase=cpu_committed copies=complete layer=19 in=427 out=47 slot=438 host=0x7ac62c5f5400
APLAN_EXCHANGE generation=1 phase=cpu_committed copies=complete layer=5 in=121 out=7 slot=7352 host=0x7ac8d43c7c00
APLAN_EXCHANGE generation=1 phase=cpu_committed copies=complete layer=45 in=11 out=32 slot=6521 host=0x7ac988032400
APLAN_EXCHANGE generation=1 phase=cpu_committed copies=complete layer=26 in=203 out=31 slot=6665 host=0x7ac9c3b3a400
APLAN_EXCHANGE generation=1 phase=cpu_committed copies=complete layer=9 in=3 out=20 slot=4874 host=0x7ac97ca3d000
APLAN_EXCHANGE generation=1 phase=cpu_committed copies=complete layer=35 in=476 out=73 slot=5761 host=0x7ac93b263000
APLAN_EXCHANGE generation=1 phase=cpu_committed copies=complete layer=39 in=411 out=52 slot=1871 host=0x7ac615c82000
APLAN_EXCHANGE generation=1 phase=cpu_committed copies=complete layer=39 in=339 out=4 slot=1427 host=0x7acb7d577000
APLAN_EXCHANGE generation=1 phase=cpu_committed copies=complete layer=4 in=98 out=51 slot=4463 host=0x7ac7fb8a3c00
APLAN_EXCHANGE generation=1 phase=cpu_committed copies=complete layer=30 in=457 out=6 slot=8111 host=0x7ac65a3c5800
APLAN_EXCHANGE generation=1 phase=cpu_committed copies=complete layer=42 in=206 out=43 slot=3514 host=0x7ac8950f0400
APLAN_EXCHANGE generation=1 phase=cpu_committed copies=complete layer=42 in=444 out=30 slot=5377 host=0x7ac64624fc00
APLAN_EXCHANGE generation=1 phase=cpu_committed copies=complete layer=17 in=179 out=39 slot=2352 host=0x7ac8f2f74800
APLAN_EXCHANGE generation=1 phase=cpu_committed copies=complete layer=3 in=435 out=29 slot=2585 host=0x7ac639467400
APLAN_EXCHANGE generation=1 phase=cpu_committed copies=complete layer=16 in=363 out=0 slot=6276 host=0x7ac76cdc6c00
APLAN_EXCHANGE generation=1 phase=cpu_committed copies=complete layer=33 in=189 out=53 slot=9582 host=0x7ac87d559400
APLAN_EXCHANGE generation=1 phase=cpu_committed copies=complete layer=3 in=59 out=45 slot=3165 host=0x7ac7c7ddb800
APLAN_EXCHANGE generation=1 phase=cpu_committed copies=complete layer=26 in=268 out=44 slot=9423 host=0x7ac6eacac400
APLAN_EXCHANGE generation=1 phase=cpu_committed copies=complete layer=44 in=25 out=50 slot=10701 host=0x7ac99e728000
APLAN_EXCHANGE generation=1 phase=cpu_committed copies=complete layer=40 in=67 out=28 slot=9844 host=0x7ac7d3bf2000
APLAN_EXCHANGE generation=1 phase=cpu_committed copies=complete layer=46 in=375 out=37 slot=2870 host=0x7ac7803c3000
APLAN_EXCHANGE generation=1 phase=cpu_committed copies=complete layer=46 in=361 out=82 slot=9856 host=0x7ac76af5b400
APLAN_EXCHANGE generation=1 phase=cpu_committed copies=complete layer=24 in=472 out=51 slot=5046 host=0x7ac670f1a000
APLAN_EXCHANGE generation=1 phase=cpu_committed copies=complete layer=9 in=120 out=34 slot=6831 host=0x7aca71dccc00
APLAN_EXCHANGE generation=1 phase=cpu_committed copies=complete layer=22 in=38 out=32 slot=5660 host=0x7ac7af21b000
APLAN_EXCHANGE generation=1 phase=cpu_committed copies=complete layer=8 in=480 out=21 slot=7359 host=0x7ac67e430000
APLAN_EXCHANGE generation=1 phase=cpu_committed copies=complete layer=35 in=168 out=36 slot=1507 host=0x7ac8614d6800
APLAN_EXCHANGE generation=1 phase=cpu_committed copies=complete layer=25 in=3 out=20 slot=8125 host=0x7ac9111b4c00
APLAN_EXCHANGE generation=1 phase=cpu_committed copies=complete layer=33 in=179 out=33 slot=8934 host=0x7ac86ea2b000
APLAN_EXCHANGE generation=1 phase=cpu_committed copies=complete layer=6 in=469 out=55 slot=10144 host=0x7ac66ce48400
APLAN_EXCHANGE generation=1 phase=cpu_committed copies=complete layer=11 in=276 out=44 slot=7587 host=0x7ac6f680d000
APLAN_EXCHANGE generation=1 phase=cpu_committed copies=complete layer=7 in=146 out=40 slot=433 host=0x7ac83faa1400
APLAN_EXCHANGE generation=1 phase=cpu_committed copies=complete layer=7 in=420 out=35 slot=1014 host=0x7aca205d8400
APLAN_EXCHANGE generation=1 phase=cpu_committed copies=complete layer=41 in=3 out=38 slot=7532 host=0x7acb7e8cd000
APLAN_MIRROR generation=1 phase=mirror_uploaded entries=24576
APLAN_RESIDENCY upload=1 generation=1 adapt_every=4 adapt_swaps=96 holes=0 first_layer=-1 first_expert=-1 hash=3200930245
strata verify: captured the 3-token window (upload <FIXME: Placeholder>, sync <FIXME: Placeholder>)
APLAN_EXCHANGE generation=2 phase=cpu_committed copies=complete layer=37 in=396 out=42 slot=7650 host=0x7ac799b48000
APLAN_EXCHANGE generation=2 phase=cpu_committed copies=complete layer=20 in=263 out=49 slot=9345 host=0x7ac6e3d8a400
APLAN_EXCHANGE generation=2 phase=cpu_committed copies=complete layer=11 in=218 out=38 slot=5803 host=0x7ac8a3749000
APLAN_EXCHANGE generation=2 phase=cpu_committed copies=complete layer=15 in=301 out=73 slot=1117 host=0x7ac716e43800
APLAN_EXCHANGE generation=2 phase=cpu_committed copies=complete layer=19 in=476 out=24 slot=2463 host=0x7ac6791ab000
APLAN_EXCHANGE generation=2 phase=cpu_committed copies=complete layer=41 in=64 out=19 slot=2230 host=0x7ac7d01ca800
APLAN_EXCHANGE generation=2 phase=cpu_committed copies=complete layer=47 in=240 out=27 slot=2232 host=0x7ac6c2342400
APLAN_EXCHANGE generation=2 phase=cpu_committed copies=complete layer=36 in=460 out=45 slot=8897 host=0x7ac65eff7c00
APLAN_EXCHANGE generation=2 phase=cpu_committed copies=complete layer=5 in=271 out=58 slot=8717 host=0x7ac6efb36800
APLAN_EXCHANGE generation=2 phase=cpu_committed copies=complete layer=7 in=467 out=37 slot=3986 host=0x7ac669860400
APLAN_EXCHANGE generation=2 phase=cpu_committed copies=complete layer=20 in=460 out=20 slot=936 host=0x7ac65e333000
APLAN_EXCHANGE generation=2 phase=cpu_committed copies=complete layer=10 in=124 out=30 slot=6142 host=0x7ac81f306800
APLAN_EXCHANGE generation=2 phase=cpu_committed copies=complete layer=6 in=443 out=57 slot=2276 host=0x7ac643024000
APLAN_EXCHANGE generation=2 phase=cpu_committed copies=complete layer=32 in=211 out=11 slot=1769 host=0x7aca42b93800
APLAN_EXCHANGE generation=2 phase=cpu_committed copies=complete layer=14 in=322 out=24 slot=2553 host=0x7ac733965000
APLAN_EXCHANGE generation=2 phase=cpu_committed copies=complete layer=26 in=307 out=32 slot=4834 host=0x7ac71dd07c00
APLAN_EXCHANGE generation=2 phase=cpu_committed copies=complete layer=35 in=171 out=11 slot=9505 host=0x7aca0408c800
APLAN_EXCHANGE generation=2 phase=cpu_committed copies=complete layer=21 in=396 out=18 slot=3294 host=0x7ac7993b0400
APLAN_EXCHANGE generation=2 phase=cpu_committed copies=complete layer=39 in=421 out=69 slot=1725 host=0x7acb7d73f400
APLAN_EXCHANGE generation=2 phase=cpu_committed copies=complete layer=10 in=151 out=36 slot=8248 host=0x7ac846ecac00
APLAN_EXCHANGE generation=2 phase=cpu_committed copies=complete layer=23 in=185 out=58 slot=713 host=0x7ac878d34800
APLAN_EXCHANGE generation=2 phase=cpu_committed copies=complete layer=31 in=97 out=64 slot=8563 host=0x7ac9fd0a8c00
APLAN_EXCHANGE generation=2 phase=cpu_committed copies=complete layer=27 in=218 out=45 slot=6191 host=0x7ac8a3ce6800
APLAN_EXCHANGE generation=2 phase=cpu_committed copies=complete layer=26 in=151 out=46 slot=1886 host=0x7ac847730c00
APLAN_EXCHANGE generation=2 phase=cpu_committed copies=complete layer=33 in=258 out=54 slot=1937 host=0x7ac6db222c00
APLAN_EXCHANGE generation=2 phase=cpu_committed copies=complete layer=24 in=504 out=48 slot=2178 host=0x7ac6a1690c00
APLAN_EXCHANGE generation=2 phase=cpu_committed copies=complete layer=34 in=230 out=30 slot=10668 host=0x7ac935b8bc00
APLAN_EXCHANGE generation=2 phase=cpu_committed copies=complete layer=17 in=242 out=31 slot=8879 host=0x7ac6c3db3000
APLAN_EXCHANGE generation=2 phase=cpu_committed copies=complete layer=26 in=412 out=18 slot=9735 host=0x7ac616f29000
APLAN_EXCHANGE generation=2 phase=cpu_committed copies=complete layer=13 in=99 out=12 slot=5417 host=0x7ac7fd70f400
APLAN_EXCHANGE generation=2 phase=cpu_committed copies=complete layer=15 in=20 out=83 slot=643 host=0x7ac995192400
APLAN_EXCHANGE generation=2 phase=cpu_committed copies=complete layer=41 in=107 out=46 slot=276 host=0x7ac8088de000
APLAN_EXCHANGE generation=2 phase=cpu_committed copies=complete layer=16 in=211 out=61 slot=720 host=0x7ac89ae7e400
APLAN_EXCHANGE generation=2 phase=cpu_committed copies=complete layer=10 in=307 out=18 slot=10047 host=0x7aca73e06c00
APLAN_EXCHANGE generation=2 phase=cpu_committed copies=complete layer=39 in=185 out=32 slot=9379 host=0x7ac8796ccc00
APLAN_EXCHANGE generation=2 phase=cpu_committed copies=complete layer=16 in=358 out=70 slot=7168 host=0x7ac764653c00
APLAN_EXCHANGE generation=2 phase=cpu_committed copies=complete layer=29 in=228 out=12 slot=1122 host=0x7ac6aff76400
APLAN_EXCHANGE generation=2 phase=cpu_committed copies=complete layer=17 in=167 out=54 slot=1530 host=0x7ac8f2e03c00
APLAN_EXCHANGE generation=2 phase=cpu_committed copies=complete layer=46 in=130 out=32 slot=9855 host=0x7ac8292a5000
APLAN_EXCHANGE generation=2 phase=cpu_committed copies=complete layer=23 in=231 out=69 slot=5510 host=0x7ac909fa4c00
APLAN_EXCHANGE generation=2 phase=cpu_committed copies=complete layer=21 in=151 out=28 slot=3887 host=0x7ac8472a0000
APLAN_EXCHANGE generation=2 phase=cpu_committed copies=complete layer=36 in=164 out=59 slot=10323 host=0x7ac85c24b400
APLAN_EXCHANGE generation=2 phase=cpu_committed copies=complete layer=33 in=167 out=65 slot=10206 host=0x7ac85ff2ec00
APLAN_EXCHANGE generation=2 phase=cpu_committed copies=complete layer=10 in=268 out=26 slot=4534 host=0x7ac8e0f26400
APLAN_EXCHANGE generation=2 phase=cpu_committed copies=complete layer=33 in=242 out=67 slot=1318 host=0x7ac6c40ec000
APLAN_EXCHANGE generation=2 phase=cpu_committed copies=complete layer=36 in=128 out=69 slot=441 host=0x7ac825d46800
APLAN_EXCHANGE generation=2 phase=cpu_committed copies=complete layer=7 in=453 out=43 slot=10742 host=0x7ac653e48400
APLAN_EXCHANGE generation=2 phase=cpu_committed copies=complete layer=14 in=289 out=32 slot=6752 host=0x7ac707ace800
APLAN_EXCHANGE generation=2 phase=cpu_committed copies=complete layer=13 in=228 out=6 slot=2602 host=0x7ac6af69fc00
APLAN_EXCHANGE generation=2 phase=cpu_committed copies=complete layer=44 in=464 out=47 slot=6518 host=0x7ac665cd4800
APLAN_EXCHANGE generation=2 phase=cpu_committed copies=complete layer=25 in=116 out=8 slot=8972 host=0x7ac813dad800
APLAN_EXCHANGE generation=2 phase=cpu_committed copies=complete layer=25 in=120 out=40 slot=2998 host=0x7ac819fdf000
APLAN_EXCHANGE generation=2 phase=cpu_committed copies=complete layer=40 in=19 out=45 slot=9512 host=0x7ac994337400
APLAN_EXCHANGE generation=2 phase=cpu_committed copies=complete layer=29 in=99 out=14 slot=8280 host=0x7ac7fde4f800
APLAN_EXCHANGE generation=2 phase=cpu_committed copies=complete layer=15 in=360 out=54 slot=1273 host=0x7ac7679dd800
APLAN_EXCHANGE generation=2 phase=cpu_committed copies=complete layer=40 in=504 out=85 slot=7118 host=0x7ac6a1be9800
APLAN_EXCHANGE generation=2 phase=cpu_committed copies=complete layer=27 in=497 out=24 slot=6389 host=0x7ac696701000
APLAN_EXCHANGE generation=2 phase=cpu_committed copies=complete layer=29 in=92 out=5 slot=10306 host=0x7ac7f3a6b400
APLAN_EXCHANGE generation=2 phase=cpu_committed copies=complete layer=3 in=478 out=24 slot=8026 host=0x7ac67b5e6000
APLAN_EXCHANGE generation=2 phase=cpu_committed copies=complete layer=6 in=467 out=47 slot=1976 host=0x7ac669721800
APLAN_EXCHANGE generation=2 phase=cpu_committed copies=complete layer=32 in=342 out=52 slot=8272 host=0x7ac74f043000
APLAN_EXCHANGE generation=2 phase=cpu_committed copies=complete layer=16 in=200 out=21 slot=5183 host=0x7aca7c21b400
APLAN_EXCHANGE generation=2 phase=cpu_committed copies=complete layer=46 in=376 out=38 slot=8136 host=0x7ac7818e7800
APLAN_EXCHANGE generation=2 phase=cpu_committed copies=complete layer=43 in=242 out=57 slot=8903 host=0x7acb44516400
APLAN_EXCHANGE generation=2 phase=cpu_committed copies=complete layer=17 in=258 out=57 slot=8177 host=0x7ac6dad60000
APLAN_EXCHANGE generation=2 phase=cpu_committed copies=complete layer=23 in=421 out=13 slot=5590 host=0x7acab736bc00
APLAN_EXCHANGE generation=2 phase=cpu_committed copies=complete layer=8 in=340 out=59 slot=3480 host=0x7ac74b66cc00
APLAN_EXCHANGE generation=2 phase=cpu_committed copies=complete layer=46 in=166 out=51 slot=2025 host=0x7ac85edba000
APLAN_EXCHANGE generation=2 phase=cpu_committed copies=complete layer=23 in=386 out=51 slot=4894 host=0x7ac90bc28c00
APLAN_EXCHANGE generation=2 phase=cpu_committed copies=complete layer=19 in=76 out=51 slot=1374 host=0x7ac7e0074400
APLAN_EXCHANGE generation=2 phase=cpu_committed copies=complete layer=24 in=240 out=55 slot=8612 host=0x7ac6c190dc00
APLAN_EXCHANGE generation=2 phase=cpu_committed copies=complete layer=43 in=383 out=64 slot=3743 host=0x7ac8b9ada800
APLAN_EXCHANGE generation=2 phase=cpu_committed copies=complete layer=8 in=504 out=64 slot=6347 host=0x7ac8dcdd1400
APLAN_EXCHANGE generation=2 phase=cpu_committed copies=complete layer=39 in=386 out=96 slot=566 host=0x7ac78de57400
APLAN_EXCHANGE generation=2 phase=cpu_committed copies=complete layer=17 in=337 out=30 slot=1165 host=0x7ac7480bd000
APLAN_EXCHANGE generation=2 phase=cpu_committed copies=complete layer=38 in=38 out=13 slot=8407 host=0x7ac7af8e4800
APLAN_EXCHANGE generation=2 phase=cpu_committed copies=complete layer=26 in=451 out=12 slot=8287 host=0x7ac651217c00
APLAN_EXCHANGE generation=2 phase=cpu_committed copies=complete layer=31 in=9 out=73 slot=671 host=0x7aca98948400
APLAN_EXCHANGE generation=2 phase=cpu_committed copies=complete layer=4 in=88 out=6 slot=5706 host=0x7ac7eea8f800
APLAN_EXCHANGE generation=2 phase=cpu_committed copies=complete layer=27 in=276 out=2 slot=7502 host=0x7ac6f6f66400
APLAN_EXCHANGE generation=2 phase=cpu_committed copies=complete layer=45 in=46 out=9 slot=9008 host=0x7ac7b9fcfc00
APLAN_EXCHANGE generation=2 phase=cpu_committed copies=complete layer=25 in=207 out=2 slot=1863 host=0x7ac895c0c000
APLAN_EXCHANGE generation=2 phase=cpu_committed copies=complete layer=34 in=495 out=5 slot=3151 host=0x7ac69485d400
APLAN_EXCHANGE generation=2 phase=cpu_committed copies=complete layer=10 in=451 out=20 slot=9627 host=0x7ac650e42800
APLAN_EXCHANGE generation=2 phase=cpu_committed copies=complete layer=20 in=128 out=85 slot=8460 host=0x7ac82520b800
APLAN_EXCHANGE generation=2 phase=cpu_committed copies=complete layer=37 in=37 out=29 slot=9124 host=0x7ac7ae294000
APLAN_EXCHANGE generation=2 phase=cpu_committed copies=complete layer=31 in=20 out=76 slot=8931 host=0x7ac995975000
APLAN_EXCHANGE generation=2 phase=cpu_committed copies=complete layer=32 in=67 out=0 slot=8375 host=0x7aca40eb1c00
APLAN_EXCHANGE generation=2 phase=cpu_committed copies=complete layer=47 in=56 out=112 slot=104 host=0x7ac7c5354000
APLAN_EXCHANGE generation=2 phase=cpu_committed copies=complete layer=47 in=93 out=119 slot=8713 host=0x7acb61238400
APLAN_EXCHANGE generation=2 phase=cpu_committed copies=complete layer=15 in=40 out=66 slot=264 host=0x7ac7b100fc00
APLAN_EXCHANGE generation=2 phase=cpu_committed copies=complete layer=2 in=343 out=43 slot=2822 host=0x7ac8ca849800
APLAN_EXCHANGE generation=2 phase=cpu_committed copies=complete layer=15 in=97 out=58 slot=334 host=0x7ac7f9f26c00
APLAN_EXCHANGE generation=2 phase=cpu_committed copies=complete layer=31 in=386 out=62 slot=9501 host=0x7acb21908400
APLAN_EXCHANGE generation=2 phase=cpu_committed copies=complete layer=10 in=412 out=15 slot=8873 host=0x7ac616639800
APLAN_EXCHANGE generation=2 phase=cpu_committed copies=complete layer=45 in=274 out=10 slot=5141 host=0x7ac6f4c7cc00
APLAN_MIRROR generation=2 phase=mirror_uploaded entries=24576
APLAN_RESIDENCY upload=2 generation=2 adapt_every=4 adapt_swaps=96 holes=0 first_layer=-1 first_expert=-1 hash=302633201
strata verify: captured the 2-token window (upload <FIXME: Placeholder>, sync <FIXME: Placeholder>)
APLAN_EXCHANGE generation=3 phase=cpu_committed copies=complete layer=32 in=358 out=10 slot=10204 host=0x7ac765205800
APLAN_EXCHANGE generation=3 phase=cpu_committed copies=complete layer=46 in=210 out=23 slot=8346 host=0x7ac89a718800
APLAN_EXCHANGE generation=3 phase=cpu_committed copies=complete layer=40 in=338 out=25 slot=64 host=0x7ac749920c00
APLAN_EXCHANGE generation=3 phase=cpu_committed copies=complete layer=41 in=183 out=34 slot=10693 host=0x7acb0fa82400
APLAN_EXCHANGE generation=3 phase=cpu_committed copies=complete layer=35 in=76 out=24 slot=1794 host=0x7ac7e0505000
APLAN_EXCHANGE generation=3 phase=cpu_committed copies=complete layer=23 in=411 out=4 slot=165 host=0x7ac90bfb9400
APLAN_EXCHANGE generation=3 phase=cpu_committed copies=complete layer=14 in=412 out=28 slot=8877 host=0x7ac616791400
APLAN_EXCHANGE generation=3 phase=cpu_committed copies=complete layer=44 in=126 out=49 slot=318 host=0x7ac823611000
APLAN_EXCHANGE generation=3 phase=cpu_committed copies=complete layer=8 in=421 out=33 slot=6456 host=0x7ac8dc6b0400
APLAN_EXCHANGE generation=3 phase=cpu_committed copies=complete layer=41 in=468 out=29 slot=507 host=0x7ac66c1b5800
APLAN_EXCHANGE generation=3 phase=cpu_committed copies=complete layer=31 in=40 out=32 slot=378 host=0x7ac9fcb9b000
APLAN_EXCHANGE generation=3 phase=cpu_committed copies=complete layer=33 in=49 out=30 slot=5759 host=0x7ac7bcd1fc00
APLAN_EXCHANGE generation=3 phase=cpu_committed copies=complete layer=19 in=491 out=25 slot=4264 host=0x7ac8fac29800
APLAN_EXCHANGE generation=3 phase=cpu_committed copies=complete layer=31 in=360 out=46 slot=9826 host=0x7ac768388800
APLAN_EXCHANGE generation=3 phase=cpu_committed copies=complete layer=34 in=311 out=7 slot=8482 host=0x7ac723494400
APLAN_EXCHANGE generation=3 phase=cpu_committed copies=complete layer=3 in=133 out=61 slot=2377 host=0x7ac82c5d1000
APLAN_EXCHANGE generation=3 phase=cpu_committed copies=complete layer=41 in=73 out=40 slot=752 host=0x7acb7ec12800
APLAN_EXCHANGE generation=3 phase=cpu_committed copies=complete layer=32 in=83 out=32 slot=8331 host=0x7acb21e9f800
APLAN_EXCHANGE generation=3 phase=cpu_committed copies=complete layer=35 in=491 out=25 slot=7109 host=0x7ac68f1e3c00
APLAN_EXCHANGE generation=3 phase=cpu_committed copies=complete layer=7 in=153 out=18 slot=10145 host=0x7ac849431c00
APLAN_EXCHANGE generation=3 phase=cpu_committed copies=complete layer=3 in=166 out=32 slot=10737 host=0x7ac85d712000
APLAN_EXCHANGE generation=3 phase=cpu_committed copies=complete layer=24 in=421 out=44 slot=9802 host=0x7ac6242fa000
APLAN_EXCHANGE generation=3 phase=cpu_committed copies=complete layer=16 in=83 out=31 slot=1016 host=0x7acb32871800
APLAN_EXCHANGE generation=3 phase=cpu_committed copies=complete layer=31 in=505 out=60 slot=6503 host=0x7ac9290d6000
APLAN_EXCHANGE generation=3 phase=cpu_committed copies=complete layer=30 in=412 out=24 slot=3346 host=0x7ac617099c00
APLAN_EXCHANGE generation=3 phase=cpu_committed copies=complete layer=43 in=136 out=48 slot=3854 host=0x7ac831f90000
APLAN_EXCHANGE generation=3 phase=cpu_committed copies=complete layer=4 in=321 out=20 slot=10035 host=0x7ac732126c00
APLAN_EXCHANGE generation=3 phase=cpu_committed copies=complete layer=5 in=249 out=63 slot=2972 host=0x7ac6cd1f7400
APLAN_EXCHANGE generation=3 phase=cpu_committed copies=complete layer=5 in=141 out=13 slot=2788 host=0x7ac838733400
APLAN_EXCHANGE generation=3 phase=cpu_committed copies=complete layer=39 in=218 out=87 slot=813 host=0x7ac8a4271400
APLAN_EXCHANGE generation=3 phase=cpu_committed copies=complete layer=27 in=81 out=20 slot=9653 host=0x7aca37abec00
APLAN_EXCHANGE generation=3 phase=cpu_committed copies=complete layer=13 in=92 out=5 slot=9408 host=0x7ac7f3664000
APLAN_EXCHANGE generation=3 phase=cpu_committed copies=complete layer=5 in=86 out=62 slot=9530 host=0x7ac7ec434c00
APLAN_EXCHANGE generation=3 phase=cpu_committed copies=complete layer=15 in=386 out=36 slot=1308 host=0x7ac78cf08800
APLAN_EXCHANGE generation=3 phase=cpu_committed copies=complete layer=11 in=52 out=17 slot=4247 host=0x7ac7bf293400
APLAN_EXCHANGE generation=3 phase=cpu_committed copies=complete layer=19 in=171 out=1 slot=1566 host=0x7ac864378000
APLAN_EXCHANGE generation=3 phase=cpu_committed copies=complete layer=27 in=489 out=33 slot=4550 host=0x7ac68bc34000
APLAN_EXCHANGE generation=3 phase=cpu_committed copies=complete layer=4 in=10 out=24 slot=6445 host=0x7acb146e6800
APLAN_EXCHANGE generation=3 phase=cpu_committed copies=complete layer=4 in=215 out=11 slot=5236 host=0x7ac89f88a800
APLAN_EXCHANGE generation=3 phase=cpu_committed copies=complete layer=15 in=9 out=39 slot=133 host=0x7ac984a56c00
APLAN_EXCHANGE generation=3 phase=cpu_committed copies=complete layer=18 in=230 out=9 slot=9218 host=0x7ac6b3538c00
APLAN_EXCHANGE generation=3 phase=cpu_committed copies=complete layer=35 in=27 out=15 slot=9913 host=0x7aca47e50c00
APLAN_EXCHANGE generation=3 phase=cpu_committed copies=complete layer=39 in=381 out=14 slot=4855 host=0x7ac78645e400
APLAN_EXCHANGE generation=3 phase=cpu_committed copies=complete layer=24 in=480 out=52 slot=2651 host=0x7ac67f08a800
APLAN_EXCHANGE generation=3 phase=cpu_committed copies=complete layer=44 in=228 out=6 slot=8007 host=0x7ac6b0dfd000
APLAN_EXCHANGE generation=3 phase=cpu_committed copies=complete layer=33 in=326 out=42 slot=1280 host=0x7ac739cfac00
APLAN_EXCHANGE generation=3 phase=cpu_committed copies=complete layer=26 in=447 out=5 slot=9648 host=0x7ac649b38800
APLAN_EXCHANGE generation=3 phase=cpu_committed copies=complete layer=34 in=502 out=40 slot=7106 host=0x7ac69ed86800
APLAN_EXCHANGE generation=3 phase=cpu_committed copies=complete layer=39 in=19 out=83 slot=8015 host=0x7ac99416f000
APLAN_EXCHANGE generation=3 phase=cpu_committed copies=complete layer=19 in=168 out=56 slot=8151 host=0x7ac860cce400
APLAN_EXCHANGE generation=3 phase=cpu_committed copies=complete layer=9 in=173 out=4 slot=2450 host=0x7ac866e18800
APLAN_EXCHANGE generation=3 phase=cpu_committed copies=complete layer=4 in=387 out=19 slot=9318 host=0x7ac78e5aa400
APLAN_EXCHANGE generation=3 phase=cpu_committed copies=complete layer=23 in=288 out=15 slot=5817 host=0x7ac706898000
APLAN_EXCHANGE generation=3 phase=cpu_committed copies=complete layer=5 in=148 out=34 slot=10039 host=0x7ac8d47cf000
APLAN_EXCHANGE generation=3 phase=cpu_committed copies=complete layer=7 in=225 out=44 slot=824 host=0x7ac8aafa5800
APLAN_EXCHANGE generation=3 phase=cpu_committed copies=complete layer=12 in=10 out=3 slot=7474 host=0x7ac9e76dbc00
APLAN_EXCHANGE generation=3 phase=cpu_committed copies=complete layer=34 in=303 out=54 slot=8405 host=0x7ac71a075800
APLAN_EXCHANGE generation=3 phase=cpu_committed copies=complete layer=4 in=318 out=29 slot=10589 host=0x7aca68ca2400
APLAN_EXCHANGE generation=3 phase=cpu_committed copies=complete layer=24 in=340 out=61 slot=2145 host=0x7ac74b973c00
APLAN_EXCHANGE generation=3 phase=cpu_committed copies=complete layer=17 in=326 out=0 slot=7722 host=0x7ac7394f2800
APLAN_EXCHANGE generation=3 phase=cpu_committed copies=complete layer=3 in=33 out=13 slot=8828 host=0x7ac9a80f0c00
APLAN_EXCHANGE generation=3 phase=cpu_committed copies=complete layer=28 in=486 out=21 slot=51 host=0x7ac6871d6800
APLAN_EXCHANGE generation=3 phase=cpu_committed copies=complete layer=6 in=177 out=65 slot=5483 host=0x7ac86af2f000
APLAN_EXCHANGE generation=3 phase=cpu_committed copies=complete layer=24 in=71 out=30 slot=6292 host=0x7ac7d963a800
APLAN_EXCHANGE generation=3 phase=cpu_committed copies=complete layer=32 in=73 out=17 slot=362 host=0x7acaba7c3c00
APLAN_EXCHANGE generation=3 phase=cpu_committed copies=complete layer=43 in=449 out=4 slot=1058 host=0x7ac64e6d4c00
APLAN_EXCHANGE generation=3 phase=cpu_committed copies=complete layer=15 in=279 out=76 slot=9157 host=0x7ac6fa39f000
APLAN_EXCHANGE generation=3 phase=cpu_committed copies=complete layer=26 in=124 out=21 slot=7399 host=0x7ac81f897800
APLAN_EXCHANGE generation=3 phase=cpu_committed copies=complete layer=39 in=235 out=25 slot=4639 host=0x7ac6bab37000
APLAN_EXCHANGE generation=3 phase=cpu_committed copies=complete layer=2 in=175 out=44 slot=8577 host=0x7aca19ed7800
APLAN_EXCHANGE generation=3 phase=cpu_committed copies=complete layer=36 in=303 out=33 slot=2698 host=0x7ac71a2ae400
APLAN_EXCHANGE generation=3 phase=cpu_committed copies=complete layer=2 in=61 out=46 slot=2237 host=0x7acb47ae5400
APLAN_EXCHANGE generation=3 phase=cpu_committed copies=complete layer=30 in=289 out=32 slot=9368 host=0x7ac7083f0000
APLAN_EXCHANGE generation=3 phase=cpu_committed copies=complete layer=4 in=378 out=45 slot=536 host=0x7ac782f95c00
APLAN_EXCHANGE generation=3 phase=cpu_committed copies=complete layer=10 in=364 out=5 slot=10754 host=0x7ac76df1c400
APLAN_EXCHANGE generation=3 phase=cpu_committed copies=complete layer=44 in=382 out=55 slot=3564 host=0x7ac969709400
APLAN_EXCHANGE generation=3 phase=cpu_committed copies=complete layer=23 in=133 out=68 slot=7738 host=0x7ac907f90400
APLAN_EXCHANGE generation=3 phase=cpu_committed copies=complete layer=41 in=386 out=16 slot=1331 host=0x7ac956dd8000
APLAN_EXCHANGE generation=3 phase=cpu_committed copies=complete layer=25 in=311 out=0 slot=4012 host=0x7ac722fc5000
APLAN_EXCHANGE generation=3 phase=cpu_committed copies=complete layer=23 in=326 out=60 slot=795 host=0x7ac73982b800
APLAN_EXCHANGE generation=3 phase=cpu_committed copies=complete layer=10 in=344 out=21 slot=9873 host=0x7ac75208d800
APLAN_EXCHANGE generation=3 phase=cpu_committed copies=complete layer=32 in=176 out=16 slot=706 host=0x7aca004cec00
APLAN_EXCHANGE generation=3 phase=cpu_committed copies=complete layer=5 in=166 out=28 slot=10740 host=0x7ac85d850c00
APLAN_EXCHANGE generation=3 phase=cpu_committed copies=complete layer=19 in=430 out=37 slot=9885 host=0x7aca819cd400
APLAN_EXCHANGE generation=3 phase=cpu_committed copies=complete layer=16 in=342 out=34 slot=7378 host=0x7ac74e100c00
APLAN_EXCHANGE generation=3 phase=cpu_committed copies=complete layer=23 in=220 out=17 slot=6072 host=0x7ac8a5f78800
APLAN_EXCHANGE generation=3 phase=cpu_committed copies=complete layer=16 in=24 out=88 slot=6156 host=0x7ac99c519400
APLAN_EXCHANGE generation=3 phase=cpu_committed copies=complete layer=20 in=164 out=36 slot=6973 host=0x7ac85b8fe000
APLAN_EXCHANGE generation=3 phase=cpu_committed copies=complete layer=7 in=24 out=75 slot=6346 host=0x7aca6d0fe400
APLAN_EXCHANGE generation=3 phase=cpu_committed copies=complete layer=20 in=462 out=21 slot=9792 host=0x7aca8450a000
APLAN_EXCHANGE generation=3 phase=cpu_committed copies=complete layer=36 in=462 out=30 slot=8420 host=0x7ac662a00000
APLAN_EXCHANGE generation=3 phase=cpu_committed copies=complete layer=23 in=426 out=78 slot=169 host=0x7ac62afab000
APLAN_EXCHANGE generation=3 phase=cpu_committed copies=complete layer=43 in=419 out=45 slot=8572 host=0x7ac964f74400
APLAN_EXCHANGE generation=3 phase=cpu_committed copies=complete layer=44 in=326 out=30 slot=9006 host=0x7ac73a754c00
APLAN_EXCHANGE generation=3 phase=cpu_committed copies=complete layer=39 in=2 out=23 slot=6509 host=0x7aca4fe13000
APLAN_EXCHANGE generation=3 phase=cpu_committed copies=complete layer=11 in=26 out=20 slot=8692 host=0x7ac99ee6e800
APLAN_MIRROR generation=3 phase=mirror_uploaded entries=24576
APLAN_RESIDENCY upload=3 generation=3 adapt_every=4 adapt_swaps=96 holes=0 first_layer=-1 first_expert=-1 hash=266181379
APLAN_EXCHANGE generation=4 phase=cpu_committed copies=complete layer=16 in=73 out=28 slot=1410 host=0x7ac7dc207000
APLAN_EXCHANGE generation=4 phase=cpu_committed copies=complete layer=14 in=63 out=13 slot=3635 host=0x7ac8e9202400
APLAN_EXCHANGE generation=4 phase=cpu_committed copies=complete layer=11 in=497 out=18 slot=3070 host=0x7ac69632bc00
APLAN_EXCHANGE generation=4 phase=cpu_committed copies=complete layer=39 in=426 out=51 slot=4441 host=0x7ac62b755800
APLAN_EXCHANGE generation=4 phase=cpu_committed copies=complete layer=46 in=441 out=10 slot=5848 host=0x7ac972dabc00
APLAN_EXCHANGE generation=4 phase=cpu_committed copies=complete layer=9 in=227 out=42 slot=4055 host=0x7ac6adcf0c00
APLAN_EXCHANGE generation=4 phase=cpu_committed copies=complete layer=16 in=118 out=22 slot=10499 host=0x7acb329b0400
APLAN_EXCHANGE generation=4 phase=cpu_committed copies=complete layer=32 in=118 out=13 slot=9909 host=0x7aca419cd800
APLAN_EXCHANGE generation=4 phase=cpu_committed copies=complete layer=37 in=151 out=26 slot=8126 host=0x7ac847c19000
APLAN_EXCHANGE generation=4 phase=cpu_committed copies=complete layer=27 in=158 out=28 slot=7746 host=0x7acadfb0d800
APLAN_EXCHANGE generation=4 phase=cpu_committed copies=complete layer=10 in=447 out=19 slot=7363 host=0x7ac648e5ac00
APLAN_EXCHANGE generation=4 phase=cpu_committed copies=complete layer=16 in=44 out=68 slot=10059 host=0x7ac7b6b8a800
APLAN_EXCHANGE generation=4 phase=cpu_committed copies=complete layer=17 in=49 out=51 slot=9110 host=0x7ac7bc694c00
APLAN_EXCHANGE generation=4 phase=cpu_committed copies=complete layer=32 in=42 out=43 slot=1995 host=0x7ac7b4aae000
APLAN_EXCHANGE generation=4 phase=cpu_committed copies=complete layer=39 in=288 out=35 slot=9302 host=0x7ac706c03000
APLAN_EXCHANGE generation=4 phase=cpu_committed copies=complete layer=35 in=430 out=47 slot=1693 host=0x7ac6326f4800
APLAN_EXCHANGE generation=4 phase=cpu_committed copies=complete layer=37 in=402 out=30 slot=9444 host=0x7acb7bc25c00
APLAN_EXCHANGE generation=4 phase=cpu_committed copies=complete layer=42 in=152 out=16 slot=4995 host=0x7aca0d54dc00
APLAN_EXCHANGE generation=4 phase=cpu_committed copies=complete layer=12 in=376 out=7 slot=5876 host=0x7ac780c86c00
APLAN_EXCHANGE generation=4 phase=cpu_committed copies=complete layer=33 in=337 out=31 slot=8813 host=0x7ac9328d6800
APLAN_EXCHANGE generation=4 phase=cpu_committed copies=complete layer=4 in=407 out=25 slot=6717 host=0x7ac7a8c2cc00
APLAN_EXCHANGE generation=4 phase=cpu_committed copies=complete layer=23 in=218 out=35 slot=8970 host=0x7ac8a3b1e400
APLAN_EXCHANGE generation=4 phase=cpu_committed copies=complete layer=2 in=472 out=17 slot=7786 host=0x7acafce31000
APLAN_EXCHANGE generation=4 phase=cpu_committed copies=complete layer=40 in=258 out=29 slot=4092 host=0x7acad3213800
APLAN_EXCHANGE generation=4 phase=cpu_committed copies=complete layer=42 in=396 out=19 slot=9848 host=0x7ac95af52800
APLAN_EXCHANGE generation=4 phase=cpu_committed copies=complete layer=7 in=67 out=34 slot=1977 host=0x7ac7d3097c00
APLAN_EXCHANGE generation=4 phase=cpu_committed copies=complete layer=16 in=42 out=17 slot=382 host=0x7ac7b4361400
APLAN_EXCHANGE generation=4 phase=cpu_committed copies=complete layer=6 in=406 out=66 slot=4521 host=0x7ac7a74f5000
APLAN_EXCHANGE generation=4 phase=cpu_committed copies=complete layer=36 in=14 out=57 slot=5369 host=0x7ac93be66000
APLAN_EXCHANGE generation=4 phase=cpu_committed copies=complete layer=8 in=240 out=36 slot=10147 host=0x7ac6c12ffc00
APLAN_EXCHANGE generation=4 phase=cpu_committed copies=complete layer=16 in=176 out=43 slot=2421 host=0x7ac86a076400
APLAN_EXCHANGE generation=4 phase=cpu_committed copies=complete layer=30 in=206 out=28 slot=8929 host=0x7acb9ac37800
APLAN_EXCHANGE generation=4 phase=cpu_committed copies=complete layer=25 in=510 out=28 slot=10646 host=0x7aca8e7b5c00
APLAN_EXCHANGE generation=4 phase=cpu_committed copies=complete layer=27 in=109 out=35 slot=7632 host=0x7acb37d6dc00
APLAN_EXCHANGE generation=4 phase=cpu_committed copies=complete layer=37 in=330 out=48 slot=2295 host=0x7ac73f73d000
APLAN_EXCHANGE generation=4 phase=cpu_committed copies=complete layer=32 in=200 out=50 slot=5123 host=0x7ac88d06c400
APLAN_EXCHANGE generation=4 phase=cpu_committed copies=complete layer=47 in=461 out=66 slot=3012 host=0x7ac661100000
APLAN_EXCHANGE generation=4 phase=cpu_committed copies=complete layer=39 in=268 out=103 slot=8028 host=0x7ac6eb525000
APLAN_EXCHANGE generation=4 phase=cpu_committed copies=complete layer=45 in=180 out=45 slot=8906 host=0x7ac870d4cc00
APLAN_EXCHANGE generation=4 phase=cpu_committed copies=complete layer=21 in=37 out=26 slot=8644 host=0x7ac7adbe3800
APLAN_EXCHANGE generation=4 phase=cpu_committed copies=complete layer=27 in=30 out=63 slot=2017 host=0x7ac9a4e35400
APLAN_EXCHANGE generation=4 phase=cpu_committed copies=complete layer=18 in=342 out=26 slot=10774 host=0x7ac74e3b0400
APLAN_EXCHANGE generation=4 phase=cpu_committed copies=complete layer=26 in=364 out=20 slot=8926 host=0x7ac76e94a800
APLAN_EXCHANGE generation=4 phase=cpu_committed copies=complete layer=46 in=200 out=27 slot=4999 host=0x7ac88d816c00
APLAN_EXCHANGE generation=4 phase=cpu_committed copies=complete layer=14 in=419 out=55 slot=4745 host=0x7acb18909c00
APLAN_EXCHANGE generation=4 phase=cpu_committed copies=complete layer=9 in=228 out=28 slot=10749 host=0x7ac9e50cc000
APLAN_EXCHANGE generation=4 phase=cpu_committed copies=complete layer=4 in=503 out=3 slot=7687 host=0x7ac8d39f1000
APLAN_EXCHANGE generation=4 phase=cpu_committed copies=complete layer=41 in=182 out=0 slot=981 host=0x7ac87481d000
APLAN_EXCHANGE generation=4 phase=cpu_committed copies=complete layer=14 in=228 out=65 slot=6053 host=0x7ac6af7de800
APLAN_EXCHANGE generation=4 phase=cpu_committed copies=complete layer=16 in=122 out=101 slot=298 host=0x7ac81c934400
APLAN_EXCHANGE generation=4 phase=cpu_committed copies=complete layer=30 in=242 out=34 slot=8060 host=0x7acb3ac6d000
APLAN_EXCHANGE generation=4 phase=cpu_committed copies=complete layer=40 in=62 out=16 slot=9128 host=0x7ac94df4a400
APLAN_EXCHANGE generation=4 phase=cpu_committed copies=complete layer=9 in=487 out=55 slot=2520 host=0x7ac8dfc59c00
APLAN_EXCHANGE generation=4 phase=cpu_committed copies=complete layer=29 in=433 out=16 slot=8143 host=0x7ac6373dc000
APLAN_EXCHANGE generation=4 phase=cpu_committed copies=complete layer=3 in=147 out=66 slot=7905 host=0x7ac8407f5c00
APLAN_EXCHANGE generation=4 phase=cpu_committed copies=complete layer=29 in=345 out=6 slot=1228 host=0x7aca3c874800
APLAN_EXCHANGE generation=4 phase=cpu_committed copies=complete layer=6 in=178 out=25 slot=3985 host=0x7ac86c85ac00
APLAN_EXCHANGE generation=4 phase=cpu_committed copies=complete layer=3 in=211 out=35 slot=4867 host=0x7ac89a8f9c00
APLAN_EXCHANGE generation=4 phase=cpu_committed copies=complete layer=2 in=348 out=54 slot=5394 host=0x7ac9de59e800
APLAN_EXCHANGE generation=4 phase=cpu_committed copies=complete layer=9 in=311 out=12 slot=9782 host=0x7ac722985000
APLAN_EXCHANGE generation=4 phase=cpu_committed copies=complete layer=20 in=352 out=18 slot=8585 host=0x7ac75cb60c00
APLAN_EXCHANGE generation=4 phase=cpu_committed copies=complete layer=25 in=414 out=30 slot=3246 host=0x7ac619b8b800
APLAN_EXCHANGE generation=4 phase=cpu_committed copies=complete layer=1 in=99 out=6 slot=8823 host=0x7ac8c766f000
APLAN_EXCHANGE generation=4 phase=cpu_committed copies=complete layer=5 in=375 out=44 slot=5560 host=0x7ac77ec9e000
APLAN_EXCHANGE generation=4 phase=cpu_committed copies=complete layer=43 in=123 out=31 slot=9005 host=0x7acba9a21c00
APLAN_EXCHANGE generation=4 phase=cpu_committed copies=complete layer=9 in=116 out=30 slot=1927 host=0x7ac813366400
APLAN_EXCHANGE generation=4 phase=cpu_committed copies=complete layer=23 in=67 out=46 slot=10400 host=0x7ac7d34dd800
APLAN_EXCHANGE generation=4 phase=cpu_committed copies=complete layer=28 in=376 out=6 slot=229 host=0x7ac781130800
APLAN_EXCHANGE generation=4 phase=cpu_committed copies=complete layer=5 in=360 out=85 slot=6636 host=0x7ac8d4fdd800
APLAN_EXCHANGE generation=4 phase=cpu_committed copies=complete layer=21 in=330 out=29 slot=9887 host=0x7aca31810400
APLAN_EXCHANGE generation=4 phase=cpu_committed copies=complete layer=12 in=486 out=24 slot=3324 host=0x7ac686996000
APLAN_EXCHANGE generation=4 phase=cpu_committed copies=complete layer=31 in=421 out=36 slot=1229 host=0x7ac6244c2400
APLAN_EXCHANGE generation=4 phase=cpu_committed copies=complete layer=24 in=314 out=33 slot=3835 host=0x7acb3652f800
APLAN_EXCHANGE generation=4 phase=cpu_committed copies=complete layer=17 in=465 out=42 slot=1983 host=0x7ac666a61400
APLAN_EXCHANGE generation=4 phase=cpu_committed copies=complete layer=25 in=5 out=11 slot=8523 host=0x7ac97f6d1800
APLAN_EXCHANGE generation=4 phase=cpu_committed copies=complete layer=31 in=161 out=54 slot=4020 host=0x7ac857f4d400
APLAN_EXCHANGE generation=4 phase=cpu_committed copies=complete layer=11 in=333 out=24 slot=5321 host=0x7ac7425de800
APLAN_EXCHANGE generation=4 phase=cpu_committed copies=complete layer=7 in=412 out=22 slot=2716 host=0x7aca20499800
APLAN_EXCHANGE generation=4 phase=cpu_committed copies=complete layer=6 in=315 out=74 slot=4941 host=0x7ac7291b1c00
APLAN_EXCHANGE generation=4 phase=cpu_committed copies=complete layer=38 in=61 out=7 slot=5913 host=0x7ac94467b800
APLAN_EXCHANGE generation=4 phase=cpu_committed copies=complete layer=2 in=83 out=86 slot=5548 host=0x7aca6411f000
APLAN_EXCHANGE generation=4 phase=cpu_committed copies=complete layer=32 in=44 out=34 slot=8358 host=0x7ac7b7748c00
APLAN_EXCHANGE generation=4 phase=cpu_committed copies=complete layer=25 in=228 out=42 slot=166 host=0x7ac9f5ab7000
APLAN_EXCHANGE generation=4 phase=cpu_committed copies=complete layer=9 in=61 out=48 slot=5950 host=0x7ac7caad4000
APLAN_EXCHANGE generation=4 phase=cpu_committed copies=complete layer=12 in=425 out=53 slot=8836 host=0x7aca26598c00
APLAN_EXCHANGE generation=4 phase=cpu_committed copies=complete layer=7 in=55 out=78 slot=9054 host=0x7ac7c3478000
APLAN_EXCHANGE generation=4 phase=cpu_committed copies=complete layer=33 in=463 out=51 slot=8935 host=0x7acabb437400
APLAN_EXCHANGE generation=4 phase=cpu_committed copies=complete layer=38 in=505 out=1 slot=10680 host=0x7ac947ee1000
APLAN_EXCHANGE generation=4 phase=cpu_committed copies=complete layer=18 in=27 out=47 slot=700 host=0x7ac9a0bc0c00
APLAN_EXCHANGE generation=4 phase=cpu_committed copies=complete layer=33 in=23 out=62 slot=7415 host=0x7ac99b039800
APLAN_EXCHANGE generation=4 phase=cpu_committed copies=complete layer=22 in=505 out=33 slot=5891 host=0x7ac906dbdc00
APLAN_EXCHANGE generation=4 phase=cpu_committed copies=complete layer=27 in=269 out=49 slot=5669 host=0x7acb1e4cf800
APLAN_EXCHANGE generation=4 phase=cpu_committed copies=complete layer=19 in=151 out=36 slot=1860 host=0x7ac9bda9f000
APLAN_EXCHANGE generation=4 phase=cpu_committed copies=complete layer=14 in=462 out=20 slot=6848 host=0x7ac661b2e400
APLAN_EXCHANGE generation=4 phase=cpu_committed copies=complete layer=34 in=0 out=57 slot=294 host=0x7ac978bc3400
APLAN_EXCHANGE generation=4 phase=cpu_committed copies=complete layer=42 in=500 out=23 slot=102 host=0x7ac69bff1c00
APLAN_MIRROR generation=4 phase=mirror_uploaded entries=24576
APLAN_RESIDENCY upload=4 generation=4 adapt_every=4 adapt_swaps=96 holes=0 first_layer=-1 first_expert=-1 hash=1834789131
APLAN_EXCHANGE generation=5 phase=cpu_committed copies=complete layer=23 in=235 out=6 slot=985 host=0x7aca89fe2400
APLAN_EXCHANGE generation=5 phase=cpu_committed copies=complete layer=25 in=227 out=4 slot=763 host=0x7ac6ae4e0000
APLAN_EXCHANGE generation=5 phase=cpu_committed copies=complete layer=44 in=68 out=74 slot=67 host=0x7ac7d5bfa000
APLAN_EXCHANGE generation=5 phase=cpu_committed copies=complete layer=25 in=61 out=10 slot=948 host=0x7ac7cb6e3800
APLAN_EXCHANGE generation=5 phase=cpu_committed copies=complete layer=15 in=505 out=32 slot=329 host=0x7ac8ef2aa000
APLAN_EXCHANGE generation=5 phase=cpu_committed copies=complete layer=17 in=23 out=53 slot=10384 host=0x7ac99a650000
APLAN_EXCHANGE generation=5 phase=cpu_committed copies=complete layer=30 in=279 out=44 slot=532 host=0x7ac6fabc0400
APLAN_EXCHANGE generation=5 phase=cpu_committed copies=complete layer=33 in=90 out=0 slot=8376 host=0x7acae30f5800
APLAN_EXCHANGE generation=5 phase=cpu_committed copies=complete layer=47 in=26 out=36 slot=3915 host=0x7ac9a0341c00
APLAN_EXCHANGE generation=5 phase=cpu_committed copies=complete layer=40 in=70 out=8 slot=9042 host=0x7acb0f009000
APLAN_EXCHANGE generation=5 phase=cpu_committed copies=complete layer=31 in=412 out=13 slot=8389 host=0x7ac6172d2800
APLAN_EXCHANGE generation=5 phase=cpu_committed copies=complete layer=20 in=303 out=59 slot=9412 host=0x7ac719aac400
APLAN_EXCHANGE generation=5 phase=cpu_committed copies=complete layer=12 in=276 out=8 slot=6839 host=0x7ac6f694bc00
APLAN_EXCHANGE generation=5 phase=cpu_committed copies=complete layer=43 in=170 out=76 slot=2195 host=0x7ac95fb07c00
APLAN_EXCHANGE generation=5 phase=cpu_committed copies=complete layer=8 in=71 out=37 slot=2519 host=0x7ac7d9013800
APLAN_EXCHANGE generation=5 phase=cpu_committed copies=complete layer=11 in=109 out=23 slot=10051 host=0x7acb4c5e5400
APLAN_EXCHANGE generation=5 phase=cpu_committed copies=complete layer=0 in=279 out=0 slot=4372 host=0x7ac8c554dc00
APLAN_EXCHANGE generation=5 phase=cpu_committed copies=complete layer=10 in=458 out=2 slot=3933 host=0x7ac65a894c00
APLAN_EXCHANGE generation=5 phase=cpu_committed copies=complete layer=30 in=163 out=15 slot=7860 host=0x7ac85a657000
APLAN_EXCHANGE generation=5 phase=cpu_committed copies=complete layer=14 in=163 out=68 slot=8366 host=0x7ac859f36000
APLAN_EXCHANGE generation=5 phase=cpu_committed copies=complete layer=9 in=446 out=50 slot=5016 host=0x7ac9e58da800
APLAN_EXCHANGE generation=5 phase=cpu_committed copies=complete layer=43 in=384 out=18 slot=9309 host=0x7acb10747000
APLAN_EXCHANGE generation=5 phase=cpu_committed copies=complete layer=46 in=212 out=59 slot=222 host=0x7ac89ca1b000
APLAN_EXCHANGE generation=5 phase=cpu_committed copies=complete layer=41 in=464 out=44 slot=1698 host=0x7acabf1c9c00
APLAN_EXCHANGE generation=5 phase=cpu_committed copies=complete layer=24 in=322 out=39 slot=10513 host=0x7acb1c5c1800
APLAN_EXCHANGE generation=5 phase=cpu_committed copies=complete layer=14 in=78 out=43 slot=10276 host=0x7ac9b9ea2c00
APLAN_EXCHANGE generation=5 phase=cpu_committed copies=complete layer=25 in=173 out=33 slot=9420 host=0x7ac8673e8000
APLAN_EXCHANGE generation=5 phase=cpu_committed copies=complete layer=47 in=380 out=40 slot=2669 host=0x7aca17a38800
APLAN_EXCHANGE generation=5 phase=cpu_committed copies=complete layer=11 in=261 out=7 slot=6356 host=0x7aca25061800
APLAN_EXCHANGE generation=5 phase=cpu_committed copies=complete layer=16 in=464 out=11 slot=395 host=0x7ac664f1c000
APLAN_EXCHANGE generation=5 phase=cpu_committed copies=complete layer=5 in=407 out=25 slot=9867 host=0x7ac7a8df5000
APLAN_EXCHANGE generation=5 phase=cpu_committed copies=complete layer=43 in=67 out=105 slot=1028 host=0x7ac7d3d62c00
APLAN_EXCHANGE generation=5 phase=cpu_committed copies=complete layer=25 in=99 out=32 slot=7844 host=0x7ac7fdcf7c00
APLAN_EXCHANGE generation=5 phase=cpu_committed copies=complete layer=39 in=11 out=6 slot=871 host=0x7ac9876cc000
APLAN_EXCHANGE generation=5 phase=cpu_committed copies=complete layer=43 in=422 out=118 slot=620 host=0x7acbaa304c00
APLAN_EXCHANGE generation=5 phase=cpu_committed copies=complete layer=42 in=34 out=4 slot=9092 host=0x7ac9aa34a800
APLAN_EXCHANGE generation=5 phase=cpu_committed copies=complete layer=43 in=334 out=42 slot=5844 host=0x7ac744889800
APLAN_EXCHANGE generation=5 phase=cpu_committed copies=complete layer=28 in=276 out=24 slot=6393 host=0x7ac9c4d2c000
APLAN_EXCHANGE generation=5 phase=cpu_committed copies=complete layer=19 in=252 out=9 slot=8158 host=0x7acadd361400
APLAN_EXCHANGE generation=5 phase=cpu_committed copies=complete layer=6 in=80 out=49 slot=5482 host=0x7aca6b817400
APLAN_EXCHANGE generation=5 phase=cpu_committed copies=complete layer=28 in=341 out=29 slot=8809 host=0x7ac74cb97800
APLAN_EXCHANGE generation=5 phase=cpu_committed copies=complete layer=18 in=502 out=37 slot=2318 host=0x7ac69e4b6400
APLAN_EXCHANGE generation=5 phase=cpu_committed copies=complete layer=22 in=61 out=13 slot=8542 host=0x7ac7cb353000
APLAN_EXCHANGE generation=5 phase=cpu_committed copies=complete layer=11 in=158 out=2 slot=6559 host=0x7acb8dd10400
APLAN_EXCHANGE generation=5 phase=cpu_committed copies=complete layer=9 in=5 out=32 slot=5799 host=0x7ac97f102000
APLAN_EXCHANGE generation=5 phase=cpu_committed copies=complete layer=9 in=207 out=49 slot=1980 host=0x7ac8ddd77800
APLAN_EXCHANGE generation=5 phase=cpu_committed copies=complete layer=3 in=439 out=69 slot=8364 host=0x7ac63e1c5800
APLAN_EXCHANGE generation=5 phase=cpu_committed copies=complete layer=2 in=299 out=59 slot=3979 host=0x7ac714a85800
APLAN_EXCHANGE generation=5 phase=cpu_committed copies=complete layer=3 in=193 out=36 slot=10352 host=0x7ac882b0ac00
APLAN_EXCHANGE generation=5 phase=cpu_committed copies=complete layer=43 in=233 out=120 slot=6013 host=0x7acabfba0800
APLAN_EXCHANGE generation=5 phase=cpu_committed copies=complete layer=6 in=70 out=0 slot=9533 host=0x7ac8d6634400
APLAN_EXCHANGE generation=5 phase=cpu_committed copies=complete layer=1 in=218 out=20 slot=2968 host=0x7ac9af0af800
APLAN_EXCHANGE generation=5 phase=cpu_committed copies=complete layer=30 in=228 out=46 slot=6091 host=0x7ac6b0157800
APLAN_EXCHANGE generation=5 phase=cpu_committed copies=complete layer=10 in=257 out=29 slot=4667 host=0x7acb4c1de000
APLAN_EXCHANGE generation=5 phase=cpu_committed copies=complete layer=35 in=153 out=19 slot=5212 host=0x7ac849bc9800
APLAN_EXCHANGE generation=5 phase=cpu_committed copies=complete layer=23 in=268 out=25 slot=3141 host=0x7ac6ea98c400
APLAN_EXCHANGE generation=5 phase=cpu_committed copies=complete layer=10 in=411 out=39 slot=4808 host=0x7acac6bc9000
APLAN_EXCHANGE generation=5 phase=cpu_committed copies=complete layer=2 in=178 out=22 slot=1878 host=0x7acb2cfd8400
APLAN_EXCHANGE generation=5 phase=cpu_committed copies=complete layer=5 in=405 out=15 slot=7794 host=0x7aca1dc5d800
APLAN_EXCHANGE generation=5 phase=cpu_committed copies=complete layer=31 in=420 out=61 slot=4557 host=0x7ac622d6b400
APLAN_EXCHANGE generation=5 phase=cpu_committed copies=complete layer=41 in=46 out=52 slot=2001 host=0x7ac8088de000
APLAN_EXCHANGE generation=5 phase=cpu_committed copies=complete layer=15 in=461 out=37 slot=2244 host=0x7ac65fbdb800
APLAN_EXCHANGE generation=5 phase=cpu_committed copies=complete layer=33 in=34 out=57 slot=7414 host=0x7ac92fe10800
APLAN_EXCHANGE generation=5 phase=cpu_committed copies=complete layer=27 in=371 out=11 slot=6669 host=0x7ac778d41800
APLAN_EXCHANGE generation=5 phase=cpu_committed copies=complete layer=14 in=279 out=66 slot=5332 host=0x7ac6fa247400
APLAN_EXCHANGE generation=5 phase=cpu_committed copies=complete layer=44 in=509 out=43 slot=1656 host=0x7ac6a77af400
APLAN_EXCHANGE generation=5 phase=cpu_committed copies=complete layer=11 in=30 out=5 slot=5956 host=0x7ac9a49ef800
APLAN_EXCHANGE generation=5 phase=cpu_committed copies=complete layer=6 in=360 out=76 slot=8746 host=0x7ac767608400
APLAN_EXCHANGE generation=5 phase=cpu_committed copies=complete layer=13 in=473 out=8 slot=3233 host=0x7ac672d02400
APLAN_EXCHANGE generation=5 phase=cpu_committed copies=complete layer=26 in=458 out=2 slot=2901 host=0x7ac65b2dc000
APLAN_EXCHANGE generation=5 phase=cpu_committed copies=complete layer=6 in=44 out=77 slot=4798 host=0x7aca6b45b000
APLAN_EXCHANGE generation=5 phase=cpu_committed copies=complete layer=12 in=44 out=29 slot=6840 host=0x7ac7b68a9000
APLAN_EXCHANGE generation=5 phase=cpu_committed copies=complete layer=24 in=170 out=36 slot=9355 host=0x7ac9c240f000
APLAN_EXCHANGE generation=5 phase=cpu_committed copies=complete layer=33 in=465 out=70 slot=8083 host=0x7ac6672f3000
APLAN_EXCHANGE generation=5 phase=cpu_committed copies=complete layer=11 in=269 out=28 slot=5253 host=0x7ac9e70a2000
APLAN_EXCHANGE generation=5 phase=cpu_committed copies=complete layer=3 in=383 out=97 slot=10738 host=0x7acb4875f000
APLAN_EXCHANGE generation=5 phase=cpu_committed copies=complete layer=26 in=486 out=8 slot=5269 host=0x7ac686f27000
APLAN_EXCHANGE generation=5 phase=cpu_committed copies=complete layer=46 in=12 out=48 slot=10123 host=0x7acab014f400
APLAN_EXCHANGE generation=5 phase=cpu_committed copies=complete layer=23 in=11 out=72 slot=8462 host=0x7aca32a4d000
APLAN_EXCHANGE generation=5 phase=cpu_committed copies=complete layer=8 in=412 out=48 slot=9537 host=0x7acb4b6af800
APLAN_EXCHANGE generation=5 phase=cpu_committed copies=complete layer=7 in=30 out=15 slot=1677 host=0x7ac9a48b0c00
APLAN_EXCHANGE generation=5 phase=cpu_committed copies=complete layer=18 in=495 out=45 slot=9554 host=0x7ac69403c000
APLAN_EXCHANGE generation=5 phase=cpu_committed copies=complete layer=36 in=399 out=58 slot=1623 host=0x7ac93ef78800
APLAN_EXCHANGE generation=5 phase=cpu_committed copies=complete layer=2 in=124 out=64 slot=2876 host=0x7acb2cc47c00
APLAN_EXCHANGE generation=5 phase=cpu_committed copies=complete layer=2 in=478 out=16 slot=9098 host=0x7ac8cb68b800
APLAN_EXCHANGE generation=5 phase=cpu_committed copies=complete layer=3 in=440 out=64 slot=186 host=0x7aca66e2a400
APLAN_EXCHANGE generation=5 phase=cpu_committed copies=complete layer=43 in=110 out=9 slot=4642 host=0x7ac95edb3400
APLAN_EXCHANGE generation=5 phase=cpu_committed copies=complete layer=7 in=313 out=39 slot=3868 host=0x7ac725cd0400
APLAN_EXCHANGE generation=5 phase=cpu_committed copies=complete layer=17 in=309 out=62 slot=7276 host=0x7acadbc1d000
APLAN_EXCHANGE generation=5 phase=cpu_committed copies=complete layer=46 in=176 out=64 slot=7126 host=0x7ac86aab7400
APLAN_EXCHANGE generation=5 phase=cpu_committed copies=complete layer=12 in=304 out=42 slot=7368 host=0x7ac71a8c8c00
APLAN_EXCHANGE generation=5 phase=cpu_committed copies=complete layer=45 in=199 out=2 slot=1473 host=0x7ac96cca0000
APLAN_EXCHANGE generation=5 phase=cpu_committed copies=complete layer=4 in=479 out=64 slot=676 host=0x7ac8d3660800
APLAN_EXCHANGE generation=5 phase=cpu_committed copies=complete layer=16 in=343 out=45 slot=7073 host=0x7ac750072c00
APLAN_EXCHANGE generation=5 phase=cpu_committed copies=complete layer=20 in=498 out=53 slot=9965 host=0x7ac697d70c00
APLAN_EXCHANGE generation=5 phase=cpu_committed copies=complete layer=27 in=441 out=38 slot=7964 host=0x7ac64226b800
APLAN_MIRROR generation=5 phase=mirror_uploaded entries=24576
APLAN_RESIDENCY upload=5 generation=5 adapt_every=4 adapt_swaps=96 holes=0 first_layer=-1 first_expert=-1 hash=2264240569
APLAN_EXCHANGE generation=6 phase=cpu_committed copies=complete layer=28 in=382 out=26 slot=10194 host=0x7ac7879ae800
APLAN_EXCHANGE generation=6 phase=cpu_committed copies=complete layer=17 in=90 out=67 slot=2525 host=0x7acaeedae000
APLAN_EXCHANGE generation=6 phase=cpu_committed copies=complete layer=38 in=449 out=3 slot=2082 host=0x7ac64e14a000
APLAN_EXCHANGE generation=6 phase=cpu_committed copies=complete layer=18 in=296 out=28 slot=9720 host=0x7ac7105ac800
APLAN_EXCHANGE generation=6 phase=cpu_committed copies=complete layer=22 in=449 out=22 slot=6289 host=0x7ac9f2539400
APLAN_EXCHANGE generation=6 phase=cpu_committed copies=complete layer=47 in=507 out=20 slot=9932 host=0x7ac6a53ac800
APLAN_EXCHANGE generation=6 phase=cpu_committed copies=complete layer=30 in=134 out=23 slot=8502 host=0x7ac82ed6a800
APLAN_EXCHANGE generation=6 phase=cpu_committed copies=complete layer=14 in=206 out=41 slot=6469 host=0x7aca27fddc00
APLAN_EXCHANGE generation=6 phase=cpu_committed copies=complete layer=39 in=231 out=73 slot=117 host=0x7ac94a29f000
APLAN_EXCHANGE generation=6 phase=cpu_committed copies=complete layer=29 in=418 out=4 slot=4701 host=0x7ac61fe91800
APLAN_EXCHANGE generation=6 phase=cpu_committed copies=complete layer=8 in=170 out=4 slot=8206 host=0x7acb4adc6400
APLAN_EXCHANGE generation=6 phase=cpu_committed copies=complete layer=38 in=146 out=60 slot=9510 host=0x7acb7c8cb400
APLAN_EXCHANGE generation=6 phase=cpu_committed copies=complete layer=32 in=464 out=36 slot=9983 host=0x7ac6658d3800
APLAN_EXCHANGE generation=6 phase=cpu_committed copies=complete layer=3 in=415 out=30 slot=4866 host=0x7aca66ceb800
APLAN_EXCHANGE generation=6 phase=cpu_committed copies=complete layer=43 in=238 out=24 slot=10447 host=0x7ac96113f400
APLAN_EXCHANGE generation=6 phase=cpu_committed copies=complete layer=30 in=300 out=53 slot=4213 host=0x7acb563af000
APLAN_EXCHANGE generation=6 phase=cpu_committed copies=complete layer=26 in=456 out=26 slot=4015 host=0x7ac659464000
APLAN_EXCHANGE generation=6 phase=cpu_committed copies=complete layer=12 in=51 out=26 slot=9786 host=0x7acadacdac00
APLAN_EXCHANGE generation=6 phase=cpu_committed copies=complete layer=42 in=422 out=21 slot=6693 host=0x7ac95b6d7800
APLAN_EXCHANGE generation=6 phase=cpu_committed copies=complete layer=7 in=253 out=23 slot=2206 host=0x7ac6d2aa9800
APLAN_EXCHANGE generation=6 phase=cpu_committed copies=complete layer=24 in=97 out=37 slot=3083 host=0x7ac7fa667000
APLAN_EXCHANGE generation=6 phase=cpu_committed copies=complete layer=32 in=343 out=53 slot=8701 host=0x7ac750d63400
APLAN_EXCHANGE generation=6 phase=cpu_committed copies=complete layer=29 in=253 out=8 slot=3504 host=0x7aca94311400
APLAN_EXCHANGE generation=6 phase=cpu_committed copies=complete layer=30 in=240 out=55 slot=5757 host=0x7aca3d51a000
APLAN_EXCHANGE generation=6 phase=cpu_committed copies=complete layer=12 in=382 out=5 slot=4538 host=0x7ac787003800
APLAN_EXCHANGE generation=6 phase=cpu_committed copies=complete layer=42 in=292 out=55 slot=5609 host=0x7ac70c376800
APLAN_EXCHANGE generation=6 phase=cpu_committed copies=complete layer=42 in=81 out=9 slot=1044 host=0x7ac7e7284400
APLAN_EXCHANGE generation=6 phase=cpu_committed copies=complete layer=39 in=226 out=68 slot=8452 host=0x7ac6ad24bc00
APLAN_EXCHANGE generation=6 phase=cpu_committed copies=complete layer=23 in=339 out=24 slot=5818 host=0x7ac9f3c64800
APLAN_EXCHANGE generation=6 phase=cpu_committed copies=complete layer=2 in=108 out=28 slot=1100 host=0x7ac9aff49000
APLAN_EXCHANGE generation=6 phase=cpu_committed copies=complete layer=16 in=67 out=16 slot=1050 host=0x7ac8ef7d7000
APLAN_EXCHANGE generation=6 phase=cpu_committed copies=complete layer=27 in=52 out=0 slot=4356 host=0x7ac7bfa2b000
APLAN_EXCHANGE generation=6 phase=cpu_committed copies=complete layer=30 in=78 out=66 slot=4432 host=0x7acb3a38a000
APLAN_EXCHANGE generation=6 phase=cpu_committed copies=complete layer=12 in=56 out=43 slot=9058 host=0x7ac7c4a6ac00
APLAN_EXCHANGE generation=6 phase=cpu_committed copies=complete layer=47 in=456 out=72 slot=8740 host=0x7ac6599d5c00
APLAN_EXCHANGE generation=6 phase=cpu_committed copies=complete layer=42 in=74 out=8 slot=1128 host=0x7ac7dde97800
APLAN_EXCHANGE generation=6 phase=cpu_committed copies=complete layer=21 in=486 out=31 slot=9725 host=0x7ac686c5e800
APLAN_EXCHANGE generation=6 phase=cpu_committed copies=complete layer=25 in=19 out=12 slot=10404 host=0x7ac9936e3000
APLAN_EXCHANGE generation=6 phase=cpu_committed copies=complete layer=23 in=226 out=71 slot=10294 host=0x7ac6ac729c00
APLAN_EXCHANGE generation=6 phase=cpu_committed copies=complete layer=27 in=26 out=13 slot=8700 host=0x7ac99f706800
APLAN_EXCHANGE generation=6 phase=cpu_committed copies=complete layer=8 in=129 out=31 slot=5088 host=0x7ac8263de000
APLAN_EXCHANGE generation=6 phase=cpu_committed copies=complete layer=10 in=466 out=24 slot=9475 host=0x7ac667b46400
APLAN_EXCHANGE generation=6 phase=cpu_committed copies=complete layer=39 in=414 out=97 slot=8056 host=0x7acb41e25800
APLAN_EXCHANGE generation=6 phase=cpu_committed copies=complete layer=15 in=407 out=61 slot=847 host=0x7ac8ee5b3400
APLAN_EXCHANGE generation=6 phase=cpu_committed copies=complete layer=44 in=303 out=34 slot=8862 host=0x7acb29006c00
APLAN_EXCHANGE generation=6 phase=cpu_committed copies=complete layer=27 in=411 out=58 slot=7965 host=0x7ac6156d1c00
APLAN_EXCHANGE generation=6 phase=cpu_committed copies=complete layer=9 in=201 out=11 slot=8457 host=0x7ac88e18fc00
APLAN_EXCHANGE generation=6 phase=cpu_committed copies=complete layer=43 in=366 out=25 slot=6219 host=0x7ac7726ca400
APLAN_EXCHANGE generation=6 phase=cpu_committed copies=complete layer=1 in=344 out=10 slot=5004 host=0x7ac9af6e9400
APLAN_EXCHANGE generation=6 phase=cpu_committed copies=complete layer=11 in=441 out=11 slot=10372 host=0x7ac641a05800
APLAN_EXCHANGE generation=6 phase=cpu_committed copies=complete layer=3 in=476 out=15 slot=10034 host=0x7ac9b180a800
APLAN_EXCHANGE generation=6 phase=cpu_committed copies=complete layer=3 in=179 out=4 slot=8513 host=0x7ac86dbe2c00
APLAN_EXCHANGE generation=6 phase=cpu_committed copies=complete layer=4 in=317 out=55 slot=4118 host=0x7aca68ada000
APLAN_EXCHANGE generation=6 phase=cpu_committed copies=complete layer=45 in=122 out=29 slot=7544 host=0x7ac81db38c00
APLAN_EXCHANGE generation=6 phase=cpu_committed copies=complete layer=13 in=297 out=9 slot=9955 host=0x7acb8f0e9800
APLAN_EXCHANGE generation=6 phase=cpu_committed copies=complete layer=42 in=251 out=10 slot=6614 host=0x7acb43b58800
APLAN_EXCHANGE generation=6 phase=cpu_committed copies=complete layer=3 in=27 out=9 slot=6815 host=0x7ac9a0555000
APLAN_EXCHANGE generation=6 phase=cpu_committed copies=complete layer=17 in=139 out=50 slot=8540 host=0x7ac835cfd000
APLAN_EXCHANGE generation=6 phase=cpu_committed copies=complete layer=32 in=440 out=56 slot=9291 host=0x7ac640997400
APLAN_EXCHANGE generation=6 phase=cpu_committed copies=complete layer=1 in=93 out=14 slot=4931 host=0x7acb2c307000
APLAN_EXCHANGE generation=6 phase=cpu_committed copies=complete layer=10 in=161 out=32 slot=4737 host=0x7acad9e92800
APLAN_EXCHANGE generation=6 phase=cpu_committed copies=complete layer=5 in=218 out=4 slot=5398 host=0x7acac470ac00
APLAN_EXCHANGE generation=6 phase=cpu_committed copies=complete layer=34 in=344 out=33 slot=9089 host=0x7ac752eb0400
APLAN_EXCHANGE generation=6 phase=cpu_committed copies=complete layer=20 in=361 out=90 slot=53 host=0x7acb94517800
APLAN_EXCHANGE generation=6 phase=cpu_committed copies=complete layer=24 in=129 out=4 slot=8253 host=0x7ac826c6fc00
APLAN_EXCHANGE generation=6 phase=cpu_committed copies=complete layer=11 in=182 out=43 slot=3633 host=0x7ac8724a3c00
APLAN_EXCHANGE generation=6 phase=cpu_committed copies=complete layer=19 in=314 out=11 slot=8519 host=0x7aca2e548400
APLAN_EXCHANGE generation=6 phase=cpu_committed copies=complete layer=20 in=14 out=74 slot=302 host=0x7ac98b601400
APLAN_EXCHANGE generation=6 phase=cpu_committed copies=complete layer=24 in=297 out=63 slot=8764 host=0x7ac7121f2000
APLAN_EXCHANGE generation=6 phase=cpu_committed copies=complete layer=4 in=68 out=67 slot=3982 host=0x7ac7d4564c00
APLAN_EXCHANGE generation=6 phase=cpu_committed copies=complete layer=38 in=389 out=62 slot=3973 host=0x7ac79167e400
APLAN_EXCHANGE generation=6 phase=cpu_committed copies=complete layer=28 in=56 out=32 slot=3602 host=0x7ac7c4ee2800
APLAN_EXCHANGE generation=6 phase=cpu_committed copies=complete layer=27 in=212 out=39 slot=4357 host=0x7ac89c2c8000
APLAN_EXCHANGE generation=6 phase=cpu_committed copies=complete layer=37 in=471 out=36 slot=8422 host=0x7aca4ea97800
APLAN_EXCHANGE generation=6 phase=cpu_committed copies=complete layer=14 in=503 out=56 slot=2984 host=0x7ac69fbc8800
APLAN_EXCHANGE generation=6 phase=cpu_committed copies=complete layer=10 in=281 out=35 slot=8750 host=0x7aca24358000
APLAN_EXCHANGE generation=6 phase=cpu_committed copies=complete layer=9 in=133 out=33 slot=9705 host=0x7ac9e4a15400
APLAN_EXCHANGE generation=6 phase=cpu_committed copies=complete layer=23 in=479 out=89 slot=10642 host=0x7ac67d545400
APLAN_EXCHANGE generation=6 phase=cpu_committed copies=complete layer=6 in=389 out=38 slot=10362 host=0x7aca1f32b000
APLAN_EXCHANGE generation=6 phase=cpu_committed copies=complete layer=16 in=155 out=52 slot=9158 host=0x7ac84be6e400
APLAN_EXCHANGE generation=6 phase=cpu_committed copies=complete layer=18 in=281 out=33 slot=9880 host=0x7ac6fd8fd800
APLAN_EXCHANGE generation=6 phase=cpu_committed copies=complete layer=22 in=299 out=24 slot=7617 host=0x7ac9f18bf800
APLAN_EXCHANGE generation=6 phase=cpu_committed copies=complete layer=20 in=65 out=98 slot=5194 host=0x7acac9eeec00
APLAN_EXCHANGE generation=6 phase=cpu_committed copies=complete layer=13 in=433 out=2 slot=4140 host=0x7ac636994c00
APLAN_EXCHANGE generation=6 phase=cpu_committed copies=complete layer=5 in=91 out=17 slot=9257 host=0x7ac7f2271c00
APLAN_EXCHANGE generation=6 phase=cpu_committed copies=complete layer=8 in=122 out=50 slot=9471 host=0x7ac81c34bc00
APLAN_EXCHANGE generation=6 phase=cpu_committed copies=complete layer=38 in=70 out=47 slot=4221 host=0x7ac7d8711400
APLAN_EXCHANGE generation=6 phase=cpu_committed copies=complete layer=32 in=260 out=21 slot=10092 host=0x7acacf274000
APLAN_EXCHANGE generation=6 phase=cpu_committed copies=complete layer=12 in=387 out=60 slot=5719 host=0x7ac8e5a07000
APLAN_EXCHANGE generation=6 phase=cpu_committed copies=complete layer=31 in=407 out=65 slot=272 host=0x7ac7a9a8e000
APLAN_EXCHANGE generation=6 phase=cpu_committed copies=complete layer=26 in=231 out=15 slot=10519 host=0x7acaf2fabc00
APLAN_EXCHANGE generation=6 phase=cpu_committed copies=complete layer=19 in=475 out=19 slot=4480 host=0x7aca81b25000
APLAN_EXCHANGE generation=6 phase=cpu_committed copies=complete layer=28 in=425 out=43 slot=9075 host=0x7aca92d5d000
APLAN_EXCHANGE generation=6 phase=cpu_committed copies=complete layer=18 in=311 out=58 slot=5188 host=0x7ac722adcc00
APLAN_EXCHANGE generation=6 phase=cpu_committed copies=complete layer=15 in=161 out=30 slot=9789 host=0x7ac856e81400
APLAN_EXCHANGE generation=6 phase=cpu_committed copies=complete layer=23 in=2 out=92 slot=520 host=0x7aca326bc800
APLAN_MIRROR generation=6 phase=mirror_uploaded entries=24576
APLAN_RESIDENCY upload=6 generation=6 adapt_every=4 adapt_swaps=96 holes=0 first_layer=-1 first_expert=-1 hash=1102604423
APLAN_EXCHANGE generation=7 phase=cpu_committed copies=complete layer=18 in=303 out=22 slot=10502 host=0x7ac7198e4000
APLAN_EXCHANGE generation=7 phase=cpu_committed copies=complete layer=6 in=388 out=37 slot=3284 host=0x7ac8d7b5f000
APLAN_EXCHANGE generation=7 phase=cpu_committed copies=complete layer=10 in=486 out=40 slot=9706 host=0x7ac6866ff800
APLAN_EXCHANGE generation=7 phase=cpu_committed copies=complete layer=40 in=404 out=3 slot=6794 host=0x7ac9511b4800
APLAN_EXCHANGE generation=7 phase=cpu_committed copies=complete layer=31 in=41 out=25 slot=260 host=0x7ac7b3075800
APLAN_EXCHANGE generation=7 phase=cpu_committed copies=complete layer=3 in=502 out=8 slot=9865 host=0x7ac69daa1000
APLAN_EXCHANGE generation=7 phase=cpu_committed copies=complete layer=11 in=228 out=33 slot=7364 host=0x7ac6af561000
APLAN_EXCHANGE generation=7 phase=cpu_committed copies=complete layer=28 in=109 out=30 slot=8852 host=0x7aca3960a400
APLAN_EXCHANGE generation=7 phase=cpu_committed copies=complete layer=29 in=75 out=24 slot=8736 host=0x7ac91da83000
APLAN_EXCHANGE generation=7 phase=cpu_committed copies=complete layer=34 in=244 out=47 slot=626 host=0x7aca02d49400
APLAN_EXCHANGE generation=7 phase=cpu_committed copies=complete layer=30 in=298 out=67 slot=7973 host=0x7aca975d3000
APLAN_EXCHANGE generation=7 phase=cpu_committed copies=complete layer=15 in=49 out=64 slot=8164 host=0x7aca79842c00
APLAN_EXCHANGE generation=7 phase=cpu_committed copies=complete layer=28 in=399 out=36 slot=9570 host=0x7aca3a35ec00
APLAN_EXCHANGE generation=7 phase=cpu_committed copies=complete layer=32 in=285 out=61 slot=607 host=0x7aca4323dc00
APLAN_EXCHANGE generation=7 phase=cpu_committed copies=complete layer=5 in=51 out=33 slot=6822 host=0x7ac8d3fc0800
APLAN_EXCHANGE generation=7 phase=cpu_committed copies=complete layer=12 in=341 out=34 slot=2832 host=0x7ac74c777400
APLAN_EXCHANGE generation=7 phase=cpu_committed copies=complete layer=37 in=476 out=32 slot=6103 host=0x7acaaacfb400
APLAN_EXCHANGE generation=7 phase=cpu_committed copies=complete layer=5 in=99 out=42 slot=7908 host=0x7ac7fd5b7800
APLAN_EXCHANGE generation=7 phase=cpu_committed copies=complete layer=24 in=193 out=64 slot=4074 host=0x7ac8833c8400
APLAN_EXCHANGE generation=7 phase=cpu_committed copies=complete layer=29 in=14 out=13 slot=4972 host=0x7ac7fde4f800
APLAN_EXCHANGE generation=7 phase=cpu_committed copies=complete layer=7 in=318 out=29 slot=8032 host=0x7aca200dd400
APLAN_EXCHANGE generation=7 phase=cpu_committed copies=complete layer=18 in=344 out=5 slot=1564 host=0x7ac7524c6c00
APLAN_EXCHANGE generation=7 phase=cpu_committed copies=complete layer=2 in=450 out=69 slot=5702 host=0x7ac64ee40c00
APLAN_EXCHANGE generation=7 phase=cpu_committed copies=complete layer=15 in=41 out=25 slot=834 host=0x7ac7b25bdc00
APLAN_EXCHANGE generation=7 phase=cpu_committed copies=complete layer=38 in=14 out=49 slot=5455 host=0x7acb40d9e400
APLAN_EXCHANGE generation=7 phase=cpu_committed copies=complete layer=27 in=420 out=43 slot=3197 host=0x7ac622c2c800
APLAN_EXCHANGE generation=7 phase=cpu_committed copies=complete layer=18 in=244 out=48 slot=5422 host=0x7acb6c791400
APLAN_EXCHANGE generation=7 phase=cpu_committed copies=complete layer=16 in=285 out=96 slot=9272 host=0x7ac702e12c00
APLAN_EXCHANGE generation=7 phase=cpu_committed copies=complete layer=12 in=109 out=62 slot=7589 host=0x7ac8e474d400
APLAN_EXCHANGE generation=7 phase=cpu_committed copies=complete layer=40 in=474 out=6 slot=876 host=0x7acb5c85e000
APLAN_EXCHANGE generation=7 phase=cpu_committed copies=complete layer=31 in=49 out=79 slot=10420 host=0x7aca99005400
APLAN_EXCHANGE generation=7 phase=cpu_committed copies=complete layer=20 in=272 out=12 slot=10633 host=0x7acaf0449800
APLAN_EXCHANGE generation=7 phase=cpu_committed copies=complete layer=11 in=304 out=25 slot=5173 host=0x7ac8e32cb400
APLAN_EXCHANGE generation=7 phase=cpu_committed copies=complete layer=27 in=304 out=65 slot=8677 host=0x7ac9c44b9800
APLAN_EXCHANGE generation=7 phase=cpu_committed copies=complete layer=20 in=57 out=63 slot=3644 host=0x7ac645070c00
APLAN_EXCHANGE generation=7 phase=cpu_committed copies=complete layer=44 in=332 out=88 slot=9678 host=0x7ac74228c800
APLAN_EXCHANGE generation=7 phase=cpu_committed copies=complete layer=1 in=47 out=50 slot=6706 host=0x7ac9aea75c00
APLAN_EXCHANGE generation=7 phase=cpu_committed copies=complete layer=35 in=314 out=48 slot=6411 host=0x7acba1d9ec00
APLAN_EXCHANGE generation=7 phase=cpu_committed copies=complete layer=1 in=148 out=33 slot=5545 host=0x7ac841431000
APLAN_EXCHANGE generation=7 phase=cpu_committed copies=complete layer=23 in=19 out=83 slot=7620 host=0x7ac99351ac00
APLAN_EXCHANGE generation=7 phase=cpu_committed copies=complete layer=4 in=33 out=66 slot=1489 host=0x7ac9a822f800
APLAN_EXCHANGE generation=7 phase=cpu_committed copies=complete layer=46 in=260 out=73 slot=177 host=0x7aca166a4000
APLAN_EXCHANGE generation=7 phase=cpu_committed copies=complete layer=15 in=447 out=79 slot=9217 host=0x7ac649230000
APLAN_EXCHANGE generation=7 phase=cpu_committed copies=complete layer=14 in=429 out=44 slot=493 host=0x7aca28ea3000
APLAN_EXCHANGE generation=7 phase=cpu_committed copies=complete layer=44 in=73 out=75 slot=8627 host=0x7acaf9bec400
APLAN_EXCHANGE generation=7 phase=cpu_committed copies=complete layer=43 in=213 out=102 slot=7331 host=0x7ac89e3dcc00
APLAN_EXCHANGE generation=7 phase=cpu_committed copies=complete layer=34 in=207 out=45 slot=10669 host=0x7acabb838400
APLAN_EXCHANGE generation=7 phase=cpu_committed copies=complete layer=22 in=14 out=47 slot=3953 host=0x7acb5138e800
APLAN_EXCHANGE generation=7 phase=cpu_committed copies=complete layer=4 in=176 out=65 slot=2711 host=0x7ac9b1ea2000
APLAN_EXCHANGE generation=7 phase=cpu_committed copies=complete layer=36 in=476 out=74 slot=112 host=0x7ac679b0b000
APLAN_EXCHANGE generation=7 phase=cpu_committed copies=complete layer=10 in=239 out=46 slot=4668 host=0x7ac6bfc6a800
APLAN_EXCHANGE generation=7 phase=cpu_committed copies=complete layer=10 in=37 out=42 slot=2452 host=0x7ac9e60e9000
APLAN_EXCHANGE generation=7 phase=cpu_committed copies=complete layer=15 in=412 out=81 slot=1592 host=0x7ac6168e9000
APLAN_EXCHANGE generation=7 phase=cpu_committed copies=complete layer=11 in=190 out=54 slot=9153 host=0x7ac87e7f3c00
APLAN_EXCHANGE generation=7 phase=cpu_committed copies=complete layer=33 in=288 out=81 slot=3260 host=0x7acb22f14000
APLAN_EXCHANGE generation=7 phase=cpu_committed copies=complete layer=35 in=238 out=9 slot=8739 host=0x7acb79d9b000
APLAN_EXCHANGE generation=7 phase=cpu_committed copies=complete layer=18 in=300 out=57 slot=776 host=0x7acb19cc3c00
APLAN_EXCHANGE generation=7 phase=cpu_committed copies=complete layer=21 in=425 out=36 slot=7616 host=0x7acacadf2800
APLAN_EXCHANGE generation=7 phase=cpu_committed copies=complete layer=36 in=57 out=63 slot=3039 host=0x7ac93be66000
APLAN_EXCHANGE generation=7 phase=cpu_committed copies=complete layer=13 in=289 out=4 slot=3232 host=0x7ac70798fc00
APLAN_EXCHANGE generation=7 phase=cpu_committed copies=complete layer=34 in=300 out=48 slot=7215 host=0x7acb232a4800
APLAN_EXCHANGE generation=7 phase=cpu_committed copies=complete layer=6 in=236 out=2 slot=10263 host=0x7acafe76f800
APLAN_EXCHANGE generation=7 phase=cpu_committed copies=complete layer=0 in=327 out=30 slot=9521 host=0x7acafb9b5400
APLAN_EXCHANGE generation=7 phase=cpu_committed copies=complete layer=13 in=350 out=13 slot=6842 host=0x7aca27195800
APLAN_EXCHANGE generation=7 phase=cpu_committed copies=complete layer=26 in=239 out=30 slot=6186 host=0x7aca8f493800
APLAN_EXCHANGE generation=7 phase=cpu_committed copies=complete layer=5 in=202 out=75 slot=7455 host=0x7acafe229800
APLAN_EXCHANGE generation=7 phase=cpu_committed copies=complete layer=42 in=282 out=49 slot=1628 host=0x7aca0dcd2c00
APLAN_EXCHANGE generation=7 phase=cpu_committed copies=complete layer=38 in=72 out=32 slot=4562 host=0x7ac7db749000
APLAN_EXCHANGE generation=7 phase=cpu_committed copies=complete layer=10 in=434 out=47 slot=7057 host=0x7ac637fe5400
APLAN_EXCHANGE generation=7 phase=cpu_committed copies=complete layer=35 in=352 out=51 slot=1426 host=0x7ac75d0b9800
APLAN_EXCHANGE generation=7 phase=cpu_committed copies=complete layer=21 in=195 out=32 slot=1988 host=0x7ac8860a1800
APLAN_EXCHANGE generation=7 phase=cpu_committed copies=complete layer=1 in=289 out=89 slot=8629 host=0x7ac707174c00
APLAN_EXCHANGE generation=7 phase=cpu_committed copies=complete layer=0 in=361 out=8 slot=4791 host=0x7acb46e14000
APLAN_EXCHANGE generation=7 phase=cpu_committed copies=complete layer=2 in=354 out=0 slot=4516 host=0x7acb483ce800
APLAN_EXCHANGE generation=7 phase=cpu_committed copies=complete layer=1 in=250 out=66 slot=5074 host=0x7acb475ea400
APLAN_EXCHANGE generation=7 phase=cpu_committed copies=complete layer=29 in=493 out=31 slot=9364 host=0x7ac921107400
APLAN_EXCHANGE generation=7 phase=cpu_committed copies=complete layer=27 in=228 out=70 slot=9284 host=0x7ac6afe37800
APLAN_EXCHANGE generation=7 phase=cpu_committed copies=complete layer=14 in=313 out=73 slot=7476 host=0x7ac725f4dc00
APLAN_EXCHANGE generation=7 phase=cpu_committed copies=complete layer=28 in=290 out=64 slot=6193 host=0x7ac91b3e3800
APLAN_EXCHANGE generation=7 phase=cpu_committed copies=complete layer=40 in=446 out=60 slot=2438 host=0x7ac9518e8400
APLAN_EXCHANGE generation=7 phase=cpu_committed copies=complete layer=2 in=395 out=47 slot=5152 host=0x7aca64a08400
APLAN_EXCHANGE generation=7 phase=cpu_committed copies=complete layer=0 in=257 out=17 slot=4927 host=0x7aca61a4d800
APLAN_EXCHANGE generation=7 phase=cpu_committed copies=complete layer=5 in=31 out=59 slot=4049 host=0x7ac9a581ec00
APLAN_EXCHANGE generation=7 phase=cpu_committed copies=complete layer=4 in=500 out=71 slot=4119 host=0x7ac69aa11c00
APLAN_EXCHANGE generation=7 phase=cpu_committed copies=complete layer=37 in=65 out=33 slot=119 host=0x7ac7d1ac4400
APLAN_EXCHANGE generation=7 phase=cpu_committed copies=complete layer=14 in=170 out=85 slot=6363 host=0x7ac86286b000
APLAN_EXCHANGE generation=7 phase=cpu_committed copies=complete layer=28 in=368 out=67 slot=3299 host=0x7ac7757aac00
APLAN_EXCHANGE generation=7 phase=cpu_committed copies=complete layer=14 in=357 out=34 slot=1930 host=0x7ac7632fdc00
APLAN_EXCHANGE generation=7 phase=cpu_committed copies=complete layer=3 in=468 out=39 slot=10587 host=0x7aca1baf7800
APLAN_EXCHANGE generation=7 phase=cpu_committed copies=complete layer=28 in=387 out=82 slot=5054 host=0x7ac9f961d400
APLAN_EXCHANGE generation=7 phase=cpu_committed copies=complete layer=23 in=34 out=77 slot=10511 host=0x7ac9a97f6800
APLAN_EXCHANGE generation=7 phase=cpu_committed copies=complete layer=2 in=166 out=88 slot=6932 host=0x7acb8791cc00
APLAN_EXCHANGE generation=7 phase=cpu_committed copies=complete layer=2 in=272 out=7 slot=2923 host=0x7ac6f1223400
APLAN_EXCHANGE generation=7 phase=cpu_committed copies=complete layer=27 in=113 out=17 slot=3090 host=0x7aca37d3c400
APLAN_EXCHANGE generation=7 phase=cpu_committed copies=complete layer=7 in=494 out=11 slot=5563 host=0x7acac58ab400
APLAN_EXCHANGE generation=7 phase=cpu_committed copies=complete layer=1 in=39 out=36 slot=8824 host=0x7acb6291ec00
APLAN_MIRROR generation=7 phase=mirror_uploaded entries=24576
APLAN_RESIDENCY upload=7 generation=7 adapt_every=4 adapt_swaps=96 holes=0 first_layer=-1 first_expert=-1 hash=3185220533
APLAN_EXCHANGE generation=8 phase=cpu_committed copies=complete layer=31 in=451 out=66 slot=123 host=0x7ac928bc8400
APLAN_EXCHANGE generation=8 phase=cpu_committed copies=complete layer=32 in=293 out=40 slot=9369 host=0x7acb76085800
APLAN_EXCHANGE generation=8 phase=cpu_committed copies=complete layer=9 in=19 out=36 slot=5409 host=0x7ac8dd2b9800
APLAN_EXCHANGE generation=8 phase=cpu_committed copies=complete layer=19 in=189 out=34 slot=5100 host=0x7ac87d071000
APLAN_EXCHANGE generation=8 phase=cpu_committed copies=complete layer=25 in=95 out=14 slot=4013 host=0x7acb97380c00
APLAN_EXCHANGE generation=8 phase=cpu_committed copies=complete layer=35 in=44 out=69 slot=5129 host=0x7ac62cede800
APLAN_EXCHANGE generation=8 phase=cpu_committed copies=complete layer=11 in=113 out=63 slot=1513 host=0x7ac80f268c00
APLAN_EXCHANGE generation=8 phase=cpu_committed copies=complete layer=30 in=429 out=68 slot=8652 host=0x7ac630de8000
APLAN_EXCHANGE generation=8 phase=cpu_committed copies=complete layer=35 in=399 out=10 slot=347 host=0x7acb3ef7dc00
APLAN_EXCHANGE generation=8 phase=cpu_committed copies=complete layer=6 in=160 out=36 slot=10478 host=0x7ac854fcac00
APLAN_EXCHANGE generation=8 phase=cpu_committed copies=complete layer=0 in=437 out=1 slot=6020 host=0x7aca1836cc00
APLAN_EXCHANGE generation=8 phase=cpu_committed copies=complete layer=39 in=326 out=104 slot=1543 host=0x7ac73a279000
APLAN_EXCHANGE generation=8 phase=cpu_committed copies=complete layer=9 in=254 out=14 slot=3067 host=0x7ac6d45d5c00
APLAN_EXCHANGE generation=8 phase=cpu_committed copies=complete layer=1 in=98 out=44 slot=7035 host=0x7ac7fb45e000
APLAN_EXCHANGE generation=8 phase=cpu_committed copies=complete layer=13 in=199 out=24 slot=8797 host=0x7ac8e789e400
APLAN_EXCHANGE generation=8 phase=cpu_committed copies=complete layer=45 in=390 out=62 slot=10705 host=0x7acb82e87000
APLAN_EXCHANGE generation=8 phase=cpu_committed copies=complete layer=12 in=272 out=64 slot=4952 host=0x7ac6f152a400
APLAN_EXCHANGE generation=8 phase=cpu_committed copies=complete layer=24 in=23 out=6 slot=6661 host=0x7ac99aae0c00
APLAN_EXCHANGE generation=8 phase=cpu_committed copies=complete layer=41 in=160 out=61 slot=799 host=0x7ac856239800
APLAN_EXCHANGE generation=8 phase=cpu_committed copies=complete layer=21 in=226 out=53 slot=2939 host=0x7acacab11000
APLAN_EXCHANGE generation=8 phase=cpu_committed copies=complete layer=2 in=389 out=3 slot=9939 host=0x7ac9b0bc2c00
APLAN_EXCHANGE generation=8 phase=cpu_committed copies=complete layer=26 in=36 out=10 slot=406 host=0x7ac9c3577400
APLAN_EXCHANGE generation=8 phase=cpu_committed copies=complete layer=29 in=199 out=0 slot=6304 host=0x7ac88b75fc00
APLAN_EXCHANGE generation=8 phase=cpu_committed copies=complete layer=16 in=266 out=108 slot=6058 host=0x7acb6ba2a000
APLAN_EXCHANGE generation=8 phase=cpu_committed copies=complete layer=2 in=326 out=27 slot=7561 host=0x7ac738f3c000
APLAN_EXCHANGE generation=8 phase=cpu_committed copies=complete layer=14 in=389 out=72 slot=5881 host=0x7acb4d98c800
APLAN_EXCHANGE generation=8 phase=cpu_committed copies=complete layer=4 in=157 out=23 slot=10475 host=0x7aca1bfc6c00
APLAN_EXCHANGE generation=8 phase=cpu_committed copies=complete layer=44 in=77 out=59 slot=2868 host=0x7ac7e1beb800
APLAN_EXCHANGE generation=8 phase=cpu_committed copies=complete layer=0 in=474 out=33 slot=4928 host=0x7acb6244f800
APLAN_EXCHANGE generation=8 phase=cpu_committed copies=complete layer=47 in=8 out=82 slot=1875 host=0x7acb2a5f3400
APLAN_EXCHANGE generation=8 phase=cpu_committed copies=complete layer=18 in=142 out=7 slot=4148 host=0x7ac83a654000
APLAN_EXCHANGE generation=8 phase=cpu_committed copies=complete layer=8 in=293 out=6 slot=7578 host=0x7ac70c8cf400
APLAN_EXCHANGE generation=8 phase=cpu_committed copies=complete layer=8 in=23 out=51 slot=5796 host=0x7ac99a1d8400
APLAN_EXCHANGE generation=8 phase=cpu_committed copies=complete layer=3 in=469 out=58 slot=9201 host=0x7aca66f69000
APLAN_EXCHANGE generation=8 phase=cpu_committed copies=complete layer=28 in=243 out=92 slot=10808 host=0x7acab7ead000
APLAN_EXCHANGE generation=8 phase=cpu_committed copies=complete layer=4 in=180 out=16 slot=6937 host=0x7ac86f779400
APLAN_EXCHANGE generation=8 phase=cpu_committed copies=complete layer=26 in=416 out=39 slot=986 host=0x7ac61d2b8800
APLAN_EXCHANGE generation=8 phase=cpu_committed copies=complete layer=25 in=188 out=36 slot=4613 host=0x7ac87b958800
APLAN_EXCHANGE generation=8 phase=cpu_committed copies=complete layer=43 in=455 out=128 slot=5776 host=0x7ac6582a4400
APLAN_EXCHANGE generation=8 phase=cpu_committed copies=complete layer=20 in=427 out=99 slot=2843 host=0x7ac62c74d000
APLAN_EXCHANGE generation=8 phase=cpu_committed copies=complete layer=26 in=37 out=56 slot=3502 host=0x7aca8eed0800
APLAN_EXCHANGE generation=8 phase=cpu_committed copies=complete layer=20 in=149 out=58 slot=756 host=0x7ac84400a000
APLAN_EXCHANGE generation=8 phase=cpu_committed copies=complete layer=39 in=220 out=24 slot=9191 host=0x7ac8a651c400
APLAN_EXCHANGE generation=8 phase=cpu_committed copies=complete layer=35 in=46 out=32 slot=7419 host=0x7aca03c66000
APLAN_EXCHANGE generation=8 phase=cpu_committed copies=complete layer=16 in=293 out=90 slot=2217 host=0x7ac70cc08400
APLAN_EXCHANGE generation=8 phase=cpu_committed copies=complete layer=40 in=156 out=7 slot=8088 host=0x7acabde16000
APLAN_EXCHANGE generation=8 phase=cpu_committed copies=complete layer=25 in=488 out=41 slot=5898 host=0x7acadf143400
APLAN_EXCHANGE generation=8 phase=cpu_committed copies=complete layer=3 in=29 out=115 slot=3980 host=0x7ac639467400
APLAN_EXCHANGE generation=8 phase=cpu_committed copies=complete layer=3 in=462 out=116 slot=3282 host=0x7ac661313400
APLAN_EXCHANGE generation=8 phase=cpu_committed copies=complete layer=19 in=399 out=32 slot=8584 host=0x7aca8171dc00
APLAN_EXCHANGE generation=8 phase=cpu_committed copies=complete layer=30 in=389 out=56 slot=4621 host=0x7acb3b317400
APLAN_EXCHANGE generation=8 phase=cpu_committed copies=complete layer=1 in=236 out=63 slot=6232 host=0x7ac9af1ee400
APLAN_EXCHANGE generation=8 phase=cpu_committed copies=complete layer=45 in=452 out=12 slot=568 host=0x7aca15bd9800
APLAN_EXCHANGE generation=8 phase=cpu_committed copies=complete layer=42 in=299 out=46 slot=8861 host=0x7acabf36c800
APLAN_EXCHANGE generation=8 phase=cpu_committed copies=complete layer=6 in=19 out=127 slot=5164 host=0x7ac9b3ba9400
APLAN_EXCHANGE generation=8 phase=cpu_committed copies=complete layer=41 in=218 out=50 slot=10111 host=0x7acb5cb3f800
APLAN_EXCHANGE generation=8 phase=cpu_committed copies=complete layer=19 in=153 out=50 slot=2423 host=0x7ac8496e1400
APLAN_EXCHANGE generation=8 phase=cpu_committed copies=complete layer=26 in=434 out=47 slot=7961 host=0x7ac638512400
APLAN_EXCHANGE generation=8 phase=cpu_committed copies=complete layer=24 in=160 out=50 slot=8439 host=0x7acaf21f9800
APLAN_EXCHANGE generation=8 phase=cpu_committed copies=complete layer=1 in=492 out=78 slot=9393 host=0x7acb2c802000
APLAN_EXCHANGE generation=8 phase=cpu_committed copies=complete layer=27 in=190 out=66 slot=5201 host=0x7ac87ef02000
APLAN_EXCHANGE generation=8 phase=cpu_committed copies=complete layer=17 in=288 out=33 slot=8800 host=0x7acb913ba000
APLAN_EXCHANGE generation=8 phase=cpu_committed copies=complete layer=21 in=157 out=48 slot=1861 host=0x7ac8ffad3000
APLAN_EXCHANGE generation=8 phase=cpu_committed copies=complete layer=14 in=347 out=19 slot=32 host=0x7ac756bcc000
APLAN_EXCHANGE generation=8 phase=cpu_committed copies=complete layer=0 in=336 out=35 slot=10240 host=0x7ac8c5fff400
APLAN_EXCHANGE generation=8 phase=cpu_committed copies=complete layer=30 in=313 out=72 slot=1003 host=0x7ac72665c000
APLAN_EXCHANGE generation=8 phase=cpu_committed copies=complete layer=1 in=424 out=67 slot=7441 host=0x7ac6285f8000
APLAN_EXCHANGE generation=8 phase=cpu_committed copies=complete layer=6 in=450 out=131 slot=6548 host=0x7aca6cd42000
APLAN_EXCHANGE generation=8 phase=cpu_committed copies=complete layer=45 in=209 out=63 slot=4923 host=0x7aca5c7fa800
APLAN_EXCHANGE generation=8 phase=cpu_committed copies=complete layer=23 in=88 out=100 slot=4895 host=0x7ac7ef4d6c00
APLAN_EXCHANGE generation=8 phase=cpu_committed copies=complete layer=24 in=293 out=66 slot=897 host=0x7ac70d1d7c00
APLAN_EXCHANGE generation=8 phase=cpu_committed copies=complete layer=27 in=154 out=59 slot=1249 host=0x7ac84afa2c00
APLAN_EXCHANGE generation=8 phase=cpu_committed copies=complete layer=2 in=148 out=96 slot=1091 host=0x7ac9de045c00
APLAN_EXCHANGE generation=8 phase=cpu_committed copies=complete layer=11 in=124 out=64 slot=7157 host=0x7acb8dbd1800
APLAN_EXCHANGE generation=8 phase=cpu_committed copies=complete layer=20 in=232 out=105 slot=7493 host=0x7aca83337800
APLAN_EXCHANGE generation=8 phase=cpu_committed copies=complete layer=3 in=159 out=54 slot=3574 host=0x7ac8ccf46c00
APLAN_EXCHANGE generation=8 phase=cpu_committed copies=complete layer=41 in=134 out=36 slot=130 host=0x7ac82f52e000
APLAN_EXCHANGE generation=8 phase=cpu_committed copies=complete layer=24 in=396 out=67 slot=7739 host=0x7ac7996e9400
APLAN_EXCHANGE generation=8 phase=cpu_committed copies=complete layer=1 in=425 out=52 slot=7675 host=0x7ac629459400
APLAN_EXCHANGE generation=8 phase=cpu_committed copies=complete layer=0 in=375 out=27 slot=4230 host=0x7ac9dc920c00
APLAN_EXCHANGE generation=8 phase=cpu_committed copies=complete layer=5 in=162 out=46 slot=4124 host=0x7ac8591e7c00
APLAN_EXCHANGE generation=8 phase=cpu_committed copies=complete layer=5 in=504 out=32 slot=5308 host=0x7ac6a0d05000
APLAN_EXCHANGE generation=8 phase=cpu_committed copies=complete layer=12 in=321 out=32 slot=3325 host=0x7ac7324b7400
APLAN_EXCHANGE generation=8 phase=cpu_committed copies=complete layer=1 in=288 out=72 slot=1973 host=0x7ac706271000
APLAN_EXCHANGE generation=8 phase=cpu_committed copies=complete layer=34 in=327 out=58 slot=4629 host=0x7acb783ad800
APLAN_EXCHANGE generation=8 phase=cpu_committed copies=complete layer=13 in=75 out=17 slot=1084 host=0x7acb4d071400
APLAN_EXCHANGE generation=8 phase=cpu_committed copies=complete layer=26 in=432 out=42 slot=5825 host=0x7acb06324400
APLAN_EXCHANGE generation=8 phase=cpu_committed copies=complete layer=9 in=188 out=45 slot=4056 host=0x7ac87b1c0c00
APLAN_EXCHANGE generation=8 phase=cpu_committed copies=complete layer=12 in=166 out=73 slot=10492 host=0x7ac85db00400
APLAN_EXCHANGE generation=8 phase=cpu_committed copies=complete layer=3 in=2 out=85 slot=918 host=0x7ac97b424c00
APLAN_EXCHANGE generation=8 phase=cpu_committed copies=complete layer=19 in=1 out=57 slot=10778 host=0x7ac864378000
APLAN_EXCHANGE generation=8 phase=cpu_committed copies=complete layer=3 in=190 out=120 slot=7 host=0x7ac8cd085800
APLAN_EXCHANGE generation=8 phase=cpu_committed copies=complete layer=2 in=261 out=103 slot=9314 host=0x7acab26c9000
APLAN_EXCHANGE generation=8 phase=cpu_committed copies=complete layer=22 in=146 out=11 slot=1883 host=0x7acb94fdbc00
APLAN_EXCHANGE generation=8 phase=cpu_committed copies=complete layer=45 in=176 out=56 slot=3565 host=0x7acbab622800
APLAN_EXCHANGE generation=8 phase=cpu_committed copies=complete layer=2 in=298 out=92 slot=8826 host=0x7ac712b58400
APLAN_MIRROR generation=8 phase=mirror_uploaded entries=24576
APLAN_RESIDENCY upload=8 generation=8 adapt_every=4 adapt_swaps=96 holes=0 first_layer=-1 first_expert=-1 hash=3778602345
strata decode timing: 32 windows, avg T 3.12, 2.00 tokens/window, 146.59 ms/window = verify 123.95 (GPU-reach wait 100.63 + per-layer host 16.09 [plan 0.15 actq 0.40 jobs 0.39 CPU 15.10] + stage 0.54) + commit/emit 1.69 + draft 20.84; per layer-window: CPU experts 4.09 (6.71 entries), VRAM hits 23.55, PCIe 0.88
strata serve: prompt 25 tokens = 0 reused + 25 read in 1332 ms (18.8 tok/s), 64 generated in 4691 ms (13.6 tok/s), drafts accepted 33 of 68, 1 checkpoints
strata serve: decode expert cache hit rate: 77.8% (36169 hits / 46473 lookups); 1527 more read by the GPU over PCIe or from another GPU (3.2% of all 48000 routed)
strata serve: KV streaming: 98.48% of 18120 block reads hit VRAM, 1.1 MiB read from RAM
APLAN_EXCHANGE generation=9 phase=cpu_committed copies=complete layer=4 in=291 out=77 slot=931 host=0x7ac709d0f400
APLAN_EXCHANGE generation=9 phase=cpu_committed copies=complete layer=43 in=191 out=243 slot=9927 host=0x7ac95ff79400
APLAN_EXCHANGE generation=9 phase=cpu_committed copies=complete layer=45 in=257 out=142 slot=10231 host=0x7ac6da6a3000
APLAN_EXCHANGE generation=9 phase=cpu_committed copies=complete layer=46 in=371 out=227 slot=8428 host=0x7ac779c58000
APLAN_EXCHANGE generation=9 phase=cpu_committed copies=complete layer=47 in=328 out=170 slot=9769 host=0x7ac73cf65000
APLAN_EXCHANGE generation=9 phase=cpu_committed copies=complete layer=41 in=249 out=175 slot=1126 host=0x7ac8b2b16000
APLAN_EXCHANGE generation=9 phase=cpu_committed copies=complete layer=35 in=470 out=122 slot=1232 host=0x7ac93ae3c800
APLAN_EXCHANGE generation=9 phase=cpu_committed copies=complete layer=19 in=470 out=123 slot=2286 host=0x7ac66e8e4c00
APLAN_EXCHANGE generation=9 phase=cpu_committed copies=complete layer=44 in=268 out=204 slot=8574 host=0x7ac6eb926000
APLAN_EXCHANGE generation=9 phase=cpu_committed copies=complete layer=4 in=319 out=129 slot=1093 host=0x7ac72e9b5000
APLAN_EXCHANGE generation=9 phase=cpu_committed copies=complete layer=23 in=492 out=112 slot=8886 host=0x7ac90dc3d400
APLAN_EXCHANGE generation=9 phase=cpu_committed copies=complete layer=45 in=320 out=90 slot=10016 host=0x7ac731e45400
APLAN_EXCHANGE generation=9 phase=cpu_committed copies=complete layer=0 in=226 out=155 slot=4037 host=0x7acb130a2800
APLAN_EXCHANGE generation=9 phase=cpu_committed copies=complete layer=45 in=443 out=217 slot=6800 host=0x7acad5273000
APLAN_EXCHANGE generation=9 phase=cpu_committed copies=complete layer=45 in=187 out=162 slot=727 host=0x7ac87ac29800
APLAN_EXCHANGE generation=9 phase=cpu_committed copies=complete layer=47 in=198 out=153 slot=6920 host=0x7ac88a9c6800
APLAN_EXCHANGE generation=9 phase=cpu_committed copies=complete layer=44 in=168 out=192 slot=4922 host=0x7ac861922800
APLAN_EXCHANGE generation=9 phase=cpu_committed copies=complete layer=44 in=19 out=238 slot=7332 host=0x7ac9946e0c00
APLAN_EXCHANGE generation=9 phase=cpu_committed copies=complete layer=45 in=392 out=159 slot=10232 host=0x7ac794952c00
APLAN_EXCHANGE generation=9 phase=cpu_committed copies=complete layer=46 in=308 out=152 slot=4925 host=0x7ac71f9e9800
APLAN_EXCHANGE generation=9 phase=cpu_committed copies=complete layer=46 in=131 out=262 slot=9097 host=0x7ac82a97f000
APLAN_EXCHANGE generation=9 phase=cpu_committed copies=complete layer=2 in=403 out=230 slot=2303 host=0x7acac3d6c400
APLAN_EXCHANGE generation=9 phase=cpu_committed copies=complete layer=39 in=479 out=117 slot=1544 host=0x7ac67dab7000
APLAN_EXCHANGE generation=9 phase=cpu_committed copies=complete layer=16 in=189 out=109 slot=8839 host=0x7acb01c7cc00
APLAN_EXCHANGE generation=9 phase=cpu_committed copies=complete layer=47 in=197 out=305 slot=8333 host=0x7ac889789c00
APLAN_EXCHANGE generation=9 phase=cpu_committed copies=complete layer=18 in=149 out=110 slot=9555 host=0x7ac843e41c00
APLAN_EXCHANGE generation=9 phase=cpu_committed copies=complete layer=9 in=305 out=112 slot=5410 host=0x7ac71bb24c00
APLAN_EXCHANGE generation=9 phase=cpu_committed copies=complete layer=15 in=289 out=106 slot=6962 host=0x7acb9053fc00
APLAN_EXCHANGE generation=9 phase=cpu_committed copies=complete layer=37 in=486 out=87 slot=7113 host=0x7ac68740f400
APLAN_EXCHANGE generation=9 phase=cpu_committed copies=complete layer=9 in=360 out=71 slot=9018 host=0x7acab4b10800
APLAN_EXCHANGE generation=9 phase=cpu_committed copies=complete layer=34 in=149 out=85 slot=1506 host=0x7ac844812400
APLAN_EXCHANGE generation=9 phase=cpu_committed copies=complete layer=44 in=378 out=186 slot=10702 host=0x7ac7838dcc00
APLAN_EXCHANGE generation=9 phase=cpu_committed copies=complete layer=37 in=313 out=62 slot=4561 host=0x7acb0de30400
APLAN_EXCHANGE generation=9 phase=cpu_committed copies=complete layer=9 in=478 out=125 slot=8307 host=0x7ac9e5ce1c00
APLAN_EXCHANGE generation=9 phase=cpu_committed copies=complete layer=47 in=43 out=163 slot=5464 host=0x7ac7b6557000
APLAN_EXCHANGE generation=9 phase=cpu_committed copies=complete layer=28 in=256 out=147 slot=10195 host=0x7ac6d89e0800
APLAN_EXCHANGE generation=9 phase=cpu_committed copies=complete layer=2 in=12 out=149 slot=1879 host=0x7acb87033800
APLAN_EXCHANGE generation=9 phase=cpu_committed copies=complete layer=7 in=346 out=99 slot=8747 host=0x7aca6e12e000
APLAN_EXCHANGE generation=9 phase=cpu_committed copies=complete layer=25 in=478 out=67 slot=10405 host=0x7ac913f5c400
APLAN_EXCHANGE generation=9 phase=cpu_committed copies=complete layer=15 in=283 out=127 slot=10498 host=0x7acadb7fcc00
APLAN_EXCHANGE generation=9 phase=cpu_committed copies=complete layer=43 in=362 out=255 slot=50 host=0x7ac76c341000
APLAN_EXCHANGE generation=9 phase=cpu_committed copies=complete layer=45 in=94 out=87 slot=10015 host=0x7ac7f7b43400
APLAN_EXCHANGE generation=9 phase=cpu_committed copies=complete layer=45 in=59 out=74 slot=4860 host=0x7ac7c9163800
APLAN_EXCHANGE generation=9 phase=cpu_committed copies=complete layer=47 in=503 out=227 slot=5000 host=0x7ac6a0af1c00
APLAN_EXCHANGE generation=9 phase=cpu_committed copies=complete layer=47 in=312 out=218 slot=4571 host=0x7ac725826800
APLAN_EXCHANGE generation=9 phase=cpu_committed copies=complete layer=38 in=287 out=197 slot=10545 host=0x7ac9cfb6a400
APLAN_EXCHANGE generation=9 phase=cpu_committed copies=complete layer=19 in=64 out=89 slot=5344 host=0x7acb92ba7000
APLAN_EXCHANGE generation=9 phase=cpu_committed copies=complete layer=42 in=212 out=25 slot=2266 host=0x7acb1014bc00
APLAN_EXCHANGE generation=9 phase=cpu_committed copies=complete layer=31 in=283 out=110 slot=1250 host=0x7acb9c16ec00
APLAN_EXCHANGE generation=9 phase=cpu_committed copies=complete layer=47 in=103 out=228 slot=6433 host=0x7acb843b1c00
APLAN_EXCHANGE generation=9 phase=cpu_committed copies=complete layer=36 in=287 out=84 slot=10426 host=0x7acaa6986800
APLAN_EXCHANGE generation=9 phase=cpu_committed copies=complete layer=18 in=270 out=159 slot=8171 host=0x7ac6ee405000
APLAN_EXCHANGE generation=9 phase=cpu_committed copies=complete layer=45 in=177 out=224 slot=3362 host=0x7ac86c398000
APLAN_EXCHANGE generation=9 phase=cpu_committed copies=complete layer=46 in=306 out=119 slot=1304 host=0x7ac971adf400
APLAN_EXCHANGE generation=9 phase=cpu_committed copies=complete layer=32 in=388 out=3 slot=374 host=0x7ac92d764800
APLAN_EXCHANGE generation=9 phase=cpu_committed copies=complete layer=6 in=223 out=251 slot=9620 host=0x7acaeb0ab400
APLAN_EXCHANGE generation=9 phase=cpu_committed copies=complete layer=1 in=175 out=147 slot=5149 host=0x7ac9aee32000
APLAN_EXCHANGE generation=9 phase=cpu_committed copies=complete layer=13 in=7 out=45 slot=4062 host=0x7acb69f68000
APLAN_EXCHANGE generation=9 phase=cpu_committed copies=complete layer=29 in=7 out=51 slot=9175 host=0x7acaf3882400
APLAN_EXCHANGE generation=9 phase=cpu_committed copies=complete layer=4 in=306 out=167 slot=9051 host=0x7ac71cf29c00
APLAN_EXCHANGE generation=9 phase=cpu_committed copies=complete layer=33 in=84 out=106 slot=4844 host=0x7acaac4aa400
APLAN_EXCHANGE generation=9 phase=cpu_committed copies=complete layer=40 in=191 out=100 slot=2864 host=0x7ac880e99800
APLAN_EXCHANGE generation=9 phase=cpu_committed copies=complete layer=40 in=118 out=110 slot=6422 host=0x7ac94edb1c00
APLAN_EXCHANGE generation=9 phase=cpu_committed copies=complete layer=42 in=198 out=159 slot=6515 host=0x7ac88a5ac800
APLAN_EXCHANGE generation=9 phase=cpu_committed copies=complete layer=44 in=253 out=203 slot=9453 host=0x7ac6d3a30800
APLAN_EXCHANGE generation=9 phase=cpu_committed copies=complete layer=47 in=160 out=323 slot=183 host=0x7ac8569d7800
APLAN_EXCHANGE generation=9 phase=cpu_committed copies=complete layer=42 in=144 out=312 slot=9308 host=0x7ac83deb3400
APLAN_EXCHANGE generation=9 phase=cpu_committed copies=complete layer=42 in=446 out=172 slot=3515 host=0x7ac8b70fbc00
APLAN_EXCHANGE generation=9 phase=cpu_committed copies=complete layer=21 in=63 out=30 slot=9724 host=0x7ac9bf80a400
APLAN_EXCHANGE generation=9 phase=cpu_committed copies=complete layer=17 in=84 out=81 slot=2934 host=0x7acaeec3d400
APLAN_EXCHANGE generation=9 phase=cpu_committed copies=complete layer=10 in=339 out=70 slot=8874 host=0x7ac749f54400
APLAN_EXCHANGE generation=9 phase=cpu_committed copies=complete layer=8 in=244 out=52 slot=2549 host=0x7aca21471c00
APLAN_EXCHANGE generation=9 phase=cpu_committed copies=complete layer=12 in=180 out=36 slot=5877 host=0x7ac9e7e0f800
APLAN_EXCHANGE generation=9 phase=cpu_committed copies=complete layer=7 in=452 out=160 slot=5168 host=0x7ac8d9bbe800
APLAN_EXCHANGE generation=9 phase=cpu_committed copies=complete layer=34 in=211 out=72 slot=4023 host=0x7acb58c0a400
APLAN_EXCHANGE generation=9 phase=cpu_committed copies=complete layer=47 in=186 out=235 slot=9137 host=0x7acb6165ec00
APLAN_EXCHANGE generation=9 phase=cpu_committed copies=complete layer=8 in=467 out=99 slot=8579 host=0x7ac66999f000
APLAN_EXCHANGE generation=9 phase=cpu_committed copies=complete layer=7 in=8 out=186 slot=4133 host=0x7ac8d8416400
APLAN_EXCHANGE generation=9 phase=cpu_committed copies=complete layer=5 in=465 out=112 slot=307 host=0x7acad91a2000
APLAN_EXCHANGE generation=9 phase=cpu_committed copies=complete layer=37 in=346 out=118 slot=5454 host=0x7ac94314a800
APLAN_EXCHANGE generation=9 phase=cpu_committed copies=complete layer=15 in=156 out=60 slot=6854 host=0x7acb900ed800
APLAN_EXCHANGE generation=9 phase=cpu_committed copies=complete layer=27 in=333 out=74 slot=9361 host=0x7ac74325e800
APLAN_EXCHANGE generation=9 phase=cpu_committed copies=complete layer=3 in=56 out=123 slot=9527 host=0x7ac7c4625000
APLAN_EXCHANGE generation=9 phase=cpu_committed copies=complete layer=47 in=219 out=248 slot=5001 host=0x7ac8a58ed800
APLAN_EXCHANGE generation=9 phase=cpu_committed copies=complete layer=47 in=116 out=313 slot=1672 host=0x7ac814dc4400
APLAN_EXCHANGE generation=9 phase=cpu_committed copies=complete layer=46 in=328 out=236 slot=8204 host=0x7ac73cd83c00
APLAN_EXCHANGE generation=9 phase=cpu_committed copies=complete layer=45 in=116 out=178 slot=10455 host=0x7ac8be088000
APLAN_EXCHANGE generation=9 phase=cpu_committed copies=complete layer=37 in=63 out=81 slot=10540 host=0x7acaa7c1ac00
APLAN_EXCHANGE generation=9 phase=cpu_committed copies=complete layer=2 in=352 out=242 slot=8491 host=0x7ac75c200c00
APLAN_EXCHANGE generation=9 phase=cpu_committed copies=complete layer=32 in=24 out=94 slot=2473 host=0x7ac99c991000
APLAN_EXCHANGE generation=9 phase=cpu_committed copies=complete layer=15 in=482 out=131 slot=8076 host=0x7ac681fd4c00
APLAN_EXCHANGE generation=9 phase=cpu_committed copies=complete layer=22 in=287 out=233 slot=10509 host=0x7ac9c0eac000
APLAN_EXCHANGE generation=9 phase=cpu_committed copies=complete layer=7 in=382 out=85 slot=1261 host=0x7ac9b50d4000
APLAN_EXCHANGE generation=9 phase=cpu_committed copies=complete layer=18 in=278 out=173 slot=8802 host=0x7acb3376f000
APLAN_EXCHANGE generation=9 phase=cpu_committed copies=complete layer=33 in=209 out=87 slot=5832 host=0x7aca454ef000
APLAN_EXCHANGE generation=9 phase=cpu_committed copies=complete layer=4 in=59 out=122 slot=10591 host=0x7aca6773f400
APLAN_MIRROR generation=9 phase=mirror_uploaded entries=24576
APLAN_RESIDENCY upload=9 generation=9 adapt_every=4 adapt_swaps=96 holes=0 first_layer=-1 first_expert=-1 hash=889985359
APLAN_EXCHANGE generation=10 phase=cpu_committed copies=complete layer=43 in=468 out=203 slot=3617 host=0x7ac66c539800
APLAN_EXCHANGE generation=10 phase=cpu_committed copies=complete layer=0 in=355 out=185 slot=7028 host=0x7ac7604f2400
APLAN_EXCHANGE generation=10 phase=cpu_committed copies=complete layer=28 in=40 out=100 slot=591 host=0x7ac918e1ec00
APLAN_EXCHANGE generation=10 phase=cpu_committed copies=complete layer=43 in=171 out=164 slot=332 host=0x7ac8650c6400
APLAN_EXCHANGE generation=10 phase=cpu_committed copies=complete layer=46 in=485 out=76 slot=1031 host=0x7ac6860bf800
APLAN_EXCHANGE generation=10 phase=cpu_committed copies=complete layer=45 in=58 out=191 slot=1323 host=0x7ac7c7844400
APLAN_EXCHANGE generation=10 phase=cpu_committed copies=complete layer=1 in=474 out=190 slot=9396 host=0x7ac673ea2c00
APLAN_EXCHANGE generation=10 phase=cpu_committed copies=complete layer=45 in=414 out=99 slot=10562 host=0x7ac61a436400
APLAN_EXCHANGE generation=10 phase=cpu_committed copies=complete layer=45 in=417 out=136 slot=8392 host=0x7ac61f363000
APLAN_EXCHANGE generation=10 phase=cpu_committed copies=complete layer=42 in=31 out=277 slot=10119 host=0x7ac957e72000
APLAN_EXCHANGE generation=10 phase=cpu_committed copies=complete layer=21 in=73 out=57 slot=7944 host=0x7ac7dc345c00
APLAN_EXCHANGE generation=10 phase=cpu_committed copies=complete layer=37 in=73 out=130 slot=963 host=0x7ac7dc992400
APLAN_EXCHANGE generation=10 phase=cpu_committed copies=complete layer=22 in=131 out=206 slot=9890 host=0x7ac829f18800
APLAN_EXCHANGE generation=10 phase=cpu_committed copies=complete layer=26 in=344 out=98 slot=1002 host=0x7ac7529c8000
APLAN_EXCHANGE generation=10 phase=cpu_committed copies=complete layer=46 in=249 out=85 slot=103 host=0x7ac6ce847c00
APLAN_EXCHANGE generation=10 phase=cpu_committed copies=complete layer=1 in=459 out=113 slot=4039 host=0x7ac65bf94400
APLAN_EXCHANGE generation=10 phase=cpu_committed copies=complete layer=37 in=490 out=39 slot=1605 host=0x7ac68d5d0400
APLAN_EXCHANGE generation=10 phase=cpu_committed copies=complete layer=20 in=6 out=106 slot=5813 host=0x7ac9bdd4e800
APLAN_EXCHANGE generation=10 phase=cpu_committed copies=complete layer=37 in=188 out=109 slot=4440 host=0x7aca4cfee800
APLAN_EXCHANGE generation=10 phase=cpu_committed copies=complete layer=22 in=389 out=138 slot=2724 host=0x7ac9c123c800
APLAN_EXCHANGE generation=10 phase=cpu_committed copies=complete layer=7 in=405 out=83 slot=3224 host=0x7ac7a6073000
APLAN_EXCHANGE generation=10 phase=cpu_committed copies=complete layer=7 in=471 out=81 slot=5795 host=0x7ac66f025000
APLAN_EXCHANGE generation=10 phase=cpu_committed copies=complete layer=46 in=137 out=177 slot=5298 host=0x7ac833ef5800
APLAN_EXCHANGE generation=10 phase=cpu_committed copies=complete layer=38 in=131 out=110 slot=4563 host=0x7ac82a62d000
APLAN_EXCHANGE generation=10 phase=cpu_committed copies=complete layer=47 in=432 out=221 slot=9248 host=0x7ac6361e4000
APLAN_EXCHANGE generation=10 phase=cpu_committed copies=complete layer=47 in=215 out=128 slot=7546 host=0x7ac8a0995000
APLAN_EXCHANGE generation=10 phase=cpu_committed copies=complete layer=42 in=244 out=249 slot=1895 host=0x7ac6c69d7000
APLAN_EXCHANGE generation=10 phase=cpu_committed copies=complete layer=5 in=372 out=94 slot=192 host=0x7ac77a353800
APLAN_EXCHANGE generation=10 phase=cpu_committed copies=complete layer=0 in=223 out=87 slot=5385 host=0x7acad700a000
APLAN_EXCHANGE generation=10 phase=cpu_committed copies=complete layer=45 in=487 out=66 slot=8427 host=0x7ac68951dc00
APLAN_EXCHANGE generation=10 phase=cpu_committed copies=complete layer=47 in=135 out=233 slot=1090 host=0x7ac830c9e000
APLAN_EXCHANGE generation=10 phase=cpu_committed copies=complete layer=1 in=385 out=153 slot=9687 host=0x7acac2ae4800
APLAN_EXCHANGE generation=10 phase=cpu_committed copies=complete layer=47 in=449 out=284 slot=7129 host=0x7ac64eaeec00
APLAN_EXCHANGE generation=10 phase=cpu_committed copies=complete layer=5 in=116 out=115 slot=10359 host=0x7aca69841400
APLAN_EXCHANGE generation=10 phase=cpu_committed copies=complete layer=6 in=133 out=238 slot=5631 host=0x7ac82c8d8000
APLAN_EXCHANGE generation=10 phase=cpu_committed copies=complete layer=37 in=238 out=53 slot=1253 host=0x7ac6bef16000
APLAN_EXCHANGE generation=10 phase=cpu_committed copies=complete layer=47 in=499 out=299 slot=2787 host=0x7ac69a7fe800
APLAN_EXCHANGE generation=10 phase=cpu_committed copies=complete layer=22 in=363 out=252 slot=128 host=0x7ac9f1e18400
APLAN_EXCHANGE generation=10 phase=cpu_committed copies=complete layer=47 in=392 out=276 slot=6921 host=0x7ac8c33c2400
APLAN_EXCHANGE generation=10 phase=cpu_committed copies=complete layer=0 in=40 out=151 slot=4180 host=0x7ac7b0b0e800
APLAN_EXCHANGE generation=10 phase=cpu_committed copies=complete layer=22 in=25 out=60 slot=9067 host=0x7ac99d8ff000
APLAN_EXCHANGE generation=10 phase=cpu_committed copies=complete layer=44 in=428 out=224 slot=98 host=0x7ac62fcf6800
APLAN_EXCHANGE generation=10 phase=cpu_committed copies=complete layer=34 in=270 out=90 slot=9372 host=0x7ac6eef97800
APLAN_EXCHANGE generation=10 phase=cpu_committed copies=complete layer=20 in=393 out=123 slot=910 host=0x7ac79577bc00
APLAN_EXCHANGE generation=10 phase=cpu_committed copies=complete layer=43 in=179 out=258 slot=10335 host=0x7ac86f220800
APLAN_EXCHANGE generation=10 phase=cpu_committed copies=complete layer=45 in=502 out=163 slot=3675 host=0x7ac69f57c000
APLAN_EXCHANGE generation=10 phase=cpu_committed copies=complete layer=0 in=314 out=183 slot=9860 host=0x7ac8c5aa6800
APLAN_EXCHANGE generation=10 phase=cpu_committed copies=complete layer=1 in=149 out=163 slot=2302 host=0x7acb2c445c00
APLAN_EXCHANGE generation=10 phase=cpu_committed copies=complete layer=1 in=318 out=137 slot=10469 host=0x7ac72d257c00
APLAN_EXCHANGE generation=10 phase=cpu_committed copies=complete layer=38 in=392 out=206 slot=9917 host=0x7ac794012000
APLAN_EXCHANGE generation=10 phase=cpu_committed copies=complete layer=44 in=72 out=120 slot=1029 host=0x7ac7dbd44400
APLAN_EXCHANGE generation=10 phase=cpu_committed copies=complete layer=37 in=182 out=80 slot=2776 host=0x7ac8740ca000
APLAN_EXCHANGE generation=10 phase=cpu_committed copies=complete layer=30 in=285 out=102 slot=7101 host=0x7ac7034c3400
APLAN_EXCHANGE generation=10 phase=cpu_committed copies=complete layer=19 in=352 out=10 slot=644 host=0x7ac75ca09000
APLAN_EXCHANGE generation=10 phase=cpu_committed copies=complete layer=36 in=393 out=48 slot=4846 host=0x7ac7969bec00
APLAN_EXCHANGE generation=10 phase=cpu_committed copies=complete layer=5 in=451 out=126 slot=10360 host=0x7ac650ceac00
APLAN_EXCHANGE generation=10 phase=cpu_committed copies=complete layer=1 in=311 out=204 slot=6536 host=0x7acb63097400
APLAN_EXCHANGE generation=10 phase=cpu_committed copies=complete layer=9 in=58 out=69 slot=1049 host=0x7ac7c6dea400
APLAN_EXCHANGE generation=10 phase=cpu_committed copies=complete layer=36 in=6 out=93 slot=1415 host=0x7acaa5788400
APLAN_EXCHANGE generation=10 phase=cpu_committed copies=complete layer=45 in=175 out=233 slot=7020 host=0x7ac869acc400
APLAN_EXCHANGE generation=10 phase=cpu_committed copies=complete layer=21 in=492 out=118 slot=6657 host=0x7ac90277a400
APLAN_EXCHANGE generation=10 phase=cpu_committed copies=complete layer=42 in=481 out=283 slot=5688 host=0x7ac681962c00
APLAN_EXCHANGE generation=10 phase=cpu_committed copies=complete layer=24 in=422 out=76 slot=5742 host=0x7aca35fc4800
APLAN_EXCHANGE generation=10 phase=cpu_committed copies=complete layer=40 in=478 out=106 slot=420 host=0x7aca0af63800
APLAN_EXCHANGE generation=10 phase=cpu_committed copies=complete layer=1 in=252 out=133 slot=5471 host=0x7acb62e19c00
APLAN_EXCHANGE generation=10 phase=cpu_committed copies=complete layer=19 in=226 out=77 slot=4605 host=0x7ac8f8ff6c00
APLAN_EXCHANGE generation=10 phase=cpu_committed copies=complete layer=40 in=308 out=119 slot=8997 host=0x7aca52e12800
APLAN_EXCHANGE generation=10 phase=cpu_committed copies=complete layer=29 in=91 out=45 slot=4702 host=0x7aca3b5a8000
APLAN_EXCHANGE generation=10 phase=cpu_committed copies=complete layer=31 in=363 out=1 slot=2568 host=0x7ac76d1ce000
APLAN_EXCHANGE generation=10 phase=cpu_committed copies=complete layer=15 in=12 out=119 slot=1240 host=0x7aca793f0800
APLAN_EXCHANGE generation=10 phase=cpu_committed copies=complete layer=24 in=434 out=82 slot=9070 host=0x7ac9c279f800
APLAN_EXCHANGE generation=10 phase=cpu_committed copies=complete layer=42 in=259 out=95 slot=180 host=0x7ac8b56aa400
APLAN_EXCHANGE generation=10 phase=cpu_committed copies=complete layer=0 in=388 out=113 slot=9461 host=0x7ac8c6720400
APLAN_EXCHANGE generation=10 phase=cpu_committed copies=complete layer=43 in=437 out=161 slot=1233 host=0x7ac63c9f7c00
APLAN_EXCHANGE generation=10 phase=cpu_committed copies=complete layer=42 in=429 out=73 slot=10332 host=0x7ac631603000
APLAN_EXCHANGE generation=10 phase=cpu_committed copies=complete layer=43 in=177 out=40 slot=5610 host=0x7ac86c15f400
APLAN_EXCHANGE generation=10 phase=cpu_committed copies=complete layer=7 in=238 out=107 slot=6549 host=0x7ac8d8ccd800
APLAN_EXCHANGE generation=10 phase=cpu_committed copies=complete layer=16 in=77 out=65 slot=6368 host=0x7ac7e11aa800
APLAN_EXCHANGE generation=10 phase=cpu_committed copies=complete layer=21 in=34 out=165 slot=2992 host=0x7ac8feafac00
APLAN_EXCHANGE generation=10 phase=cpu_committed copies=complete layer=47 in=32 out=260 slot=2301 host=0x7ac9a7edd800
APLAN_EXCHANGE generation=10 phase=cpu_committed copies=complete layer=34 in=410 out=132 slot=6315 host=0x7acaa267c000
APLAN_EXCHANGE generation=10 phase=cpu_committed copies=complete layer=0 in=487 out=192 slot=5543 host=0x7ac6879cc000
APLAN_EXCHANGE generation=10 phase=cpu_committed copies=complete layer=44 in=96 out=194 slot=8781 host=0x7ac8bb513000
APLAN_EXCHANGE generation=10 phase=cpu_committed copies=complete layer=46 in=173 out=121 slot=5461 host=0x7ac867959c00
APLAN_EXCHANGE generation=10 phase=cpu_committed copies=complete layer=46 in=474 out=138 slot=6525 host=0x7ac675f8bc00
APLAN_EXCHANGE generation=10 phase=cpu_committed copies=complete layer=36 in=362 out=120 slot=7989 host=0x7acaa71b4400
APLAN_EXCHANGE generation=10 phase=cpu_committed copies=complete layer=22 in=392 out=50 slot=8415 host=0x7ac90630c400
APLAN_EXCHANGE generation=10 phase=cpu_committed copies=complete layer=22 in=240 out=234 slot=5974 host=0x7acb956fcc00
APLAN_EXCHANGE generation=10 phase=cpu_committed copies=complete layer=7 in=364 out=70 slot=2547 host=0x7ac76dddd800
APLAN_EXCHANGE generation=10 phase=cpu_committed copies=complete layer=6 in=17 out=212 slot=10479 host=0x7acb1584ec00
APLAN_EXCHANGE generation=10 phase=cpu_committed copies=complete layer=37 in=34 out=158 slot=1694 host=0x7ac9a9d68400
APLAN_EXCHANGE generation=10 phase=cpu_committed copies=complete layer=6 in=11 out=242 slot=5633 host=0x7ac986df5800
APLAN_EXCHANGE generation=10 phase=cpu_committed copies=complete layer=6 in=462 out=148 slot=8455 host=0x7ac661772000
APLAN_EXCHANGE generation=10 phase=cpu_committed copies=complete layer=2 in=187 out=104 slot=6235 host=0x7aca644af800
APLAN_EXCHANGE generation=10 phase=cpu_committed copies=complete layer=47 in=104 out=289 slot=7666 host=0x7ac805861800
APLAN_EXCHANGE generation=10 phase=cpu_committed copies=complete layer=38 in=176 out=143 slot=3304 host=0x7ac86a4bc000
APLAN_MIRROR generation=10 phase=mirror_uploaded entries=24576
APLAN_RESIDENCY upload=10 generation=10 adapt_every=4 adapt_swaps=96 holes=0 first_layer=-1 first_expert=-1 hash=2174930169
APLAN_EXCHANGE generation=11 phase=cpu_committed copies=complete layer=46 in=234 out=107 slot=10567 host=0x7ac6b93c7000
APLAN_EXCHANGE generation=11 phase=cpu_committed copies=complete layer=47 in=191 out=108 slot=7335 host=0x7ac88100a400
APLAN_EXCHANGE generation=11 phase=cpu_committed copies=complete layer=44 in=259 out=195 slot=3910 host=0x7ac6ddefc000
APLAN_EXCHANGE generation=11 phase=cpu_committed copies=complete layer=44 in=498 out=92 slot=7229 host=0x7ac698ba6400
APLAN_EXCHANGE generation=11 phase=cpu_committed copies=complete layer=42 in=309 out=77 slot=10115 host=0x7ac720a38800
APLAN_EXCHANGE generation=11 phase=cpu_committed copies=complete layer=44 in=309 out=252 slot=10703 host=0x7ac720e52800
APLAN_EXCHANGE generation=11 phase=cpu_committed copies=complete layer=40 in=151 out=43 slot=7531 host=0x7acad2f32000
APLAN_EXCHANGE generation=11 phase=cpu_committed copies=complete layer=41 in=437 out=83 slot=10439 host=0x7ac957605c00
APLAN_EXCHANGE generation=11 phase=cpu_committed copies=complete layer=46 in=345 out=112 slot=1432 host=0x7ac754be9800
APLAN_EXCHANGE generation=11 phase=cpu_committed copies=complete layer=40 in=349 out=96 slot=929 host=0x7aca530f4000
APLAN_EXCHANGE generation=11 phase=cpu_committed copies=complete layer=42 in=356 out=236 slot=5774 host=0x7ac762c4d400
APLAN_EXCHANGE generation=11 phase=cpu_committed copies=complete layer=47 in=430 out=154 slot=2125 host=0x7aca60ebb000
APLAN_EXCHANGE generation=11 phase=cpu_committed copies=complete layer=28 in=105 out=83 slot=8465 host=0x7ac806012400
APLAN_EXCHANGE generation=11 phase=cpu_committed copies=complete layer=34 in=250 out=94 slot=73 host=0x7ac935ffd400
APLAN_EXCHANGE generation=11 phase=cpu_committed copies=complete layer=42 in=98 out=238 slot=10010 host=0x7ac7fcaae800
APLAN_EXCHANGE generation=11 phase=cpu_committed copies=complete layer=18 in=250 out=111 slot=3824 host=0x7aca7ff6f400
APLAN_EXCHANGE generation=11 phase=cpu_committed copies=complete layer=41 in=405 out=63 slot=9382 host=0x7ac7a6b5cc00
APLAN_EXCHANGE generation=11 phase=cpu_committed copies=complete layer=37 in=439 out=57 slot=2620 host=0x7ac63fa87000
APLAN_EXCHANGE generation=11 phase=cpu_committed copies=complete layer=5 in=49 out=134 slot=7046 host=0x7ac7bc28d800
APLAN_EXCHANGE generation=11 phase=cpu_committed copies=complete layer=45 in=151 out=171 slot=3010 host=0x7ac84822d400
APLAN_EXCHANGE generation=11 phase=cpu_committed copies=complete layer=14 in=335 out=95 slot=3702 host=0x7ac745102400
APLAN_EXCHANGE generation=11 phase=cpu_committed copies=complete layer=45 in=427 out=172 slot=3307 host=0x7ac62d9e7800
APLAN_EXCHANGE generation=11 phase=cpu_committed copies=complete layer=21 in=182 out=81 slot=10291 host=0x7ac872eac800
APLAN_EXCHANGE generation=11 phase=cpu_committed copies=complete layer=37 in=492 out=71 slot=8778 host=0x7ac690672400
APLAN_EXCHANGE generation=11 phase=cpu_committed copies=complete layer=44 in=263 out=274 slot=6430 host=0x7acac0696c00
APLAN_EXCHANGE generation=11 phase=cpu_committed copies=complete layer=45 in=271 out=182 slot=3623 host=0x7acb82659400
APLAN_EXCHANGE generation=11 phase=cpu_committed copies=complete layer=18 in=295 out=94 slot=212 host=0x7ac70eb03800
APLAN_EXCHANGE generation=11 phase=cpu_committed copies=complete layer=45 in=329 out=143 slot=10454 host=0x7ac96e529400
APLAN_EXCHANGE generation=11 phase=cpu_committed copies=complete layer=42 in=135 out=166 slot=7661 host=0x7ac830abcc00
APLAN_EXCHANGE generation=11 phase=cpu_committed copies=complete layer=12 in=105 out=95 slot=6562 host=0x7aca25a12c00
APLAN_EXCHANGE generation=11 phase=cpu_committed copies=complete layer=18 in=410 out=174 slot=3185 host=0x7ac9ee341c00
APLAN_EXCHANGE generation=11 phase=cpu_committed copies=complete layer=46 in=183 out=156 slot=2628 host=0x7ac876b6a800
APLAN_EXCHANGE generation=11 phase=cpu_committed copies=complete layer=6 in=449 out=119 slot=3810 host=0x7ac8d7ddc800
APLAN_EXCHANGE generation=11 phase=cpu_committed copies=complete layer=38 in=25 out=164 slot=1356 host=0x7ac99e3a4000
APLAN_EXCHANGE generation=11 phase=cpu_committed copies=complete layer=19 in=31 out=71 slot=3432 host=0x7acb33cc7c00
APLAN_EXCHANGE generation=11 phase=cpu_committed copies=complete layer=1 in=495 out=102 slot=3862 host=0x7ac6939d0400
APLAN_EXCHANGE generation=11 phase=cpu_committed copies=complete layer=37 in=232 out=117 slot=8814 host=0x7ac6b6f8c000
APLAN_EXCHANGE generation=11 phase=cpu_committed copies=complete layer=3 in=177 out=49 slot=65 host=0x7ac86ac98800
APLAN_EXCHANGE generation=11 phase=cpu_committed copies=complete layer=22 in=176 out=95 slot=3596 host=0x7ac86a1b5000
APLAN_EXCHANGE generation=11 phase=cpu_committed copies=complete layer=47 in=429 out=123 slot=9011 host=0x7ac631c30400
APLAN_EXCHANGE generation=11 phase=cpu_committed copies=complete layer=47 in=161 out=321 slot=2443 host=0x7ac858fd4800
APLAN_EXCHANGE generation=11 phase=cpu_committed copies=complete layer=22 in=236 out=67 slot=3497 host=0x7ac6bbec5400
APLAN_EXCHANGE generation=11 phase=cpu_committed copies=complete layer=0 in=47 out=37 slot=2630 host=0x7ac7ba567000
APLAN_EXCHANGE generation=11 phase=cpu_committed copies=complete layer=38 in=228 out=133 slot=709 host=0x7ac6b0801c00
APLAN_EXCHANGE generation=11 phase=cpu_committed copies=complete layer=21 in=469 out=87 slot=7388 host=0x7aca86789400
APLAN_EXCHANGE generation=11 phase=cpu_committed copies=complete layer=36 in=383 out=80 slot=3457 host=0x7acae52a6800
APLAN_EXCHANGE generation=11 phase=cpu_committed copies=complete layer=18 in=370 out=100 slot=4003 host=0x7acb4f6dec00
APLAN_EXCHANGE generation=11 phase=cpu_committed copies=complete layer=44 in=423 out=111 slot=9852 host=0x7ac969d43000
APLAN_EXCHANGE generation=11 phase=cpu_committed copies=complete layer=42 in=320 out=132 slot=5294 host=0x7ac731a50c00
APLAN_EXCHANGE generation=11 phase=cpu_committed copies=complete layer=38 in=485 out=359 slot=1444 host=0x7ac685d16000
APLAN_EXCHANGE generation=11 phase=cpu_committed copies=complete layer=22 in=502 out=110 slot=7288 host=0x7ac69e67e800
APLAN_EXCHANGE generation=11 phase=cpu_committed copies=complete layer=47 in=167 out=150 slot=9135 host=0x7ac86062a400
APLAN_EXCHANGE generation=11 phase=cpu_committed copies=complete layer=34 in=370 out=152 slot=2366 host=0x7acabbee2800
APLAN_EXCHANGE generation=11 phase=cpu_committed copies=complete layer=44 in=13 out=200 slot=771 host=0x7ac98a8eb400
APLAN_EXCHANGE generation=11 phase=cpu_committed copies=complete layer=44 in=146 out=103 slot=3046 host=0x7ac840401400
APLAN_EXCHANGE generation=11 phase=cpu_committed copies=complete layer=22 in=228 out=89 slot=3955 host=0x7ac6afaa7000
APLAN_EXCHANGE generation=11 phase=cpu_committed copies=complete layer=4 in=288 out=91 slot=10259 host=0x7aca68749800
APLAN_EXCHANGE generation=11 phase=cpu_committed copies=complete layer=42 in=323 out=199 slot=6516 host=0x7ac95a048800
APLAN_EXCHANGE generation=11 phase=cpu_committed copies=complete layer=12 in=316 out=74 slot=2063 host=0x7ac72abfd000
APLAN_EXCHANGE generation=11 phase=cpu_committed copies=complete layer=5 in=53 out=79 slot=3057 host=0x7ac7c0a41c00
APLAN_EXCHANGE generation=11 phase=cpu_committed copies=complete layer=15 in=363 out=13 slot=8102 host=0x7ac76cc56000
APLAN_EXCHANGE generation=11 phase=cpu_committed copies=complete layer=6 in=320 out=181 slot=5793 host=0x7acb8aca6800
APLAN_EXCHANGE generation=11 phase=cpu_committed copies=complete layer=6 in=56 out=252 slot=6250 host=0x7aca1e578c00
APLAN_EXCHANGE generation=11 phase=cpu_committed copies=complete layer=22 in=209 out=49 slot=5198 host=0x7ac9044c0000
APLAN_EXCHANGE generation=11 phase=cpu_committed copies=complete layer=38 in=114 out=148 slot=8218 host=0x7ac811bab400
APLAN_EXCHANGE generation=11 phase=cpu_committed copies=complete layer=38 in=58 out=95 slot=6104 host=0x7acaab34e000
APLAN_EXCHANGE generation=11 phase=cpu_committed copies=complete layer=2 in=243 out=152 slot=10133 host=0x7ac6c4d01c00
APLAN_EXCHANGE generation=11 phase=cpu_committed copies=complete layer=32 in=58 out=108 slot=4904 host=0x7acacf03b400
APLAN_EXCHANGE generation=11 phase=cpu_committed copies=complete layer=38 in=407 out=232 slot=7523 host=0x7ac7a9c3d400
APLAN_EXCHANGE generation=11 phase=cpu_committed copies=complete layer=45 in=389 out=235 slot=7894 host=0x7ac79185f800
APLAN_EXCHANGE generation=11 phase=cpu_committed copies=complete layer=20 in=362 out=127 slot=7176 host=0x7acb6dcfa800
APLAN_EXCHANGE generation=11 phase=cpu_committed copies=complete layer=0 in=343 out=80 slot=7130 host=0x7ac74fc14000
APLAN_EXCHANGE generation=11 phase=cpu_committed copies=complete layer=38 in=323 out=106 slot=10431 host=0x7ac7367c1c00
APLAN_EXCHANGE generation=11 phase=cpu_committed copies=complete layer=19 in=103 out=78 slot=2841 host=0x7ac9eed82c00
APLAN_EXCHANGE generation=11 phase=cpu_committed copies=complete layer=25 in=308 out=53 slot=2468 host=0x7ac912f3f400
APLAN_EXCHANGE generation=11 phase=cpu_committed copies=complete layer=6 in=159 out=174 slot=8410 host=0x7ac8d6dacc00
APLAN_EXCHANGE generation=11 phase=cpu_committed copies=complete layer=5 in=263 out=156 slot=4660 host=0x7acab3731000
APLAN_EXCHANGE generation=11 phase=cpu_committed copies=complete layer=19 in=30 out=122 slot=3240 host=0x7aca809b0400
APLAN_EXCHANGE generation=11 phase=cpu_committed copies=complete layer=22 in=63 out=192 slot=5736 host=0x7ac7cdcae800
APLAN_EXCHANGE generation=11 phase=cpu_committed copies=complete layer=20 in=53 out=124 slot=10393 host=0x7ac697d70c00
APLAN_EXCHANGE generation=11 phase=cpu_committed copies=complete layer=36 in=53 out=113 slot=6208 host=0x7acb598c8c00
APLAN_EXCHANGE generation=11 phase=cpu_committed copies=complete layer=27 in=508 out=75 slot=8162 host=0x7acb06851400
APLAN_EXCHANGE generation=11 phase=cpu_committed copies=complete layer=21 in=232 out=121 slot=5107 host=0x7ac6b65a8c00
APLAN_EXCHANGE generation=11 phase=cpu_committed copies=complete layer=44 in=406 out=267 slot=4369 host=0x7ac7a863e000
APLAN_EXCHANGE generation=11 phase=cpu_committed copies=complete layer=2 in=115 out=179 slot=4113 host=0x7ac8c9d98000
APLAN_EXCHANGE generation=11 phase=cpu_committed copies=complete layer=1 in=185 out=65 slot=7135 host=0x7ac878338400
APLAN_EXCHANGE generation=11 phase=cpu_committed copies=complete layer=18 in=430 out=99 slot=9881 host=0x7aca2dc58c00
APLAN_EXCHANGE generation=11 phase=cpu_committed copies=complete layer=0 in=56 out=84 slot=4374 host=0x7ac7c445cc00
APLAN_EXCHANGE generation=11 phase=cpu_committed copies=complete layer=22 in=485 out=85 slot=5972 host=0x7ac6857fbc00
APLAN_EXCHANGE generation=11 phase=cpu_committed copies=complete layer=1 in=110 out=122 slot=5698 host=0x7ac80b8d1000
APLAN_EXCHANGE generation=11 phase=cpu_committed copies=complete layer=0 in=283 out=94 slot=7237 host=0x7aca61c15c00
APLAN_EXCHANGE generation=11 phase=cpu_committed copies=complete layer=0 in=344 out=159 slot=2745 host=0x7ac8c61c7800
APLAN_EXCHANGE generation=11 phase=cpu_committed copies=complete layer=6 in=488 out=240 slot=5632 host=0x7ac689eafc00
APLAN_EXCHANGE generation=11 phase=cpu_committed copies=complete layer=46 in=170 out=69 slot=8863 host=0x7ac863975800
APLAN_EXCHANGE generation=11 phase=cpu_committed copies=complete layer=8 in=231 out=95 slot=9262 host=0x7aca705b4000
APLAN_EXCHANGE generation=11 phase=cpu_committed copies=complete layer=3 in=135 out=103 slot=1899 host=0x7aca1afc2c00
APLAN_MIRROR generation=11 phase=mirror_uploaded entries=24576
APLAN_RESIDENCY upload=11 generation=11 adapt_every=4 adapt_swaps=96 holes=0 first_layer=-1 first_expert=-1 hash=694699485
APLAN_EXCHANGE generation=12 phase=cpu_committed copies=complete layer=45 in=378 out=141 slot=273 host=0x7ac783af0000
APLAN_EXCHANGE generation=12 phase=cpu_committed copies=complete layer=47 in=177 out=137 slot=10236 host=0x7ac975451800
APLAN_EXCHANGE generation=12 phase=cpu_committed copies=complete layer=42 in=116 out=104 slot=1401 host=0x7ac814a01c00
APLAN_EXCHANGE generation=12 phase=cpu_committed copies=complete layer=6 in=341 out=155 slot=9534 host=0x7ac74c4e0c00
APLAN_EXCHANGE generation=12 phase=cpu_committed copies=complete layer=45 in=319 out=205 slot=10122 host=0x7ac730338400
APLAN_EXCHANGE generation=12 phase=cpu_committed copies=complete layer=41 in=509 out=79 slot=10222 host=0x7ac6a760c800
APLAN_EXCHANGE generation=12 phase=cpu_committed copies=complete layer=47 in=164 out=183 slot=1971 host=0x7ac8c253b800
APLAN_EXCHANGE generation=12 phase=cpu_committed copies=complete layer=37 in=508 out=58 slot=2081 host=0x7ac6a5cd4400
APLAN_EXCHANGE generation=12 phase=cpu_committed copies=complete layer=7 in=400 out=76 slot=6729 host=0x7ac8d9446000
APLAN_EXCHANGE generation=12 phase=cpu_committed copies=complete layer=21 in=114 out=54 slot=1932 host=0x7ac8ff39f400
APLAN_EXCHANGE generation=12 phase=cpu_committed copies=complete layer=33 in=139 out=19 slot=7639 host=0x7ac930e1ac00
APLAN_EXCHANGE generation=12 phase=cpu_committed copies=complete layer=21 in=508 out=74 slot=1567 host=0x7ac6a5717800
APLAN_EXCHANGE generation=12 phase=cpu_committed copies=complete layer=37 in=215 out=64 slot=10325 host=0x7ac8a05b9800
APLAN_EXCHANGE generation=12 phase=cpu_committed copies=complete layer=28 in=67 out=103 slot=423 host=0x7ac7757aac00
APLAN_EXCHANGE generation=12 phase=cpu_committed copies=complete layer=37 in=348 out=72 slot=6322 host=0x7ac758e90000
APLAN_EXCHANGE generation=12 phase=cpu_committed copies=complete layer=37 in=203 out=54 slot=1215 host=0x7ac9418da400
APLAN_EXCHANGE generation=12 phase=cpu_committed copies=complete layer=42 in=83 out=58 slot=10697 host=0x7acb43796000
APLAN_EXCHANGE generation=12 phase=cpu_committed copies=complete layer=44 in=3 out=179 slot=1447 host=0x7ac97d1d4c00
APLAN_EXCHANGE generation=12 phase=cpu_committed copies=complete layer=19 in=101 out=88 slot=1037 host=0x7acab65f1c00
APLAN_EXCHANGE generation=12 phase=cpu_committed copies=complete layer=38 in=502 out=231 slot=9125 host=0x7ac69efbf400
APLAN_EXCHANGE generation=12 phase=cpu_committed copies=complete layer=14 in=285 out=98 slot=6470 host=0x7ac8ea21f400
APLAN_EXCHANGE generation=12 phase=cpu_committed copies=complete layer=15 in=449 out=105 slot=2461 host=0x7ac8eece7000
APLAN_EXCHANGE generation=12 phase=cpu_committed copies=complete layer=25 in=446 out=49 slot=1502 host=0x7acb05acac00
APLAN_EXCHANGE generation=12 phase=cpu_committed copies=complete layer=23 in=233 out=97 slot=8029 host=0x7ac6b7c0c000
APLAN_EXCHANGE generation=12 phase=cpu_committed copies=complete layer=44 in=222 out=251 slot=7773 host=0x7ac967e22400
APLAN_EXCHANGE generation=12 phase=cpu_committed copies=complete layer=8 in=434 out=67 slot=7701 host=0x7acb16a1b000
APLAN_EXCHANGE generation=12 phase=cpu_committed copies=complete layer=46 in=108 out=129 slot=4371 host=0x7ac80a623c00
APLAN_EXCHANGE generation=12 phase=cpu_committed copies=complete layer=18 in=189 out=89 slot=8269 host=0x7ac8f63c6400
APLAN_EXCHANGE generation=12 phase=cpu_committed copies=complete layer=19 in=319 out=79 slot=7727 host=0x7ac72efb6800
APLAN_EXCHANGE generation=12 phase=cpu_committed copies=complete layer=38 in=76 out=96 slot=2054 host=0x7ac7e0718400
APLAN_EXCHANGE generation=12 phase=cpu_committed copies=complete layer=22 in=76 out=64 slot=5971 host=0x7aca8718bc00
APLAN_EXCHANGE generation=12 phase=cpu_committed copies=complete layer=38 in=209 out=252 slot=56 host=0x7ac899413c00
APLAN_EXCHANGE generation=12 phase=cpu_committed copies=complete layer=47 in=21 out=205 slot=10568 host=0x7ac997eb0400
APLAN_EXCHANGE generation=12 phase=cpu_committed copies=complete layer=43 in=199 out=146 slot=6427 host=0x7ac88c111000
APLAN_EXCHANGE generation=12 phase=cpu_committed copies=complete layer=46 in=49 out=163 slot=10234 host=0x7ac7bd2e9000
APLAN_EXCHANGE generation=12 phase=cpu_committed copies=complete layer=24 in=219 out=65 slot=9645 host=0x7ac90f368800
APLAN_EXCHANGE generation=12 phase=cpu_committed copies=complete layer=36 in=69 out=106 slot=6319 host=0x7ac825d46800
APLAN_EXCHANGE generation=12 phase=cpu_committed copies=complete layer=45 in=387 out=231 slot=8819 host=0x7ac78f2e5c00
APLAN_EXCHANGE generation=12 phase=cpu_committed copies=complete layer=38 in=129 out=109 slot=7115 host=0x7ac944c1f400
APLAN_EXCHANGE generation=12 phase=cpu_committed copies=complete layer=17 in=186 out=82 slot=9959 host=0x7ac879be7000
APLAN_EXCHANGE generation=12 phase=cpu_committed copies=complete layer=35 in=63 out=71 slot=7759 host=0x7acb5928f000
APLAN_EXCHANGE generation=12 phase=cpu_committed copies=complete layer=19 in=315 out=112 slot=1166 host=0x7ac729868800
APLAN_EXCHANGE generation=12 phase=cpu_committed copies=complete layer=37 in=114 out=128 slot=7420 host=0x7ac811972800
APLAN_EXCHANGE generation=12 phase=cpu_committed copies=complete layer=33 in=184 out=82 slot=6204 host=0x7ac9318cc400
APLAN_EXCHANGE generation=12 phase=cpu_committed copies=complete layer=5 in=437 out=104 slot=5481 host=0x7acb659f2c00
APLAN_EXCHANGE generation=12 phase=cpu_committed copies=complete layer=3 in=504 out=162 slot=7043 host=0x7acb2dab5800
APLAN_EXCHANGE generation=12 phase=cpu_committed copies=complete layer=7 in=77 out=50 slot=9260 host=0x7ac9b4bd9000
APLAN_EXCHANGE generation=12 phase=cpu_committed copies=complete layer=6 in=130 out=172 slot=7049 host=0x7ac8d6b2f400
APLAN_EXCHANGE generation=12 phase=cpu_committed copies=complete layer=38 in=267 out=75 slot=9448 host=0x7ac6e99adc00
APLAN_EXCHANGE generation=12 phase=cpu_committed copies=complete layer=28 in=35 out=95 slot=6194 host=0x7aca912b4000
APLAN_EXCHANGE generation=12 phase=cpu_committed copies=complete layer=23 in=334 out=102 slot=10401 host=0x7ac9f3a9c400
APLAN_EXCHANGE generation=12 phase=cpu_committed copies=complete layer=0 in=488 out=61 slot=7669 host=0x7ac6898a1c00
APLAN_EXCHANGE generation=12 phase=cpu_committed copies=complete layer=18 in=158 out=79 slot=9161 host=0x7ac8f6035c00
APLAN_EXCHANGE generation=12 phase=cpu_committed copies=complete layer=35 in=167 out=88 slot=842 host=0x7acba1978400
APLAN_EXCHANGE generation=12 phase=cpu_committed copies=complete layer=20 in=265 out=132 slot=7613 host=0x7aca2fab7c00
APLAN_EXCHANGE generation=12 phase=cpu_committed copies=complete layer=2 in=397 out=141 slot=9315 host=0x7ac79a4e0400
APLAN_EXCHANGE generation=12 phase=cpu_committed copies=complete layer=10 in=193 out=66 slot=6950 host=0x7aca23f50c00
APLAN_EXCHANGE generation=12 phase=cpu_committed copies=complete layer=37 in=343 out=121 slot=2191 host=0x7ac751352000
APLAN_EXCHANGE generation=12 phase=cpu_committed copies=complete layer=21 in=203 out=95 slot=10292 host=0x7ac900377800
APLAN_EXCHANGE generation=12 phase=cpu_committed copies=complete layer=22 in=31 out=148 slot=4071 host=0x7aca86dfb400
APLAN_EXCHANGE generation=12 phase=cpu_committed copies=complete layer=38 in=31 out=308 slot=8566 host=0x7ac9a6bf1c00
APLAN_EXCHANGE generation=12 phase=cpu_committed copies=complete layer=38 in=315 out=210 slot=10681 host=0x7ac72a2a9800
APLAN_EXCHANGE generation=12 phase=cpu_committed copies=complete layer=42 in=125 out=250 slot=8113 host=0x7ac82193bc00
APLAN_EXCHANGE generation=12 phase=cpu_committed copies=complete layer=6 in=409 out=221 slot=6728 host=0x7ac611edcc00
APLAN_EXCHANGE generation=12 phase=cpu_committed copies=complete layer=34 in=189 out=99 slot=9747 host=0x7ac87d721800
APLAN_EXCHANGE generation=12 phase=cpu_committed copies=complete layer=0 in=6 out=102 slot=3411 host=0x7ac97fe18000
APLAN_EXCHANGE generation=12 phase=cpu_committed copies=complete layer=0 in=469 out=145 slot=10718 host=0x7ac66cb28400
APLAN_EXCHANGE generation=12 phase=cpu_committed copies=complete layer=41 in=278 out=80 slot=7533 host=0x7ac8b2e5b800
APLAN_EXCHANGE generation=12 phase=cpu_committed copies=complete layer=5 in=10 out=41 slot=8662 host=0x7aca1cc40800
APLAN_EXCHANGE generation=12 phase=cpu_committed copies=complete layer=6 in=165 out=205 slot=6249 host=0x7ac9e1c29000
APLAN_EXCHANGE generation=12 phase=cpu_committed copies=complete layer=31 in=449 out=102 slot=9502 host=0x7ac9ffac6000
APLAN_EXCHANGE generation=12 phase=cpu_committed copies=complete layer=38 in=119 out=310 slot=5682 host=0x7ac819119c00
APLAN_EXCHANGE generation=12 phase=cpu_committed copies=complete layer=31 in=12 out=81 slot=1620 host=0x7aca3e918c00
APLAN_EXCHANGE generation=12 phase=cpu_committed copies=complete layer=45 in=236 out=127 slot=9386 host=0x7ac6bcd77c00
APLAN_EXCHANGE generation=12 phase=cpu_committed copies=complete layer=45 in=221 out=165 slot=6221 host=0x7aca14b7e000
APLAN_EXCHANGE generation=12 phase=cpu_committed copies=complete layer=47 in=422 out=264 slot=993 host=0x7ac626314c00
APLAN_EXCHANGE generation=12 phase=cpu_committed copies=complete layer=26 in=411 out=72 slot=638 host=0x7acb71c16c00
APLAN_EXCHANGE generation=12 phase=cpu_committed copies=complete layer=3 in=438 out=139 slot=3686 host=0x7ac63d00c000
APLAN_EXCHANGE generation=12 phase=cpu_committed copies=complete layer=22 in=267 out=187 slot=9889 host=0x7ac6e9180000
APLAN_EXCHANGE generation=12 phase=cpu_committed copies=complete layer=28 in=479 out=126 slot=1213 host=0x7acb546f9000
APLAN_EXCHANGE generation=12 phase=cpu_committed copies=complete layer=26 in=193 out=50 slot=59 host=0x7ac883590800
APLAN_EXCHANGE generation=12 phase=cpu_committed copies=complete layer=21 in=439 out=72 slot=5038 host=0x7ac902046800
APLAN_EXCHANGE generation=12 phase=cpu_committed copies=complete layer=18 in=145 out=134 slot=9882 host=0x7acb6c5c9000
APLAN_EXCHANGE generation=12 phase=cpu_committed copies=complete layer=38 in=240 out=99 slot=4910 host=0x7ac6c1d6c800
APLAN_EXCHANGE generation=12 phase=cpu_committed copies=complete layer=8 in=160 out=28 slot=8536 host=0x7ac855109800
APLAN_EXCHANGE generation=12 phase=cpu_committed copies=complete layer=4 in=344 out=81 slot=5158 host=0x7acb14c3f400
APLAN_EXCHANGE generation=12 phase=cpu_committed copies=complete layer=11 in=48 out=59 slot=527 host=0x7ac8e1da0800
APLAN_EXCHANGE generation=12 phase=cpu_committed copies=complete layer=40 in=76 out=92 slot=10330 host=0x7ac7e08f9800
APLAN_EXCHANGE generation=12 phase=cpu_committed copies=complete layer=18 in=14 out=118 slot=7277 host=0x7acb6c238800
APLAN_EXCHANGE generation=12 phase=cpu_committed copies=complete layer=6 in=182 out=200 slot=6726 host=0x7ac8d6eeb800
APLAN_EXCHANGE generation=12 phase=cpu_committed copies=complete layer=38 in=137 out=187 slot=9672 host=0x7ac83395e400
APLAN_EXCHANGE generation=12 phase=cpu_committed copies=complete layer=22 in=129 out=93 slot=7185 host=0x7ac903a0e800
APLAN_EXCHANGE generation=12 phase=cpu_committed copies=complete layer=42 in=493 out=123 slot=1045 host=0x7ac691d97400
APLAN_EXCHANGE generation=12 phase=cpu_committed copies=complete layer=0 in=374 out=50 slot=6803 host=0x7ac77d9e4400
APLAN_EXCHANGE generation=12 phase=cpu_committed copies=complete layer=44 in=340 out=262 slot=10337 host=0x7acb5f4c6c00
APLAN_EXCHANGE generation=12 phase=cpu_committed copies=complete layer=26 in=130 out=74 slot=279 host=0x7acb533a9400
APLAN_MIRROR generation=12 phase=mirror_uploaded entries=24576
APLAN_RESIDENCY upload=12 generation=12 adapt_every=4 adapt_swaps=96 holes=0 first_layer=-1 first_expert=-1 hash=2540496087
APLAN_EXCHANGE generation=13 phase=cpu_committed copies=complete layer=46 in=229 out=169 slot=3470 host=0x7ac6b2980c00
APLAN_EXCHANGE generation=13 phase=cpu_committed copies=complete layer=44 in=353 out=125 slot=5611 host=0x7ac75e6eac00
APLAN_EXCHANGE generation=13 phase=cpu_committed copies=complete layer=20 in=408 out=110 slot=9164 host=0x7acb031ec400
APLAN_EXCHANGE generation=13 phase=cpu_committed copies=complete layer=37 in=227 out=45 slot=3099 host=0x7acb5a9d9800
APLAN_EXCHANGE generation=13 phase=cpu_committed copies=complete layer=42 in=189 out=142 slot=8626 host=0x7ac87dda6400
APLAN_EXCHANGE generation=13 phase=cpu_committed copies=complete layer=44 in=347 out=104 slot=11 host=0x7ac757b7ec00
APLAN_EXCHANGE generation=13 phase=cpu_committed copies=complete layer=36 in=408 out=109 slot=9749 host=0x7acaf7f4f400
APLAN_EXCHANGE generation=13 phase=cpu_committed copies=complete layer=12 in=477 out=83 slot=6841 host=0x7acb8ea4bc00
APLAN_EXCHANGE generation=13 phase=cpu_committed copies=complete layer=18 in=32 out=63 slot=7171 host=0x7ac9eda58800
APLAN_EXCHANGE generation=13 phase=cpu_committed copies=complete layer=40 in=422 out=74 slot=6421 host=0x7ac951496000
APLAN_EXCHANGE generation=13 phase=cpu_committed copies=complete layer=37 in=365 out=93 slot=4908 host=0x7ac77076b000
APLAN_EXCHANGE generation=13 phase=cpu_committed copies=complete layer=37 in=450 out=140 slot=8075 host=0x7acaaaac2800
APLAN_EXCHANGE generation=13 phase=cpu_committed copies=complete layer=44 in=477 out=241 slot=9311 host=0x7ac67b20a800
APLAN_EXCHANGE generation=13 phase=cpu_committed copies=complete layer=18 in=489 out=131 slot=8841 host=0x7acb6ccea000
APLAN_EXCHANGE generation=13 phase=cpu_committed copies=complete layer=23 in=209 out=104 slot=5894 host=0x7ac909883c00
APLAN_EXCHANGE generation=13 phase=cpu_committed copies=complete layer=34 in=32 out=146 slot=7216 host=0x7ac9a78eec00
APLAN_EXCHANGE generation=13 phase=cpu_committed copies=complete layer=28 in=477 out=134 slot=10303 host=0x7ac9c519d800
APLAN_EXCHANGE generation=13 phase=cpu_committed copies=complete layer=22 in=370 out=216 slot=6982 host=0x7ac77776e000
APLAN_EXCHANGE generation=13 phase=cpu_committed copies=complete layer=34 in=489 out=110 slot=10096 host=0x7acb78ec9400
APLAN_EXCHANGE generation=13 phase=cpu_committed copies=complete layer=4 in=468 out=92 slot=4796 host=0x7acb2e315400
APLAN_EXCHANGE generation=13 phase=cpu_committed copies=complete layer=2 in=507 out=138 slot=4313 host=0x7acb142a0c00
APLAN_EXCHANGE generation=13 phase=cpu_committed copies=complete layer=1 in=104 out=168 slot=10727 host=0x7ac803ebf000
APLAN_EXCHANGE generation=13 phase=cpu_committed copies=complete layer=6 in=307 out=158 slot=6030 host=0x7aca6c48ac00
APLAN_EXCHANGE generation=13 phase=cpu_committed copies=complete layer=42 in=449 out=169 slot=8709 host=0x7ac64e4f3800
APLAN_EXCHANGE generation=13 phase=cpu_committed copies=complete layer=38 in=370 out=67 slot=4089 host=0x7ac777c88400
APLAN_EXCHANGE generation=13 phase=cpu_committed copies=complete layer=22 in=114 out=55 slot=6763 host=0x7ac810dae000
APLAN_EXCHANGE generation=13 phase=cpu_committed copies=complete layer=35 in=38 out=91 slot=9184 host=0x7acb7954e000
APLAN_EXCHANGE generation=13 phase=cpu_committed copies=complete layer=0 in=96 out=125 slot=6804 host=0x7acae8d7d000
APLAN_EXCHANGE generation=13 phase=cpu_committed copies=complete layer=36 in=71 out=90 slot=87 host=0x7acaf7a67000
APLAN_EXCHANGE generation=13 phase=cpu_committed copies=complete layer=37 in=55 out=95 slot=9445 host=0x7ac7c3ea0000
APLAN_EXCHANGE generation=13 phase=cpu_committed copies=complete layer=0 in=325 out=5 slot=7026 host=0x7ac8c5c6ec00
APLAN_EXCHANGE generation=13 phase=cpu_committed copies=complete layer=39 in=209 out=106 slot=8184 host=0x7ac949d46400
APLAN_EXCHANGE generation=13 phase=cpu_committed copies=complete layer=22 in=245 out=197 slot=4270 host=0x7ac9f16f7400
APLAN_EXCHANGE generation=13 phase=cpu_committed copies=complete layer=38 in=245 out=85 slot=5456 host=0x7ac6c7ee2800
APLAN_EXCHANGE generation=13 phase=cpu_committed copies=complete layer=19 in=459 out=91 slot=8640 host=0x7ac65c5a2400
APLAN_EXCHANGE generation=13 phase=cpu_committed copies=complete layer=22 in=168 out=151 slot=2611 host=0x7ac9f0e0e000
APLAN_EXCHANGE generation=13 phase=cpu_committed copies=complete layer=40 in=329 out=98 slot=8362 host=0x7ac73e237c00
APLAN_EXCHANGE generation=13 phase=cpu_committed copies=complete layer=6 in=100 out=219 slot=1779 host=0x7acb2ef82800
APLAN_EXCHANGE generation=13 phase=cpu_committed copies=complete layer=42 in=7 out=265 slot=8426 host=0x7ac981f2cc00
APLAN_EXCHANGE generation=13 phase=cpu_committed copies=complete layer=40 in=485 out=121 slot=176 host=0x7ac95218cc00
APLAN_EXCHANGE generation=13 phase=cpu_committed copies=complete layer=38 in=168 out=189 slot=7522 host=0x7ac9451c3000
APLAN_EXCHANGE generation=13 phase=cpu_committed copies=complete layer=5 in=201 out=102 slot=6940 host=0x7ac9e0e12c00
APLAN_EXCHANGE generation=13 phase=cpu_committed copies=complete layer=38 in=335 out=151 slot=3663 host=0x7ac8abfa3c00
APLAN_EXCHANGE generation=13 phase=cpu_committed copies=complete layer=20 in=449 out=137 slot=8384 host=0x7ac64ceaf800
APLAN_EXCHANGE generation=13 phase=cpu_committed copies=complete layer=44 in=434 out=266 slot=7232 host=0x7ac638e9e000
APLAN_EXCHANGE generation=13 phase=cpu_committed copies=complete layer=10 in=130 out=50 slot=52 host=0x7acb16fea800
APLAN_EXCHANGE generation=13 phase=cpu_committed copies=complete layer=44 in=437 out=142 slot=4305 host=0x7ac9d7ae7c00
APLAN_EXCHANGE generation=13 phase=cpu_committed copies=complete layer=22 in=476 out=143 slot=2768 host=0x7ac906a2d400
APLAN_EXCHANGE generation=13 phase=cpu_committed copies=complete layer=22 in=335 out=231 slot=7836 host=0x7aca886eec00
APLAN_EXCHANGE generation=13 phase=cpu_committed copies=complete layer=2 in=129 out=151 slot=7445 host=0x7ac9dde7d800
APLAN_EXCHANGE generation=13 phase=cpu_committed copies=complete layer=1 in=503 out=129 slot=10131 host=0x7ac9dd9ae400
APLAN_EXCHANGE generation=13 phase=cpu_committed copies=complete layer=38 in=412 out=313 slot=2437 host=0x7ac9471b8400
APLAN_EXCHANGE generation=13 phase=cpu_committed copies=complete layer=42 in=358 out=168 slot=1360 host=0x7ac95a5ec400
APLAN_EXCHANGE generation=13 phase=cpu_committed copies=complete layer=32 in=77 out=95 slot=9120 host=0x7ac7e17ea800
APLAN_EXCHANGE generation=13 phase=cpu_committed copies=complete layer=1 in=280 out=169 slot=3798 host=0x7acb868bb000
APLAN_EXCHANGE generation=13 phase=cpu_committed copies=complete layer=38 in=476 out=265 slot=9593 host=0x7ac679cadc00
APLAN_EXCHANGE generation=13 phase=cpu_committed copies=complete layer=37 in=217 out=139 slot=6005 host=0x7ac941b13000
APLAN_EXCHANGE generation=13 phase=cpu_committed copies=complete layer=0 in=42 out=116 slot=8783 host=0x7acb2b68d400
APLAN_EXCHANGE generation=13 phase=cpu_committed copies=complete layer=32 in=266 out=63 slot=1023 host=0x7acb3d0a8000
APLAN_EXCHANGE generation=13 phase=cpu_committed copies=complete layer=21 in=450 out=62 slot=4413 host=0x7aca31af1c00
APLAN_EXCHANGE generation=13 phase=cpu_committed copies=complete layer=46 in=105 out=113 slot=5614 host=0x7ac970631800
APLAN_EXCHANGE generation=13 phase=cpu_committed copies=complete layer=33 in=69 out=93 slot=1917 host=0x7ac7d6dd2c00
APLAN_EXCHANGE generation=13 phase=cpu_committed copies=complete layer=28 in=316 out=108 slot=913 host=0x7ac91b855000
APLAN_EXCHANGE generation=13 phase=cpu_committed copies=complete layer=6 in=356 out=226 slot=10364 host=0x7ac761dad800
APLAN_EXCHANGE generation=13 phase=cpu_committed copies=complete layer=34 in=123 out=151 slot=9040 host=0x7aca46a52000
APLAN_EXCHANGE generation=13 phase=cpu_committed copies=complete layer=3 in=238 out=152 slot=9690 host=0x7ac6be2c8000
APLAN_EXCHANGE generation=13 phase=cpu_committed copies=complete layer=35 in=338 out=89 slot=8451 host=0x7ac939768c00
APLAN_EXCHANGE generation=13 phase=cpu_committed copies=complete layer=0 in=255 out=134 slot=7671 host=0x7ac6d5cfac00
APLAN_EXCHANGE generation=13 phase=cpu_committed copies=complete layer=47 in=363 out=217 slot=8661 host=0x7ac76da02000
APLAN_EXCHANGE generation=13 phase=cpu_committed copies=complete layer=21 in=348 out=64 slot=9967 host=0x7ac901912c00
APLAN_EXCHANGE generation=13 phase=cpu_committed copies=complete layer=40 in=267 out=109 slot=9919 host=0x7ac9d21d1800
APLAN_EXCHANGE generation=13 phase=cpu_committed copies=complete layer=22 in=315 out=96 slot=2397 host=0x7ac90585ac00
APLAN_EXCHANGE generation=13 phase=cpu_committed copies=complete layer=36 in=367 out=105 slot=8237 host=0x7ac93ea90400
APLAN_EXCHANGE generation=13 phase=cpu_committed copies=complete layer=34 in=231 out=66 slot=5834 host=0x7ac6b5760800
APLAN_EXCHANGE generation=13 phase=cpu_committed copies=complete layer=21 in=386 out=126 slot=7731 host=0x7ac78d1b8000
APLAN_EXCHANGE generation=13 phase=cpu_committed copies=complete layer=43 in=202 out=178 slot=173 host=0x7ac8b8d86000
APLAN_EXCHANGE generation=13 phase=cpu_committed copies=complete layer=46 in=430 out=154 slot=9198 host=0x7ac632aaa800
APLAN_EXCHANGE generation=13 phase=cpu_committed copies=complete layer=37 in=263 out=166 slot=2000 host=0x7ac6e46a5800
APLAN_EXCHANGE generation=13 phase=cpu_committed copies=complete layer=46 in=96 out=87 slot=3112 host=0x7ac970450400
APLAN_EXCHANGE generation=13 phase=cpu_committed copies=complete layer=46 in=494 out=66 slot=7022 host=0x7ac6937ef000
APLAN_EXCHANGE generation=13 phase=cpu_committed copies=complete layer=3 in=358 out=154 slot=4235 host=0x7ac8cebea000
APLAN_EXCHANGE generation=13 phase=cpu_committed copies=complete layer=34 in=295 out=50 slot=10670 host=0x7ac70f896800
APLAN_EXCHANGE generation=13 phase=cpu_committed copies=complete layer=46 in=111 out=195 slot=8576 host=0x7ac80d523000
APLAN_EXCHANGE generation=13 phase=cpu_committed copies=complete layer=45 in=92 out=202 slot=397 host=0x7ac7f3f9e800
APLAN_EXCHANGE generation=13 phase=cpu_committed copies=complete layer=45 in=277 out=169 slot=4449 host=0x7aca15066400
APLAN_EXCHANGE generation=13 phase=cpu_committed copies=complete layer=38 in=63 out=171 slot=1172 host=0x7ac7ce1c8c00
APLAN_EXCHANGE generation=13 phase=cpu_committed copies=complete layer=25 in=91 out=50 slot=8558 host=0x7ac911713c00
APLAN_EXCHANGE generation=13 phase=cpu_committed copies=complete layer=1 in=7 out=138 slot=10027 host=0x7ac9ae937000
APLAN_EXCHANGE generation=13 phase=cpu_committed copies=complete layer=20 in=367 out=142 slot=189 host=0x7ac7737c2000
APLAN_EXCHANGE generation=13 phase=cpu_committed copies=complete layer=30 in=60 out=73 slot=7861 host=0x7ac9218e3c00
APLAN_EXCHANGE generation=13 phase=cpu_committed copies=complete layer=1 in=457 out=92 slot=1898 host=0x7ac8c8cd8800
APLAN_EXCHANGE generation=13 phase=cpu_committed copies=complete layer=8 in=19 out=65 slot=10045 host=0x7acb8bfdd400
APLAN_EXCHANGE generation=13 phase=cpu_committed copies=complete layer=18 in=123 out=143 slot=7278 host=0x7aca2d8c8400
APLAN_EXCHANGE generation=13 phase=cpu_committed copies=complete layer=47 in=159 out=231 slot=7024 host=0x7ac854c78c00
APLAN_EXCHANGE generation=13 phase=cpu_committed copies=complete layer=0 in=288 out=57 slot=5854 host=0x7ac8c5716000
APLAN_EXCHANGE generation=13 phase=cpu_committed copies=complete layer=21 in=313 out=109 slot=6863 host=0x7acb94b89800
APLAN_MIRROR generation=13 phase=mirror_uploaded entries=24576
APLAN_RESIDENCY upload=13 generation=13 adapt_every=4 adapt_swaps=96 holes=0 first_layer=-1 first_expert=-1 hash=610450897
strata decode timing: 23 windows, avg T 2.52, 1.91 tokens/window, 129.32 ms/window = verify 106.66 (GPU-reach wait 88.07 + per-layer host 12.55 [plan 0.15 actq 0.35 jobs 0.35 CPU 11.64] + stage 0.38) + commit/emit 1.58 + draft 20.95; per layer-window: CPU experts 3.41 (4.41 entries), VRAM hits 20.04, PCIe 0.71
strata serve: prompt 32 tokens = 0 reused + 32 read in 1666 ms (19.2 tok/s), 44 generated in 2974 ms (14.8 tok/s), drafts accepted 22 of 35, 1 checkpoints
strata serve: decode expert cache hit rate: 82.0% (22124 hits / 26988 lookups); 852 more read by the GPU over PCIe or from another GPU (3.1% of all 27840 routed)
strata serve: KV streaming: 97.99% of 11352 block reads hit VRAM, 0.9 MiB read from RAM
APLAN_EXCHANGE generation=14 phase=cpu_committed copies=complete layer=20 in=248 out=194 slot=9643 host=0x7acb6db32400
APLAN_EXCHANGE generation=14 phase=cpu_committed copies=complete layer=36 in=248 out=187 slot=8315 host=0x7aca4af8f000
APLAN_EXCHANGE generation=14 phase=cpu_committed copies=complete layer=16 in=487 out=123 slot=5030 host=0x7acb32c2dc00
APLAN_EXCHANGE generation=14 phase=cpu_committed copies=complete layer=29 in=53 out=106 slot=8450 host=0x7ac7c15c7c00
APLAN_EXCHANGE generation=14 phase=cpu_committed copies=complete layer=35 in=173 out=77 slot=5603 host=0x7acb0c568800
APLAN_EXCHANGE generation=14 phase=cpu_committed copies=complete layer=39 in=62 out=168 slot=9918 host=0x7ac7cd0fcc00
APLAN_EXCHANGE generation=14 phase=cpu_committed copies=complete layer=36 in=265 out=192 slot=10100 host=0x7acb3f81c000
APLAN_EXCHANGE generation=14 phase=cpu_committed copies=complete layer=30 in=424 out=131 slot=8182 host=0x7acb21025400
APLAN_EXCHANGE generation=14 phase=cpu_committed copies=complete layer=23 in=68 out=87 slot=972 host=0x7ac907f90400
APLAN_EXCHANGE generation=14 phase=cpu_committed copies=complete layer=9 in=221 out=103 slot=403 host=0x7acaff63b000
APLAN_EXCHANGE generation=14 phase=cpu_committed copies=complete layer=28 in=297 out=110 slot=8189 host=0x7acb1f030000
APLAN_EXCHANGE generation=14 phase=cpu_committed copies=complete layer=27 in=477 out=87 slot=8357 host=0x7ac91886e800
APLAN_EXCHANGE generation=14 phase=cpu_committed copies=complete layer=18 in=46 out=248 slot=850 host=0x7acb9180c400
APLAN_EXCHANGE generation=14 phase=cpu_committed copies=complete layer=39 in=68 out=58 slot=496 host=0x7ac6ad24bc00
APLAN_EXCHANGE generation=14 phase=cpu_committed copies=complete layer=7 in=458 out=152 slot=2882 host=0x7acac576c800
APLAN_EXCHANGE generation=14 phase=cpu_committed copies=complete layer=32 in=277 out=121 slot=504 host=0x7acb75e4cc00
APLAN_EXCHANGE generation=14 phase=cpu_committed copies=complete layer=16 in=391 out=133 slot=805 host=0x7aca7ce8ec00
APLAN_EXCHANGE generation=14 phase=cpu_committed copies=complete layer=25 in=221 out=118 slot=6588 host=0x7ac9f595f400
APLAN_EXCHANGE generation=14 phase=cpu_committed copies=complete layer=9 in=50 out=146 slot=4805 host=0x7ac9e58da800
APLAN_EXCHANGE generation=14 phase=cpu_committed copies=complete layer=32 in=191 out=129 slot=2617 host=0x7ac9c97f3c00
APLAN_EXCHANGE generation=14 phase=cpu_committed copies=complete layer=30 in=173 out=192 slot=9907 host=0x7acb202d0c00
APLAN_EXCHANGE generation=14 phase=cpu_committed copies=complete layer=37 in=418 out=187 slot=7322 host=0x7acb2546e800
APLAN_EXCHANGE generation=14 phase=cpu_committed copies=complete layer=1 in=400 out=142 slot=9395 host=0x7aca63780800
APLAN_EXCHANGE generation=14 phase=cpu_committed copies=complete layer=2 in=114 out=119 slot=5932 host=0x7acb87754800
APLAN_EXCHANGE generation=14 phase=cpu_committed copies=complete layer=10 in=508 out=103 slot=6740 host=0x7ac9b7227400
APLAN_EXCHANGE generation=14 phase=cpu_committed copies=complete layer=21 in=418 out=158 slot=2394 host=0x7aca85ee4c00
APLAN_EXCHANGE generation=14 phase=cpu_committed copies=complete layer=11 in=477 out=74 slot=10373 host=0x7ac67a8c3800
APLAN_EXCHANGE generation=14 phase=cpu_committed copies=complete layer=12 in=277 out=91 slot=2833 host=0x7acb4cc83000
APLAN_EXCHANGE generation=14 phase=cpu_committed copies=complete layer=41 in=261 out=220 slot=4368 host=0x7aca0c12fc00
APLAN_EXCHANGE generation=14 phase=cpu_committed copies=complete layer=24 in=225 out=98 slot=6383 host=0x7aca35a6bc00
APLAN_EXCHANGE generation=14 phase=cpu_committed copies=complete layer=13 in=53 out=117 slot=954 host=0x7ac7c0cd8400
APLAN_EXCHANGE generation=14 phase=cpu_committed copies=complete layer=32 in=391 out=143 slot=1867 host=0x7ac92d99d400
APLAN_EXCHANGE generation=14 phase=cpu_committed copies=complete layer=43 in=91 out=406 slot=4506 host=0x7acb442dd800
APLAN_EXCHANGE generation=14 phase=cpu_committed copies=complete layer=28 in=175 out=141 slot=8312 host=0x7ac86965ac00
APLAN_EXCHANGE generation=14 phase=cpu_committed copies=complete layer=35 in=58 out=123 slot=1964 host=0x7acb79761400
APLAN_EXCHANGE generation=14 phase=cpu_committed copies=complete layer=24 in=458 out=88 slot=9731 host=0x7acb368c0000
APLAN_EXCHANGE generation=14 phase=cpu_committed copies=complete layer=12 in=175 out=92 slot=4813 host=0x7ac8e4d10400
APLAN_EXCHANGE generation=14 phase=cpu_committed copies=complete layer=40 in=174 out=154 slot=8623 host=0x7aca5228c800
APLAN_EXCHANGE generation=14 phase=cpu_committed copies=complete layer=31 in=173 out=98 slot=3093 host=0x7ac9fd915000
APLAN_EXCHANGE generation=14 phase=cpu_committed copies=complete layer=14 in=173 out=132 slot=3180 host=0x7acadb3c3800
APLAN_EXCHANGE generation=14 phase=cpu_committed copies=complete layer=14 in=117 out=102 slot=4598 host=0x7ac8156fec00
APLAN_EXCHANGE generation=14 phase=cpu_committed copies=complete layer=16 in=277 out=148 slot=4885 host=0x7aca2b830800
APLAN_EXCHANGE generation=14 phase=cpu_committed copies=complete layer=28 in=277 out=161 slot=2654 host=0x7acacd835400
APLAN_EXCHANGE generation=14 phase=cpu_committed copies=complete layer=10 in=325 out=74 slot=3423 host=0x7acaecb41800
APLAN_EXCHANGE generation=14 phase=cpu_committed copies=complete layer=24 in=244 out=104 slot=9970 host=0x7aca8be2e800
APLAN_EXCHANGE generation=14 phase=cpu_committed copies=complete layer=8 in=225 out=172 slot=1048 host=0x7ac9b56e2000
APLAN_EXCHANGE generation=14 phase=cpu_committed copies=complete layer=31 in=289 out=138 slot=1576 host=0x7acb57116400
APLAN_EXCHANGE generation=14 phase=cpu_committed copies=complete layer=35 in=162 out=193 slot=8129 host=0x7acb23fd3800
APLAN_EXCHANGE generation=14 phase=cpu_committed copies=complete layer=26 in=508 out=70 slot=10407 host=0x7acb53add000
APLAN_EXCHANGE generation=14 phase=cpu_committed copies=complete layer=10 in=322 out=123 slot=8794 host=0x7acb68df3400
APLAN_EXCHANGE generation=14 phase=cpu_committed copies=complete layer=18 in=376 out=221 slot=10287 host=0x7ac8f73d0800
APLAN_EXCHANGE generation=14 phase=cpu_committed copies=complete layer=12 in=389 out=178 slot=6149 host=0x7aca262b7400
APLAN_EXCHANGE generation=14 phase=cpu_committed copies=complete layer=14 in=479 out=190 slot=9715 host=0x7ac8eb394000
APLAN_EXCHANGE generation=14 phase=cpu_committed copies=complete layer=3 in=186 out=181 slot=4938 host=0x7ac879aa8400
APLAN_EXCHANGE generation=14 phase=cpu_committed copies=complete layer=24 in=510 out=119 slot=10515 host=0x7aca8d1c9400
APLAN_EXCHANGE generation=14 phase=cpu_committed copies=complete layer=42 in=14 out=298 slot=9384 host=0x7ac9d471f800
APLAN_EXCHANGE generation=14 phase=cpu_committed copies=complete layer=39 in=351 out=166 slot=7015 host=0x7ac75ba49c00
APLAN_EXCHANGE generation=14 phase=cpu_committed copies=complete layer=30 in=479 out=215 slot=2362 host=0x7aca3e4a7400
APLAN_EXCHANGE generation=14 phase=cpu_committed copies=complete layer=37 in=324 out=250 slot=3207 host=0x7acaada9d000
APLAN_EXCHANGE generation=14 phase=cpu_committed copies=complete layer=5 in=142 out=191 slot=1434 host=0x7ac8d451f800
APLAN_EXCHANGE generation=14 phase=cpu_committed copies=complete layer=34 in=46 out=109 slot=2619 host=0x7aca0269f000
APLAN_EXCHANGE generation=14 phase=cpu_committed copies=complete layer=36 in=210 out=194 slot=8594 host=0x7acb247b0000
APLAN_EXCHANGE generation=14 phase=cpu_committed copies=complete layer=47 in=95 out=413 slot=7547 host=0x7acb8419e800
APLAN_EXCHANGE generation=14 phase=cpu_committed copies=complete layer=40 in=52 out=126 slot=6010 host=0x7aca51b58c00
APLAN_EXCHANGE generation=14 phase=cpu_committed copies=complete layer=29 in=97 out=2 slot=7854 host=0x7acb074abc00
APLAN_EXCHANGE generation=14 phase=cpu_committed copies=complete layer=19 in=162 out=113 slot=1613 host=0x7ac9ef2e1c00
APLAN_EXCHANGE generation=14 phase=cpu_committed copies=complete layer=33 in=486 out=71 slot=8390 host=0x7acb3e0ac000
APLAN_EXCHANGE generation=14 phase=cpu_committed copies=complete layer=23 in=244 out=103 slot=5112 host=0x7ac90a335400
APLAN_EXCHANGE generation=14 phase=cpu_committed copies=complete layer=9 in=481 out=157 slot=386 host=0x7ac8dfb02000
APLAN_EXCHANGE generation=14 phase=cpu_committed copies=complete layer=23 in=62 out=126 slot=5819 host=0x7ac7ccbc9800
APLAN_EXCHANGE generation=14 phase=cpu_committed copies=complete layer=45 in=47 out=240 slot=10563 host=0x7ac9d82c4400
APLAN_EXCHANGE generation=14 phase=cpu_committed copies=complete layer=34 in=376 out=95 slot=6314 host=0x7aca477a6800
APLAN_EXCHANGE generation=14 phase=cpu_committed copies=complete layer=42 in=217 out=367 slot=2739 host=0x7acb2811c000
APLAN_EXCHANGE generation=14 phase=cpu_committed copies=complete layer=14 in=470 out=103 slot=5096 host=0x7acb8fcb4400
APLAN_EXCHANGE generation=14 phase=cpu_committed copies=complete layer=37 in=170 out=352 slot=4635 host=0x7ac9416a1800
APLAN_EXCHANGE generation=14 phase=cpu_committed copies=complete layer=24 in=319 out=93 slot=749 host=0x7ac72f60f800
APLAN_EXCHANGE generation=14 phase=cpu_committed copies=complete layer=9 in=142 out=89 slot=3422 host=0x7acaec333000
APLAN_EXCHANGE generation=14 phase=cpu_committed copies=complete layer=20 in=210 out=114 slot=9413 host=0x7acb93c2e400
APLAN_EXCHANGE generation=14 phase=cpu_committed copies=complete layer=8 in=456 out=63 slot=10609 host=0x7aca2247c000
APLAN_EXCHANGE generation=14 phase=cpu_committed copies=complete layer=12 in=90 out=130 slot=10493 host=0x7ac7f147ac00
APLAN_EXCHANGE generation=14 phase=cpu_committed copies=complete layer=39 in=177 out=175 slot=7424 host=0x7ac86bf97000
APLAN_EXCHANGE generation=14 phase=cpu_committed copies=complete layer=13 in=488 out=108 slot=5646 host=0x7ac8e8650800
APLAN_EXCHANGE generation=14 phase=cpu_committed copies=complete layer=25 in=481 out=55 slot=7397 host=0x7ac680ac9400
APLAN_EXCHANGE generation=14 phase=cpu_committed copies=complete layer=40 in=141 out=190 slot=21 host=0x7acba6f9a400
APLAN_EXCHANGE generation=14 phase=cpu_committed copies=complete layer=8 in=262 out=189 slot=75 host=0x7ac6e22fa400
APLAN_EXCHANGE generation=14 phase=cpu_committed copies=complete layer=5 in=436 out=212 slot=2342 host=0x7ac9b3a51800
APLAN_EXCHANGE generation=14 phase=cpu_committed copies=complete layer=4 in=106 out=197 slot=1925 host=0x7acb88abd400
APLAN_EXCHANGE generation=14 phase=cpu_committed copies=complete layer=34 in=116 out=174 slot=2405 host=0x7aca02b10800
APLAN_EXCHANGE generation=14 phase=cpu_committed copies=complete layer=10 in=238 out=188 slot=1325 host=0x7aca240a8800
APLAN_EXCHANGE generation=14 phase=cpu_committed copies=complete layer=36 in=274 out=205 slot=9836 host=0x7acad1506000
APLAN_EXCHANGE generation=14 phase=cpu_committed copies=complete layer=35 in=103 out=130 slot=977 host=0x7acb79b87c00
APLAN_EXCHANGE generation=14 phase=cpu_committed copies=complete layer=14 in=473 out=93 slot=8337 host=0x7ac9ea9b0400
APLAN_EXCHANGE generation=14 phase=cpu_committed copies=complete layer=35 in=509 out=141 slot=9833 host=0x7ac9cd2f6000
APLAN_EXCHANGE generation=14 phase=cpu_committed copies=complete layer=10 in=28 out=114 slot=5642 host=0x7ac9e5f91400
APLAN_EXCHANGE generation=14 phase=cpu_committed copies=complete layer=26 in=325 out=123 slot=8497 host=0x7acb376d0000
APLAN_EXCHANGE generation=14 phase=cpu_committed copies=complete layer=8 in=422 out=145 slot=2415 host=0x7acb67b9d800
APLAN_MIRROR generation=14 phase=mirror_uploaded entries=24576
APLAN_RESIDENCY upload=14 generation=14 adapt_every=4 adapt_swaps=96 holes=0 first_layer=-1 first_expert=-1 hash=3568865959
strata decode timing: 2 windows, avg T 2.50, 1.50 tokens/window, 209.25 ms/window = verify 166.32 (GPU-reach wait 137.13 + per-layer host 23.38 [plan 0.14 actq 0.33 jobs 0.39 CPU 22.46] + stage 0.35) + commit/emit 1.65 + draft 40.95; per layer-window: CPU experts 6.41 (7.95 entries), VRAM hits 15.32, PCIe 1.59
strata serve: prompt 26 tokens = 0 reused + 26 read in 1264 ms (20.6 tok/s), 3 generated in 419 ms (7.2 tok/s), drafts accepted 3 of 3, 1 checkpoints
strata serve: decode expert cache hit rate: 65.8% (1471 hits / 2234 lookups); 166 more read by the GPU over PCIe or from another GPU (6.9% of all 2400 routed)
strata serve: KV streaming: 93.75% of 1536 block reads hit VRAM, 0.4 MiB read from RAM
